Order Date,Product Name,Category,Region,Quantity,Sales,Profit,Month,Year,Price_per_unit,Profit_margin,Profit_per_unit
2024-12-31,Printer,Office,North,4,3640,348.93,12,2024,910.0,0.09585989010989011,87.2325
2022-11-27,Mouse,Accessories,East,7,1197,106.53,11,2022,171.0,0.08899749373433584,15.218571428571428
2022-05-11,Tablet,Electronics,South,5,5865,502.73,5,2022,1173.0,0.08571696504688832,100.546
2024-03-16,Mouse,Accessories,South,2,786,202.87,3,2024,393.0,0.25810432569974556,101.435
2022-09-10,Mouse,Accessories,West,1,509,103.28,9,2022,509.0,0.20290766208251473,103.28
2023-12-01,Camera,Electronics,West,1,524,106.35,12,2023,524.0,0.20295801526717555,106.35
2023-10-09,Headphones,Accessories,North,7,6167,1027.98,10,2023,881.0,0.16669044916491002,146.8542857142857
2022-01-14,Camera,Electronics,South,7,3059,873.5,1,2022,437.0,0.2855508336057535,124.78571428571429
2022-04-02,Smartwatch,Electronics,East,9,5526,595.28,4,2022,614.0,0.10772348896127397,66.14222222222222
2024-10-22,Printer,Office,South,8,672,186.37,10,2024,84.0,0.27733630952380955,23.29625
2023-12-04,Monitor,Accessories,South,6,7074,1357.68,12,2023,1179.0,0.1919253604749788,226.28
2022-09-27,Smartwatch,Electronics,East,2,502,137.4,9,2022,251.0,0.2737051792828685,68.7
2023-12-21,Tablet,Electronics,North,7,7462,2166.17,12,2023,1066.0,0.2902934870008041,309.45285714285717
2024-02-03,Smartphone,Electronics,West,5,4205,585.29,2,2024,841.0,0.13918906064209274,117.05799999999999
2023-10-10,Camera,Electronics,West,1,570,138.54,10,2023,570.0,0.24305263157894735,138.54
2022-10-16,Headphones,Accessories,East,1,441,102.42,10,2022,441.0,0.23224489795918368,102.42
2022-05-15,Mouse,Accessories,North,7,7469,589.81,5,2022,1067.0,0.0789677332976302,84.25857142857141
2023-02-11,Tablet,Electronics,South,2,2212,145.75,2,2023,1106.0,0.06589059674502712,72.875
2023-12-27,Tablet,Electronics,East,5,740,146.39,12,2023,148.0,0.1978243243243243,29.278
2023-10-05,Headphones,Accessories,North,1,662,193.92,10,2023,662.0,0.29293051359516614,193.92
2024-03-05,Mouse,Accessories,North,7,5712,651.27,3,2024,816.0,0.11401785714285714,93.03857142857143
2023-07-18,Smartwatch,Electronics,North,3,2739,572.73,7,2023,913.0,0.20910186199342826,190.91
2023-06-25,Keyboard,Accessories,West,5,1400,213.63,6,2023,280.0,0.15259285714285714,42.726
2023-11-13,Printer,Office,North,3,3477,939.2,11,2023,1159.0,0.2701179177451826,313.06666666666666
2022-07-09,Camera,Electronics,North,5,3475,570.36,7,2022,695.0,0.16413237410071943,114.072
2023-12-11,Laptop,Electronics,West,9,6138,1562.14,12,2023,682.0,0.25450309547083744,173.57111111111112
2023-03-18,Camera,Electronics,West,5,3665,406.93,3,2023,733.0,0.11103137789904502,81.386
2024-08-09,Printer,Office,North,2,2372,206.42,8,2024,1186.0,0.08702360876897133,103.21
2024-05-04,Laptop,Electronics,North,2,1382,211.11,5,2024,691.0,0.15275687409551375,105.555
2022-09-04,Laptop,Electronics,West,1,1126,194.08,9,2022,1126.0,0.17236234458259325,194.08
2022-10-21,Printer,Office,West,8,1376,152.1,10,2022,172.0,0.11053779069767442,19.0125
2024-01-22,Mouse,Accessories,West,4,988,147.91,1,2024,247.0,0.14970647773279352,36.9775
2023-04-09,Laptop,Electronics,North,9,10773,1907.36,4,2023,1197.0,0.17705003248862897,211.92888888888888
2023-02-07,Headphones,Accessories,South,4,3252,713.46,2,2023,813.0,0.21939114391143913,178.365
2023-05-04,Headphones,Accessories,North,3,2739,202.81,5,2023,913.0,0.07404527199707922,67.60333333333334
2023-04-18,Tablet,Electronics,South,7,2709,702.79,4,2023,387.0,0.2594278331487634,100.39857142857143
2022-12-12,Printer,Office,West,3,936,201.24,12,2022,312.0,0.215,67.08
2022-09-11,Camera,Electronics,West,4,3720,410.92,9,2022,930.0,0.11046236559139785,102.73
2024-03-26,Mouse,Accessories,West,5,5320,716.91,3,2024,1064.0,0.13475751879699246,143.382
2023-09-20,Headphones,Accessories,East,4,804,121.51,9,2023,201.0,0.1511318407960199,30.3775
2023-05-25,Laptop,Electronics,North,8,1224,246.77,5,2023,153.0,0.201609477124183,30.84625
2022-12-04,Headphones,Accessories,South,9,8667,781.78,12,2022,963.0,0.09020191531094958,86.86444444444444
2022-06-10,Monitor,Accessories,West,3,3018,320.11,6,2022,1006.0,0.10606693174287608,106.70333333333333
2023-02-05,Laptop,Electronics,West,5,4325,1023.39,2,2023,865.0,0.23662196531791907,204.678
2024-01-20,Laptop,Electronics,South,3,1557,181.08,1,2024,519.0,0.11630057803468209,60.36000000000001
2022-01-27,Monitor,Accessories,South,6,3672,1002.5,1,2022,612.0,0.2730119825708061,167.08333333333334
2023-03-29,Mouse,Accessories,West,1,333,72.34,3,2023,333.0,0.21723723723723726,72.34
2022-01-17,Headphones,Accessories,West,4,2384,577.26,1,2022,596.0,0.24213926174496644,144.315
2024-11-26,Mouse,Accessories,West,6,888,210.39,11,2024,148.0,0.23692567567567566,35.065
2024-09-19,Laptop,Electronics,West,5,3280,954.17,9,2024,656.0,0.290905487804878,190.834
2023-07-20,Mouse,Accessories,South,7,1239,177.39,7,2023,177.0,0.14317191283292977,25.34142857142857
2024-05-03,Headphones,Accessories,East,8,5880,436.85,5,2024,735.0,0.07429421768707484,54.60625
2022-09-03,Smartphone,Electronics,West,2,1668,437.3,9,2022,834.0,0.26217026378896885,218.65
2024-07-09,Printer,Office,West,7,4109,1037.64,7,2024,587.0,0.25252859576539305,148.23428571428573
2022-11-17,Smartwatch,Electronics,West,7,595,148.5,11,2022,85.0,0.2495798319327731,21.214285714285715
2023-12-28,Headphones,Accessories,East,7,8155,1587.91,12,2023,1165.0,0.1947161250766401,226.84428571428572
2022-05-30,Monitor,Accessories,South,3,1872,553.1,5,2022,624.0,0.2954594017094017,184.36666666666667
2024-04-17,Smartwatch,Electronics,East,6,2124,126.03,4,2024,354.0,0.0593361581920904,21.005
2024-09-30,Monitor,Accessories,West,5,5210,1338.8,9,2024,1042.0,0.25696737044145873,267.76
2024-06-02,Mouse,Accessories,South,7,5761,362.48,6,2024,823.0,0.0629196320083319,51.78285714285715
2022-09-26,Headphones,Accessories,South,7,6895,1596.35,9,2022,985.0,0.23152284263959388,228.04999999999998
2024-12-17,Smartwatch,Electronics,East,3,2118,317.08,12,2024,706.0,0.14970727101038714,105.69333333333333
2024-10-09,Smartwatch,Electronics,North,5,830,58.28,10,2024,166.0,0.07021686746987951,11.656
2023-07-14,Smartwatch,Electronics,North,1,851,93.56,7,2023,851.0,0.10994124559341951,93.56
2023-12-05,Tablet,Electronics,East,5,4730,1365.63,12,2023,946.0,0.28871670190274845,273.12600000000003
2022-06-03,Mouse,Accessories,West,6,5460,845.75,6,2022,910.0,0.1548992673992674,140.95833333333334
2024-12-28,Headphones,Accessories,East,5,5795,310.6,12,2024,1159.0,0.053597929249352895,62.120000000000005
2022-08-06,Laptop,Electronics,South,4,2008,338.44,8,2022,502.0,0.16854581673306773,84.61
2023-06-06,Mouse,Accessories,South,7,2842,425.24,6,2023,406.0,0.14962702322308233,60.74857142857143
2024-02-01,Mouse,Accessories,East,4,3404,392.22,2,2024,851.0,0.11522326674500588,98.055
2023-05-31,Smartwatch,Electronics,West,1,1065,228.63,5,2023,1065.0,0.21467605633802817,228.63
2024-06-14,Tablet,Electronics,West,7,2149,121.69,6,2024,307.0,0.05662633783154956,17.384285714285713
2024-08-14,Keyboard,Accessories,East,8,5912,1143.04,8,2024,739.0,0.1933423545331529,142.88
2023-02-01,Mouse,Accessories,West,3,3348,331.28,2,2023,1116.0,0.09894862604540024,110.42666666666666
2024-04-28,Smartphone,Electronics,South,3,2409,531.79,4,2024,803.0,0.22075134910751348,177.26333333333332
2024-04-05,Tablet,Electronics,North,2,328,39.51,4,2024,164.0,0.12045731707317073,19.755
2024-01-31,Smartphone,Electronics,West,8,6224,1561.42,1,2024,778.0,0.25087082262210797,195.1775
2024-01-09,Smartwatch,Electronics,North,5,2530,486.09,1,2024,506.0,0.1921304347826087,97.21799999999999
2022-04-06,Headphones,Accessories,West,4,4108,462.17,4,2022,1027.0,0.11250486854917235,115.5425
2024-05-22,Printer,Office,South,5,1640,391.36,5,2024,328.0,0.23863414634146343,78.272
2023-12-30,Laptop,Electronics,South,1,111,19.33,12,2023,111.0,0.17414414414414414,19.33
2022-03-17,Headphones,Accessories,North,1,445,128.89,3,2022,445.0,0.2896404494382022,128.89
2022-05-24,Printer,Office,North,4,3600,623.72,5,2022,900.0,0.17325555555555555,155.93
2024-06-09,Mouse,Accessories,North,3,1335,176.44,6,2024,445.0,0.13216479400749062,58.81333333333333
2024-12-01,Keyboard,Accessories,South,5,3090,242.15,12,2024,618.0,0.07836569579288026,48.43
2023-10-20,Printer,Office,East,5,3910,538.52,10,2023,782.0,0.13772890025575446,107.704
2024-03-05,Camera,Electronics,South,1,219,32.67,3,2024,219.0,0.14917808219178083,32.67
2022-12-05,Smartphone,Electronics,West,5,390,27.77,12,2022,78.0,0.0712051282051282,5.554
2022-08-05,Laptop,Electronics,North,6,3294,359.61,8,2022,549.0,0.1091712204007286,59.935
2023-03-21,Keyboard,Accessories,West,4,4572,1038.05,3,2023,1143.0,0.2270450568678915,259.5125
2022-02-08,Monitor,Accessories,South,7,980,109.94,2,2022,140.0,0.11218367346938775,15.705714285714285
2023-04-01,Headphones,Accessories,North,2,2262,532.12,4,2023,1131.0,0.23524314765694077,266.06
2022-12-14,Camera,Electronics,South,7,7518,1655.91,12,2022,1074.0,0.22025937749401436,236.55857142857144
2022-05-14,Camera,Electronics,South,1,873,158.97,5,2022,873.0,0.18209621993127148,158.97
2022-02-16,Mouse,Accessories,North,6,1512,423.03,2,2022,252.0,0.279781746031746,70.505
2024-08-28,Laptop,Electronics,West,1,705,165.16,8,2024,705.0,0.2342695035460993,165.16
2023-10-30,Smartwatch,Electronics,North,8,3256,533.7,10,2023,407.0,0.16391277641277643,66.7125
2023-06-24,Tablet,Electronics,West,4,556,81.77,6,2023,139.0,0.147068345323741,20.4425
2023-05-17,Mouse,Accessories,East,9,7101,2105.82,5,2023,789.0,0.29655259822560204,233.98000000000002
2023-04-06,Laptop,Electronics,West,9,8802,1344.96,4,2023,978.0,0.15280163599182003,149.44
2023-03-26,Headphones,Accessories,South,6,5592,1294.16,3,2023,932.0,0.23143061516452076,215.69333333333336
2024-10-12,Tablet,Electronics,North,2,1852,168.92,10,2024,926.0,0.09120950323974081,84.46
2022-06-26,Monitor,Accessories,East,1,195,57.88,6,2022,195.0,0.29682051282051286,57.88
2022-04-15,Mouse,Accessories,East,9,7884,2054.02,4,2022,876.0,0.26053018772196856,228.22444444444443
2023-12-10,Laptop,Electronics,East,5,4360,1160.55,12,2023,872.0,0.26618119266055046,232.10999999999999
2024-09-23,Mouse,Accessories,North,6,4920,929.18,9,2024,820.0,0.18885772357723576,154.86333333333332
2022-01-01,Mouse,Accessories,East,3,3474,565.0,1,2022,1158.0,0.16263672999424295,188.33333333333334
2022-02-03,Keyboard,Accessories,West,1,930,222.5,2,2022,930.0,0.239247311827957,222.5
2023-03-14,Tablet,Electronics,South,7,1421,248.02,3,2023,203.0,0.1745390570021112,35.431428571428576
2022-08-24,Headphones,Accessories,North,2,634,161.1,8,2022,317.0,0.25410094637223973,80.55
2024-07-07,Camera,Electronics,East,1,673,114.42,7,2024,673.0,0.1700148588410104,114.42
2022-04-13,Mouse,Accessories,South,5,3135,787.7,4,2022,627.0,0.2512599681020734,157.54000000000002
2024-05-08,Smartphone,Electronics,East,6,882,184.48,5,2024,147.0,0.2091609977324263,30.746666666666666
2024-09-10,Smartphone,Electronics,East,4,1192,212.77,9,2024,298.0,0.17849832214765102,53.1925
2024-06-18,Printer,Office,South,3,390,112.08,6,2024,130.0,0.2873846153846154,37.36
2024-09-10,Tablet,Electronics,North,1,834,95.54,9,2024,834.0,0.11455635491606715,95.54
2022-05-06,Smartphone,Electronics,East,6,612,83.75,5,2022,102.0,0.13684640522875818,13.958333333333334
2024-06-18,Headphones,Accessories,West,9,8073,710.23,6,2024,897.0,0.0879759692803171,78.91444444444444
2023-10-29,Keyboard,Accessories,North,8,2640,723.88,10,2023,330.0,0.2741969696969697,90.485
2023-11-13,Smartphone,Electronics,North,3,3234,440.7,11,2023,1078.0,0.1362708719851577,146.9
2022-08-21,Monitor,Accessories,West,5,4435,355.51,8,2022,887.0,0.08016009019165726,71.102
2024-03-04,Smartwatch,Electronics,North,2,2302,305.07,3,2024,1151.0,0.1325238922675934,152.535
2022-04-17,Camera,Electronics,East,6,1728,307.44,4,2022,288.0,0.17791666666666667,51.24
2023-12-20,Laptop,Electronics,East,4,228,54.05,12,2023,57.0,0.23706140350877192,13.5125
2022-03-19,Tablet,Electronics,West,6,3450,705.74,3,2022,575.0,0.2045623188405797,117.62333333333333
2024-07-07,Smartphone,Electronics,South,8,7456,1702.48,7,2024,932.0,0.22833690987124464,212.81
2023-04-30,Smartphone,Electronics,West,6,4728,705.85,4,2023,788.0,0.14929145516074452,117.64166666666667
2024-03-22,Smartwatch,Electronics,North,7,945,124.62,3,2024,135.0,0.13187301587301586,17.802857142857142
2022-03-08,Laptop,Electronics,North,4,296,65.05,3,2022,74.0,0.2197635135135135,16.2625
2023-09-15,Smartphone,Electronics,West,4,640,149.89,9,2023,160.0,0.23420312499999998,37.4725
2023-03-01,Tablet,Electronics,North,1,797,65.27,3,2023,797.0,0.08189460476787955,65.27
2023-10-24,Monitor,Accessories,North,4,1456,431.89,10,2023,364.0,0.29662774725274726,107.9725
2024-04-22,Monitor,Accessories,South,6,4038,364.11,4,2024,673.0,0.09017087667161962,60.685
2023-06-27,Tablet,Electronics,West,7,5656,355.81,6,2023,808.0,0.06290841584158416,50.83
2023-04-13,Mouse,Accessories,West,4,3876,302.37,4,2023,969.0,0.07801083591331269,75.5925
2023-05-19,Keyboard,Accessories,South,6,1002,114.7,5,2023,167.0,0.11447105788423154,19.116666666666667
2024-11-15,Headphones,Accessories,East,9,2187,413.76,11,2024,243.0,0.1891906721536351,45.97333333333333
2023-12-25,Mouse,Accessories,North,6,7146,1627.42,12,2023,1191.0,0.22773859501819202,271.2366666666667
2022-03-31,Keyboard,Accessories,South,1,189,14.88,3,2022,189.0,0.07873015873015873,14.88
2024-04-24,Monitor,Accessories,East,5,940,266.02,4,2024,188.0,0.283,53.20399999999999
2022-01-10,Headphones,Accessories,North,1,951,127.58,1,2022,951.0,0.1341535226077813,127.58
2022-11-17,Printer,Office,East,2,124,27.42,11,2022,62.0,0.22112903225806452,13.71
2024-06-29,Mouse,Accessories,West,9,7506,594.28,6,2024,834.0,0.07917399413802291,66.0311111111111
2022-11-14,Monitor,Accessories,West,7,8176,2308.76,11,2022,1168.0,0.28238258317025444,329.8228571428572
2023-08-11,Smartphone,Electronics,East,5,2125,632.68,8,2023,425.0,0.2977317647058823,126.53599999999999
2024-05-22,Headphones,Accessories,North,1,967,59.98,5,2024,967.0,0.06202688728024819,59.98
2022-03-19,Headphones,Accessories,South,5,270,29.41,3,2022,54.0,0.10892592592592593,5.882
2022-10-23,Keyboard,Accessories,West,9,10035,1486.3,10,2022,1115.0,0.14811160936721474,165.14444444444445
2023-02-26,Printer,Office,North,8,6792,1125.23,2,2023,849.0,0.16566990577149587,140.65375
2024-10-03,Printer,Office,East,1,714,99.13,10,2024,714.0,0.1388375350140056,99.13
2022-07-17,Smartphone,Electronics,South,5,765,157.64,7,2022,153.0,0.20606535947712418,31.528
2024-11-04,Headphones,Accessories,East,7,4221,358.02,11,2024,603.0,0.08481876332622601,51.145714285714284
2023-02-24,Laptop,Electronics,North,4,2108,576.48,2,2023,527.0,0.273472485768501,144.12
2024-08-08,Monitor,Accessories,North,9,10530,2387.63,8,2024,1170.0,0.22674548907882242,265.2922222222222
2024-05-14,Keyboard,Accessories,South,6,3396,914.17,5,2024,566.0,0.2691902237926973,152.36166666666665
2022-01-15,Monitor,Accessories,North,4,1060,213.05,1,2022,265.0,0.20099056603773585,53.2625
2022-05-10,Tablet,Electronics,East,5,480,73.07,5,2022,96.0,0.15222916666666667,14.613999999999999
2022-03-10,Headphones,Accessories,West,3,2529,285.65,3,2022,843.0,0.11294978252273626,95.21666666666665
2022-01-23,Smartwatch,Electronics,East,8,4792,511.97,1,2022,599.0,0.10683848080133557,63.99625
2024-09-19,Smartwatch,Electronics,East,8,8056,605.8,9,2024,1007.0,0.07519860973187685,75.725
2024-06-06,Tablet,Electronics,North,4,4228,947.76,6,2024,1057.0,0.22416272469252602,236.94
2024-10-10,Tablet,Electronics,East,1,653,93.78,10,2024,653.0,0.14361408882082696,93.78
2024-03-24,Tablet,Electronics,North,9,7452,1212.51,3,2024,828.0,0.16270933977455718,134.72333333333333
2023-07-21,Mouse,Accessories,East,4,4128,1156.71,7,2023,1032.0,0.2802107558139535,289.1775
2022-07-21,Tablet,Electronics,West,5,5090,1201.56,7,2022,1018.0,0.23606286836935167,240.31199999999998
2022-09-01,Camera,Electronics,North,5,4930,387.33,9,2022,986.0,0.0785659229208925,77.466
2023-04-20,Smartwatch,Electronics,South,6,2610,434.37,4,2023,435.0,0.16642528735632184,72.395
2023-12-11,Laptop,Electronics,North,3,2139,415.84,12,2023,713.0,0.19440860215053762,138.61333333333332
2024-09-29,Tablet,Electronics,South,1,226,55.4,9,2024,226.0,0.24513274336283186,55.4
2023-11-20,Smartwatch,Electronics,West,2,2244,212.08,11,2023,1122.0,0.09450980392156863,106.04
2023-07-15,Monitor,Accessories,East,6,3150,578.87,7,2023,525.0,0.18376825396825397,96.47833333333334
2023-12-24,Laptop,Electronics,South,7,3388,347.19,12,2023,484.0,0.10247638724911452,49.598571428571425
2023-08-13,Laptop,Electronics,East,8,8736,580.31,8,2023,1092.0,0.06642742673992673,72.53875
2022-04-24,Smartphone,Electronics,South,2,1102,176.53,4,2022,551.0,0.16019056261343012,88.265
2024-07-13,Monitor,Accessories,East,3,2640,199.97,7,2024,880.0,0.07574621212121212,66.65666666666667
2022-06-11,Printer,Office,West,3,2547,300.74,6,2022,849.0,0.11807616804083236,100.24666666666667
2024-10-28,Laptop,Electronics,North,7,728,64.82,10,2024,104.0,0.08903846153846152,9.26
2022-11-24,Camera,Electronics,South,7,3444,607.44,11,2022,492.0,0.17637630662020906,86.77714285714286
2024-10-03,Camera,Electronics,West,5,3140,853.66,10,2024,628.0,0.2718662420382166,170.732
2024-03-24,Smartphone,Electronics,East,3,435,129.27,3,2024,145.0,0.2971724137931035,43.09
2024-06-28,Keyboard,Accessories,East,4,856,72.99,6,2024,214.0,0.08526869158878504,18.2475
2022-05-31,Printer,Office,North,2,112,23.33,5,2022,56.0,0.20830357142857142,11.665
2024-03-25,Headphones,Accessories,North,3,2247,507.79,3,2024,749.0,0.22598575878949712,169.26333333333335
2023-01-31,Keyboard,Accessories,West,2,1512,298.73,1,2023,756.0,0.19757275132275134,149.365
2024-06-23,Mouse,Accessories,South,5,4915,1196.6,6,2024,983.0,0.2434587995930824,239.32
2023-08-16,Mouse,Accessories,South,3,2709,663.54,8,2023,903.0,0.2449390919158361,221.17999999999998
2023-06-10,Tablet,Electronics,North,7,1239,118.36,6,2023,177.0,0.09552865213882163,16.908571428571427
2023-05-09,Tablet,Electronics,West,2,572,86.16,5,2023,286.0,0.15062937062937062,43.08
2022-05-08,Smartwatch,Electronics,North,2,1708,93.25,5,2022,854.0,0.054596018735362996,46.625
2024-11-06,Smartwatch,Electronics,North,4,360,42.66,11,2024,90.0,0.1185,10.665
2022-12-08,Camera,Electronics,North,6,3822,388.34,12,2022,637.0,0.10160648874934589,64.72333333333333
2022-09-25,Camera,Electronics,North,6,4680,932.97,9,2022,780.0,0.1993525641025641,155.495
2024-07-10,Camera,Electronics,North,5,2520,487.18,7,2024,504.0,0.19332539682539682,97.436
2024-03-29,Smartwatch,Electronics,North,2,2138,619.29,3,2024,1069.0,0.28965855940130963,309.645
2022-01-11,Keyboard,Accessories,West,3,2529,169.6,1,2022,843.0,0.06706207987346777,56.53333333333333
2022-04-08,Keyboard,Accessories,East,1,236,29.33,4,2022,236.0,0.12427966101694915,29.33
2024-01-21,Tablet,Electronics,West,6,2730,636.48,1,2024,455.0,0.23314285714285715,106.08
2023-04-27,Headphones,Accessories,North,3,3021,872.49,4,2023,1007.0,0.2888083416087388,290.83
2024-11-06,Smartwatch,Electronics,North,2,244,16.78,11,2024,122.0,0.0687704918032787,8.39
2022-05-11,Camera,Electronics,South,8,728,120.06,5,2022,91.0,0.16491758241758242,15.0075
2022-10-02,Mouse,Accessories,North,3,453,89.49,10,2022,151.0,0.19754966887417216,29.83
2022-01-12,Laptop,Electronics,South,1,379,84.38,1,2022,379.0,0.22263852242744062,84.38
2023-01-09,Tablet,Electronics,West,3,2130,510.69,1,2023,710.0,0.23976056338028168,170.23
2023-05-04,Monitor,Accessories,North,8,4120,710.11,5,2023,515.0,0.17235679611650487,88.76375
2024-09-07,Smartwatch,Electronics,South,7,3150,299.7,9,2024,450.0,0.09514285714285714,42.81428571428571
2022-05-17,Smartwatch,Electronics,East,7,2688,603.07,5,2022,384.0,0.22435639880952382,86.15285714285714
2023-08-17,Tablet,Electronics,East,2,1752,501.19,8,2023,876.0,0.28606735159817354,250.595
2023-09-07,Keyboard,Accessories,North,7,7308,948.4,9,2023,1044.0,0.12977558839627804,135.4857142857143
2022-05-11,Tablet,Electronics,North,3,2007,160.84,5,2022,669.0,0.08013951170901844,53.61333333333334
2023-05-12,Tablet,Electronics,West,7,7224,479.23,5,2023,1032.0,0.06633859357696567,68.46142857142857
2023-05-08,Monitor,Accessories,South,9,6939,1249.31,5,2023,771.0,0.18004179276552817,138.8122222222222
2023-02-18,Smartphone,Electronics,East,7,5516,1475.67,2,2023,788.0,0.2675253807106599,210.81
2022-01-29,Printer,Office,South,2,2224,116.47,1,2022,1112.0,0.05236960431654676,58.235
2023-01-12,Laptop,Electronics,South,5,3985,824.4,1,2023,797.0,0.20687578419071517,164.88
2022-01-03,Camera,Electronics,North,7,2723,638.26,1,2022,389.0,0.23439588688946014,91.17999999999999
2022-10-20,Tablet,Electronics,North,2,746,170.75,10,2022,373.0,0.22888739946380698,85.375
2024-08-21,Laptop,Electronics,West,5,3170,245.25,8,2024,634.0,0.07736593059936908,49.05
2023-12-11,Smartwatch,Electronics,East,5,550,63.11,12,2023,110.0,0.11474545454545454,12.622
2022-08-14,Tablet,Electronics,North,8,480,132.45,8,2022,60.0,0.2759375,16.55625
2024-06-03,Printer,Office,East,4,3284,354.4,6,2024,821.0,0.1079171741778319,88.6
2024-01-23,Smartwatch,Electronics,South,2,1748,183.75,1,2024,874.0,0.10512013729977117,91.875
2023-11-20,Headphones,Accessories,North,8,824,240.84,11,2023,103.0,0.2922815533980583,30.105
2022-03-03,Headphones,Accessories,North,4,1872,448.46,3,2022,468.0,0.2395619658119658,112.115
2024-02-20,Tablet,Electronics,West,3,627,103.98,2,2024,209.0,0.16583732057416267,34.660000000000004
2024-08-09,Camera,Electronics,East,9,5661,1104.02,8,2024,629.0,0.19502208090443385,122.66888888888889
2022-06-19,Camera,Electronics,North,3,2910,765.47,6,2022,970.0,0.26304810996563577,255.15666666666667
2024-09-01,Tablet,Electronics,South,9,9036,1087.46,9,2024,1004.0,0.12034749889331563,120.8288888888889
2024-08-30,Tablet,Electronics,West,5,4815,338.31,8,2024,963.0,0.07026168224299066,67.662
2022-08-12,Mouse,Accessories,South,1,1187,206.28,8,2022,1187.0,0.1737826453243471,206.28
2022-08-04,Headphones,Accessories,East,3,3339,732.92,8,2022,1113.0,0.21950284516322252,244.30666666666664
2024-02-20,Tablet,Electronics,East,1,620,165.43,2,2024,620.0,0.2668225806451613,165.43
2023-02-26,Camera,Electronics,West,5,2025,414.42,2,2023,405.0,0.20465185185185186,82.884
2024-11-20,Printer,Office,East,5,3030,811.92,11,2024,606.0,0.2679603960396039,162.384
2023-08-12,Smartwatch,Electronics,North,5,655,166.69,8,2023,131.0,0.2544885496183206,33.338
2022-01-17,Printer,Office,West,2,2238,294.54,1,2022,1119.0,0.13160857908847187,147.27
2023-04-12,Smartphone,Electronics,South,8,3312,811.31,4,2023,414.0,0.2449607487922705,101.41375
2023-07-26,Printer,Office,East,9,9387,1271.64,7,2023,1043.0,0.13546820070310003,141.29333333333335
2024-01-01,Mouse,Accessories,West,6,5790,1285.21,1,2024,965.0,0.2219706390328152,214.20166666666668
2023-12-06,Laptop,Electronics,South,6,2700,527.97,12,2023,450.0,0.19554444444444447,87.995
2023-12-05,Smartwatch,Electronics,East,8,2072,555.06,12,2023,259.0,0.26788610038610033,69.3825
2024-10-27,Keyboard,Accessories,North,3,2991,716.54,10,2024,997.0,0.23956536275493145,238.84666666666666
2024-08-04,Laptop,Electronics,East,6,5568,958.59,8,2024,928.0,0.1721605603448276,159.76500000000001
2023-02-01,Smartwatch,Electronics,North,7,5509,1648.74,2,2023,787.0,0.29928117625703393,235.53428571428572
2024-06-02,Printer,Office,West,7,5922,1323.1,6,2024,846.0,0.22342114150624787,189.0142857142857
2024-04-28,Smartphone,Electronics,South,4,4380,362.81,4,2024,1095.0,0.08283333333333333,90.7025
2022-03-25,Tablet,Electronics,South,5,1760,272.68,3,2022,352.0,0.1549318181818182,54.536
2024-10-05,Headphones,Accessories,North,9,5571,1523.81,10,2024,619.0,0.2735253993896966,169.3122222222222
2024-12-19,Tablet,Electronics,South,2,1082,182.1,12,2024,541.0,0.16829944547134934,91.05
2022-07-18,Camera,Electronics,East,1,569,138.11,7,2022,569.0,0.24272407732864676,138.11
2023-06-11,Mouse,Accessories,North,8,3416,697.42,6,2023,427.0,0.20416276346604215,87.1775
2024-10-13,Printer,Office,West,1,570,57.07,10,2024,570.0,0.10012280701754386,57.07
2023-08-07,Monitor,Accessories,East,6,3300,386.92,8,2023,550.0,0.11724848484848485,64.48666666666666
2022-12-04,Laptop,Electronics,South,8,2584,568.77,12,2022,323.0,0.22011222910216718,71.09625
2024-02-18,Monitor,Accessories,South,9,7650,2204.44,2,2024,850.0,0.288162091503268,244.9377777777778
2024-12-05,Headphones,Accessories,West,8,3600,272.51,12,2024,450.0,0.07569722222222222,34.06375
2023-12-15,Monitor,Accessories,West,6,846,190.87,12,2023,141.0,0.2256146572104019,31.811666666666667
2023-08-12,Smartphone,Electronics,West,1,51,9.36,8,2023,51.0,0.18352941176470586,9.36
2024-05-20,Smartwatch,Electronics,South,6,7056,586.91,5,2024,1176.0,0.08317885487528344,97.81833333333333
2024-06-05,Smartwatch,Electronics,West,2,384,38.41,6,2024,192.0,0.10002604166666666,19.205
2022-01-09,Laptop,Electronics,South,8,2928,663.54,1,2022,366.0,0.2266188524590164,82.9425
2023-12-17,Camera,Electronics,West,7,1904,352.86,12,2023,272.0,0.18532563025210086,50.40857142857143
2022-09-08,Tablet,Electronics,East,2,2314,312.07,9,2022,1157.0,0.13486171132238547,156.035
2022-01-22,Printer,Office,South,4,1028,192.13,1,2022,257.0,0.18689688715953306,48.0325
2024-09-04,Headphones,Accessories,South,9,8307,1326.23,9,2024,923.0,0.15965210063801613,147.35888888888888
2024-01-20,Printer,Office,West,9,1539,203.54,1,2024,171.0,0.13225471085120208,22.615555555555556
2022-11-03,Tablet,Electronics,West,7,2506,537.98,11,2022,358.0,0.21467677573822827,76.85428571428572
2023-07-03,Smartphone,Electronics,West,6,5778,1232.54,7,2023,963.0,0.2133160263066805,205.42333333333332
2024-01-25,Tablet,Electronics,East,9,10188,2165.78,1,2024,1132.0,0.21258146839418926,240.64222222222224
2024-05-11,Monitor,Accessories,North,1,952,157.7,5,2024,952.0,0.16565126050420168,157.7
2024-01-02,Smartwatch,Electronics,West,8,3624,750.86,1,2024,453.0,0.20719094922737308,93.8575
2023-02-24,Keyboard,Accessories,South,8,7968,1551.12,2,2023,996.0,0.19466867469879517,193.89
2024-07-20,Mouse,Accessories,South,2,1254,250.09,7,2024,627.0,0.19943381180223285,125.045
2023-06-14,Printer,Office,West,3,705,196.05,6,2023,235.0,0.27808510638297873,65.35000000000001
2022-04-10,Mouse,Accessories,West,1,916,223.5,4,2022,916.0,0.24399563318777293,223.5
2024-10-01,Printer,Office,North,2,848,129.96,10,2024,424.0,0.15325471698113208,64.98
2022-05-10,Monitor,Accessories,East,8,2240,313.17,5,2022,280.0,0.1398080357142857,39.14625
2022-01-28,Monitor,Accessories,South,1,940,120.35,1,2022,940.0,0.128031914893617,120.35
2023-04-05,Headphones,Accessories,West,5,1550,203.51,4,2023,310.0,0.13129677419354838,40.702
2023-09-22,Keyboard,Accessories,South,7,2352,256.4,9,2023,336.0,0.10901360544217686,36.628571428571426
2024-08-29,Smartwatch,Electronics,North,9,1638,183.75,8,2024,182.0,0.11217948717948718,20.416666666666668
2023-11-18,Camera,Electronics,North,6,7164,1442.72,11,2023,1194.0,0.20138470128419877,240.45333333333335
2023-09-12,Mouse,Accessories,East,1,205,54.54,9,2023,205.0,0.2660487804878049,54.54
2023-05-26,Keyboard,Accessories,North,2,766,49.23,5,2023,383.0,0.06426892950391644,24.615
2023-04-30,Keyboard,Accessories,North,1,168,17.84,4,2023,168.0,0.1061904761904762,17.84
2024-11-01,Mouse,Accessories,South,1,1058,207.55,11,2024,1058.0,0.19617202268431003,207.55
2022-05-06,Keyboard,Accessories,South,5,1455,423.81,5,2022,291.0,0.2912783505154639,84.762
2023-05-10,Camera,Electronics,East,2,2224,364.04,5,2023,1112.0,0.16368705035971223,182.02
2022-11-04,Smartphone,Electronics,West,7,1400,80.49,11,2022,200.0,0.05749285714285714,11.498571428571427
2022-05-09,Smartphone,Electronics,East,7,7567,2213.18,5,2022,1081.0,0.2924778644112594,316.1685714285714
2022-11-07,Tablet,Electronics,East,6,3396,987.68,11,2022,566.0,0.2908362779740871,164.61333333333332
2023-08-11,Smartwatch,Electronics,East,2,704,135.63,8,2023,352.0,0.19265625,67.815
2024-10-21,Tablet,Electronics,East,9,7767,2172.19,10,2024,863.0,0.27966911291360885,241.35444444444445
2024-10-06,Mouse,Accessories,West,5,2050,157.13,10,2024,410.0,0.07664878048780488,31.426
2023-08-08,Monitor,Accessories,North,9,10458,2799.48,8,2023,1162.0,0.2676878944348824,311.05333333333334
2022-01-19,Camera,Electronics,South,4,4700,619.26,1,2022,1175.0,0.13175744680851065,154.815
2024-04-30,Smartphone,Electronics,North,2,892,222.51,4,2024,446.0,0.2494506726457399,111.255
2023-12-26,Laptop,Electronics,East,8,6968,1479.09,12,2023,871.0,0.21226894374282432,184.88625
2024-04-07,Laptop,Electronics,North,7,1344,300.88,4,2024,192.0,0.2238690476190476,42.98285714285714
2022-10-18,Camera,Electronics,West,1,354,65.99,10,2022,354.0,0.18641242937853106,65.99
2024-04-21,Monitor,Accessories,South,3,3051,662.23,4,2024,1017.0,0.21705342510652245,220.74333333333334
2024-03-26,Camera,Electronics,South,3,402,106.87,3,2024,134.0,0.2658457711442786,35.623333333333335
2022-10-31,Monitor,Accessories,North,5,3570,517.82,10,2022,714.0,0.14504761904761906,103.56400000000001
2023-03-03,Keyboard,Accessories,North,7,3829,876.35,3,2023,547.0,0.22887176808566206,125.19285714285715
2023-02-03,Mouse,Accessories,North,7,4676,242.64,2,2023,668.0,0.05189050470487596,34.66285714285714
2023-04-15,Keyboard,Accessories,East,3,1119,317.36,4,2023,373.0,0.2836103663985702,105.78666666666668
2023-05-09,Smartphone,Electronics,East,4,4228,764.3,5,2023,1057.0,0.18077105014191105,191.075
2022-01-02,Headphones,Accessories,North,8,1240,251.2,1,2022,155.0,0.20258064516129032,31.4
2024-11-28,Keyboard,Accessories,North,9,3591,342.18,11,2024,399.0,0.09528822055137845,38.02
2022-02-05,Printer,Office,West,8,3952,451.08,2,2022,494.0,0.11413967611336032,56.385
2024-06-05,Keyboard,Accessories,South,6,3648,1050.08,6,2024,608.0,0.2878508771929824,175.01333333333332
2024-11-15,Monitor,Accessories,North,5,3875,768.74,11,2024,775.0,0.19838451612903227,153.748
2023-11-13,Smartwatch,Electronics,West,8,3416,478.9,11,2023,427.0,0.14019320843091335,59.8625
2022-02-19,Tablet,Electronics,West,1,908,222.58,2,2022,908.0,0.24513215859030837,222.58
2024-05-06,Headphones,Accessories,South,4,4532,987.32,5,2024,1133.0,0.21785525154457194,246.83
2023-08-04,Headphones,Accessories,East,4,4168,650.15,8,2023,1042.0,0.15598608445297504,162.5375
2023-09-23,Laptop,Electronics,North,3,3543,941.37,9,2023,1181.0,0.26569856054191365,313.79
2024-09-14,Laptop,Electronics,East,6,5124,1078.57,9,2024,854.0,0.21049375487900077,179.76166666666666
2023-03-17,Smartwatch,Electronics,South,9,5751,1196.23,3,2023,639.0,0.2080038254216658,132.91444444444446
2023-09-29,Camera,Electronics,East,2,624,139.64,9,2023,312.0,0.22378205128205125,69.82
2023-12-01,Camera,Electronics,South,1,508,151.29,12,2023,508.0,0.29781496062992124,151.29
2023-09-13,Headphones,Accessories,South,4,4700,914.6,9,2023,1175.0,0.19459574468085106,228.65
2022-03-14,Keyboard,Accessories,West,8,3216,639.78,3,2022,402.0,0.1989365671641791,79.9725
2023-07-15,Laptop,Electronics,West,6,2844,581.0,7,2023,474.0,0.20428973277074544,96.83333333333333
2022-05-29,Smartphone,Electronics,West,5,2385,258.6,5,2022,477.0,0.10842767295597486,51.720000000000006
2023-01-16,Monitor,Accessories,South,8,928,170.05,1,2023,116.0,0.18324353448275862,21.25625
2023-09-06,Headphones,Accessories,North,6,4656,673.35,9,2023,776.0,0.14461984536082476,112.22500000000001
2023-03-29,Headphones,Accessories,North,2,330,21.46,3,2023,165.0,0.06503030303030304,10.73
2023-11-01,Camera,Electronics,North,7,1799,274.11,11,2023,257.0,0.1523679822123402,39.15857142857143
2022-08-25,Printer,Office,East,1,1029,173.61,8,2022,1029.0,0.16871720116618077,173.61
2022-12-30,Headphones,Accessories,North,8,5432,1619.39,12,2022,679.0,0.29812039764359355,202.42375
2024-09-04,Camera,Electronics,West,5,5785,1191.11,9,2024,1157.0,0.2058962834917891,238.22199999999998
2024-01-08,Printer,Office,North,1,1062,272.42,1,2024,1062.0,0.2565160075329567,272.42
2022-12-27,Keyboard,Accessories,North,1,163,22.07,12,2022,163.0,0.13539877300613498,22.07
2024-04-14,Smartphone,Electronics,West,9,9162,1625.62,4,2024,1018.0,0.17743069198864875,180.62444444444444
2023-02-10,Printer,Office,East,4,1440,130.24,2,2023,360.0,0.09044444444444445,32.56
2023-07-15,Monitor,Accessories,South,5,1465,149.62,7,2023,293.0,0.1021296928327645,29.924
2024-10-27,Monitor,Accessories,West,2,366,31.23,10,2024,183.0,0.08532786885245902,15.615
2024-07-19,Camera,Electronics,South,5,3135,277.28,7,2024,627.0,0.08844657097288676,55.455999999999996
2024-03-03,Keyboard,Accessories,North,2,630,161.04,3,2024,315.0,0.2556190476190476,80.52
2024-04-12,Monitor,Accessories,South,1,213,42.94,4,2024,213.0,0.20159624413145538,42.94
2024-06-20,Monitor,Accessories,North,4,3792,1092.85,6,2024,948.0,0.28819883966244725,273.2125
2023-06-21,Mouse,Accessories,East,2,1932,109.07,6,2023,966.0,0.05645445134575569,54.535
2023-01-25,Keyboard,Accessories,West,4,4152,317.28,1,2023,1038.0,0.07641618497109826,79.32
2024-02-17,Smartphone,Electronics,North,7,3612,529.57,2,2024,516.0,0.14661406423034332,75.65285714285714
2024-09-09,Smartphone,Electronics,East,2,2258,280.76,9,2024,1129.0,0.12434012400354295,140.38
2022-07-09,Camera,Electronics,South,3,594,47.73,7,2022,198.0,0.08035353535353534,15.909999999999998
2023-09-01,Headphones,Accessories,West,7,8071,1799.06,9,2023,1153.0,0.2229042250030975,257.00857142857143
2024-03-30,Keyboard,Accessories,North,7,5838,631.45,3,2024,834.0,0.10816204179513533,90.20714285714287
2024-12-22,Keyboard,Accessories,North,4,692,181.31,12,2024,173.0,0.2620086705202312,45.3275
2024-09-08,Keyboard,Accessories,South,3,1704,309.06,9,2024,568.0,0.18137323943661973,103.02
2023-01-21,Printer,Office,South,5,3235,941.24,1,2023,647.0,0.2909551777434312,188.248
2023-10-12,Mouse,Accessories,East,6,4746,545.57,10,2023,791.0,0.11495364517488413,90.92833333333334
2022-08-01,Smartwatch,Electronics,South,8,7600,788.88,8,2022,950.0,0.1038,98.61
2023-11-03,Smartphone,Electronics,West,5,1935,128.01,11,2023,387.0,0.06615503875968992,25.601999999999997
2023-12-04,Laptop,Electronics,North,3,1638,306.29,12,2023,546.0,0.18699023199023201,102.09666666666668
2023-06-30,Keyboard,Accessories,West,7,4746,816.6,6,2023,678.0,0.1720606826801517,116.65714285714286
2023-02-01,Smartphone,Electronics,North,8,4824,1187.93,2,2023,603.0,0.24625414593698178,148.49125
2022-05-09,Camera,Electronics,South,1,1193,153.72,5,2022,1193.0,0.12885163453478626,153.72
2023-12-16,Laptop,Electronics,East,2,562,92.94,12,2023,281.0,0.16537366548042703,46.47
2022-03-20,Smartphone,Electronics,North,8,6200,1296.84,3,2022,775.0,0.20916774193548385,162.105
2024-07-28,Printer,Office,North,8,4128,315.48,7,2024,516.0,0.07642441860465117,39.435
2022-03-28,Printer,Office,East,5,5405,326.56,3,2022,1081.0,0.06041813135985199,65.312
2024-11-06,Laptop,Electronics,North,3,1371,104.66,11,2024,457.0,0.07633843909555069,34.88666666666666
2023-01-01,Keyboard,Accessories,West,5,1405,194.33,1,2023,281.0,0.13831316725978648,38.866
2023-03-18,Keyboard,Accessories,North,3,1644,158.32,3,2023,548.0,0.09630170316301703,52.77333333333333
2024-09-18,Mouse,Accessories,West,6,3414,396.92,9,2024,569.0,0.11626244874048038,66.15333333333334
2024-08-19,Laptop,Electronics,East,8,3272,674.57,8,2024,409.0,0.2061644254278729,84.32125
2022-06-18,Smartphone,Electronics,North,3,2655,646.91,6,2022,885.0,0.24365725047080977,215.63666666666666
2022-05-29,Smartwatch,Electronics,West,7,1673,458.32,5,2022,239.0,0.27395098625224146,65.47428571428571
2022-06-09,Tablet,Electronics,East,2,846,145.09,6,2022,423.0,0.17150118203309694,72.545
2023-05-03,Smartphone,Electronics,East,1,985,196.64,5,2023,985.0,0.19963451776649746,196.64
2023-11-17,Smartwatch,Electronics,North,9,7551,894.4,11,2023,839.0,0.11844788769699377,99.37777777777778
2022-02-08,Tablet,Electronics,North,5,855,217.16,2,2022,171.0,0.25398830409356726,43.432
2023-10-23,Camera,Electronics,South,2,396,94.55,10,2023,198.0,0.23876262626262626,47.275
2022-08-24,Tablet,Electronics,West,8,2296,560.48,8,2022,287.0,0.24411149825783973,70.06
2024-05-09,Monitor,Accessories,North,6,1704,199.94,5,2024,284.0,0.1173356807511737,33.32333333333333
2023-03-12,Smartphone,Electronics,East,2,1180,261.16,3,2023,590.0,0.2213220338983051,130.58
2022-10-05,Smartphone,Electronics,East,3,411,55.73,10,2022,137.0,0.13559610705596106,18.576666666666664
2022-01-19,Mouse,Accessories,East,1,745,151.22,1,2022,745.0,0.20297986577181207,151.22
2022-05-09,Printer,Office,West,9,10656,961.3,5,2022,1184.0,0.09021208708708708,106.8111111111111
2024-05-23,Mouse,Accessories,South,3,1494,178.5,5,2024,498.0,0.11947791164658635,59.5
2024-07-11,Camera,Electronics,South,5,1755,358.01,7,2024,351.0,0.203994301994302,71.602
2022-08-22,Camera,Electronics,South,9,4941,894.52,8,2022,549.0,0.18104027524792551,99.39111111111112
2024-11-03,Smartwatch,Electronics,North,6,6510,1539.18,11,2024,1085.0,0.2364331797235023,256.53000000000003
2024-10-11,Smartphone,Electronics,South,5,5465,719.92,10,2024,1093.0,0.13173284537968893,143.98399999999998
2024-11-09,Tablet,Electronics,South,3,3522,285.91,11,2024,1174.0,0.08117830777967065,95.30333333333334
2024-04-01,Tablet,Electronics,West,6,1656,139.86,4,2024,276.0,0.08445652173913044,23.310000000000002
2022-07-07,Printer,Office,North,5,1255,257.15,7,2022,251.0,0.20490039840637447,51.42999999999999
2023-06-10,Keyboard,Accessories,East,1,1192,320.13,6,2023,1192.0,0.2685654362416107,320.13
2023-05-15,Tablet,Electronics,West,5,1925,204.74,5,2023,385.0,0.10635844155844157,40.948
2022-06-08,Tablet,Electronics,West,8,1688,337.33,6,2022,211.0,0.19984004739336492,42.16625
2023-06-26,Headphones,Accessories,South,1,260,16.81,6,2023,260.0,0.06465384615384615,16.81
2022-01-19,Monitor,Accessories,West,5,4880,1250.66,1,2022,976.0,0.2562827868852459,250.132
2024-04-10,Keyboard,Accessories,West,7,1134,179.74,4,2024,162.0,0.15850088183421518,25.677142857142858
2022-06-10,Laptop,Electronics,North,9,9621,1201.29,6,2022,1069.0,0.12486124103523542,133.47666666666666
2023-02-03,Monitor,Accessories,South,4,2836,698.83,2,2023,709.0,0.24641396332863189,174.7075
2023-05-15,Printer,Office,North,9,5859,1153.89,5,2023,651.0,0.1969431643625192,128.21
2022-09-11,Smartwatch,Electronics,South,2,2044,460.03,9,2022,1022.0,0.22506360078277884,230.015
2023-07-01,Monitor,Accessories,South,1,612,174.52,7,2023,612.0,0.2851633986928105,174.52
2022-02-18,Smartwatch,Electronics,North,3,1890,492.31,2,2022,630.0,0.2604814814814815,164.10333333333332
2023-09-30,Smartwatch,Electronics,East,5,2025,168.82,9,2023,405.0,0.0833679012345679,33.763999999999996
2023-09-04,Printer,Office,South,2,1960,312.06,9,2023,980.0,0.15921428571428572,156.03
2022-07-07,Camera,Electronics,North,6,4410,893.27,7,2022,735.0,0.20255555555555554,148.87833333333333
2024-07-14,Keyboard,Accessories,West,8,8272,2391.88,7,2024,1034.0,0.2891537717601548,298.985
2022-09-27,Smartwatch,Electronics,West,6,5712,638.29,9,2022,952.0,0.1117454481792717,106.38166666666666
2024-04-20,Smartwatch,Electronics,North,6,1524,178.36,4,2024,254.0,0.11703412073490814,29.72666666666667
2024-05-24,Keyboard,Accessories,North,8,5160,1057.41,5,2024,645.0,0.2049244186046512,132.17625
2024-12-29,Mouse,Accessories,East,4,2956,451.6,12,2024,739.0,0.15277401894451964,112.9
2023-05-07,Smartphone,Electronics,West,8,7944,2257.73,5,2023,993.0,0.2842056898288016,282.21625
2024-09-10,Camera,Electronics,North,5,1815,535.22,9,2024,363.0,0.2948870523415978,107.04400000000001
2023-03-21,Headphones,Accessories,North,3,2706,546.97,3,2023,902.0,0.20213229859571324,182.32333333333335
2023-05-05,Laptop,Electronics,North,2,1356,144.18,5,2023,678.0,0.10632743362831859,72.09
2023-07-27,Printer,Office,South,6,6384,1189.19,7,2023,1064.0,0.18627662907268172,198.19833333333335
2023-06-13,Smartwatch,Electronics,South,9,4248,964.12,6,2023,472.0,0.22695856873822975,107.12444444444445
2024-05-02,Monitor,Accessories,North,6,3954,676.82,5,2024,659.0,0.1711734951947395,112.80333333333334
2024-04-21,Smartphone,Electronics,South,6,7110,739.6,4,2024,1185.0,0.10402250351617441,123.26666666666667
2023-07-25,Headphones,Accessories,South,7,8113,995.03,7,2023,1159.0,0.1226463700234192,142.14714285714285
2023-01-26,Headphones,Accessories,North,3,1830,183.62,1,2023,610.0,0.10033879781420765,61.20666666666667
2023-01-11,Keyboard,Accessories,West,4,3732,671.19,1,2023,933.0,0.17984726688102895,167.7975
2024-09-27,Mouse,Accessories,West,6,4062,1087.17,9,2024,677.0,0.26764401772525853,181.19500000000002
2024-12-03,Smartwatch,Electronics,North,1,496,93.31,12,2024,496.0,0.18812500000000001,93.31
2023-08-24,Smartwatch,Electronics,East,4,1104,84.31,8,2023,276.0,0.07636775362318841,21.0775
2023-05-19,Smartphone,Electronics,West,3,2274,662.0,5,2023,758.0,0.2911169744942832,220.66666666666666
2022-06-13,Smartwatch,Electronics,North,8,4456,1106.04,6,2022,557.0,0.24821364452423697,138.255
2022-08-26,Mouse,Accessories,West,8,4928,1038.18,8,2022,616.0,0.21066964285714287,129.7725
2023-01-22,Smartphone,Electronics,North,4,1740,224.79,1,2023,435.0,0.1291896551724138,56.1975
2022-08-08,Headphones,Accessories,North,2,178,31.46,8,2022,89.0,0.17674157303370788,15.73
2023-11-19,Printer,Office,East,8,5296,1234.81,11,2023,662.0,0.23315898791540784,154.35125
2023-06-28,Mouse,Accessories,North,4,4156,847.09,6,2023,1039.0,0.20382338787295476,211.7725
2024-10-09,Printer,Office,North,1,624,106.92,10,2024,624.0,0.17134615384615384,106.92
2022-09-04,Smartphone,Electronics,West,4,3892,1052.72,9,2022,973.0,0.2704830421377184,263.18
2024-07-18,Mouse,Accessories,South,9,1620,294.6,7,2024,180.0,0.18185185185185188,32.733333333333334
2022-09-22,Mouse,Accessories,West,3,2250,301.97,9,2022,750.0,0.1342088888888889,100.65666666666668
2024-07-31,Monitor,Accessories,West,2,1390,316.31,7,2024,695.0,0.2275611510791367,158.155
2023-04-21,Camera,Electronics,South,5,5155,1325.16,4,2023,1031.0,0.2570630455868089,265.03200000000004
2022-07-09,Smartwatch,Electronics,North,5,1025,262.91,7,2022,205.0,0.2564975609756098,52.58200000000001
2024-07-31,Mouse,Accessories,South,3,1785,244.52,7,2024,595.0,0.1369859943977591,81.50666666666667
2022-09-30,Smartwatch,Electronics,North,9,2952,605.85,9,2022,328.0,0.20523373983739837,67.31666666666666
2024-12-25,Headphones,Accessories,East,1,773,181.52,12,2024,773.0,0.23482535575679173,181.52
2023-03-30,Tablet,Electronics,North,8,1640,361.48,3,2023,205.0,0.22041463414634146,45.185
2023-10-02,Keyboard,Accessories,East,1,1017,69.33,10,2023,1017.0,0.06817109144542773,69.33
2022-05-23,Headphones,Accessories,East,4,1964,349.91,5,2022,491.0,0.17816191446028515,87.4775
2023-04-05,Mouse,Accessories,North,3,2994,638.59,4,2023,998.0,0.21328991315965265,212.86333333333334
2023-10-08,Printer,Office,East,9,8046,2210.33,10,2023,894.0,0.2747116579666915,245.5922222222222
2022-05-22,Printer,Office,West,2,1874,271.5,5,2022,937.0,0.14487726787620064,135.75
2023-08-19,Mouse,Accessories,North,8,6008,871.76,8,2023,751.0,0.14509986684420773,108.97
2023-09-06,Camera,Electronics,East,8,7240,411.19,9,2023,905.0,0.056794198895027626,51.39875
2024-06-17,Monitor,Accessories,South,9,1188,348.31,6,2024,132.0,0.29319023569023567,38.70111111111111
2024-12-22,Headphones,Accessories,North,9,2997,163.34,12,2024,333.0,0.054501167834501166,18.14888888888889
2023-02-02,Printer,Office,West,9,7524,2017.85,2,2023,836.0,0.2681884635832004,224.20555555555555
2022-10-13,Monitor,Accessories,North,5,3625,268.73,10,2022,725.0,0.07413241379310345,53.746
2024-03-31,Laptop,Electronics,East,8,6952,871.2,3,2024,869.0,0.12531645569620253,108.9
2023-05-29,Camera,Electronics,North,9,1053,283.58,5,2023,117.0,0.269306742640076,31.508888888888887
2024-12-21,Monitor,Accessories,North,9,6696,1224.22,12,2024,744.0,0.18282855436081244,136.02444444444444
2024-10-09,Headphones,Accessories,North,2,1420,93.59,10,2024,710.0,0.06590845070422535,46.795
2023-12-29,Camera,Electronics,West,9,9972,2566.01,12,2023,1108.0,0.2573215002005616,285.1122222222223
2022-11-28,Laptop,Electronics,South,8,3136,494.26,11,2022,392.0,0.15760841836734693,61.7825
2023-02-10,Camera,Electronics,West,3,225,20.52,2,2023,75.0,0.0912,6.84
2022-05-12,Mouse,Accessories,East,3,1662,375.04,5,2022,554.0,0.22565583634175693,125.01333333333334
2024-05-03,Printer,Office,West,4,500,85.96,5,2024,125.0,0.17192,21.49
2022-08-02,Smartphone,Electronics,North,8,3168,747.33,8,2022,396.0,0.2358996212121212,93.41625
2023-12-31,Smartphone,Electronics,East,1,622,104.57,12,2023,622.0,0.16811897106109325,104.57
2022-04-03,Tablet,Electronics,North,3,1233,361.12,4,2022,411.0,0.2928791565287916,120.37333333333333
2024-01-19,Laptop,Electronics,West,3,573,116.14,1,2024,191.0,0.20268760907504363,38.71333333333333
2022-02-18,Tablet,Electronics,South,1,702,129.34,2,2022,702.0,0.18424501424501424,129.34
2024-05-14,Laptop,Electronics,South,8,4832,1261.06,5,2024,604.0,0.26098096026490064,157.6325
2023-01-17,Printer,Office,North,5,3765,670.8,1,2023,753.0,0.17816733067729082,134.16
2024-05-05,Camera,Electronics,North,8,6928,1415.16,5,2024,866.0,0.20426674364896075,176.895
2023-02-01,Headphones,Accessories,West,7,1624,436.13,2,2023,232.0,0.26855295566502463,62.30428571428571
2023-04-01,Headphones,Accessories,North,1,68,10.39,4,2023,68.0,0.15279411764705883,10.39
2023-06-04,Mouse,Accessories,North,1,651,187.99,6,2023,651.0,0.2887711213517665,187.99
2024-09-16,Printer,Office,North,7,6293,718.49,9,2024,899.0,0.11417289051326872,102.64142857142858
2023-02-16,Keyboard,Accessories,West,2,1068,85.71,2,2023,534.0,0.08025280898876404,42.855
2023-10-17,Keyboard,Accessories,North,1,381,26.69,10,2023,381.0,0.0700524934383202,26.69
2022-07-21,Printer,Office,South,2,2016,426.43,7,2022,1008.0,0.21152281746031745,213.215
2024-02-10,Headphones,Accessories,West,2,1224,340.67,2,2024,612.0,0.27832516339869284,170.335
2022-10-23,Monitor,Accessories,South,5,2180,400.01,10,2022,436.0,0.1834908256880734,80.002
2024-09-12,Laptop,Electronics,North,9,2853,353.09,9,2024,317.0,0.12376095338240448,39.23222222222222
2022-10-04,Mouse,Accessories,South,1,272,45.33,10,2022,272.0,0.16665441176470588,45.33
2022-03-14,Smartphone,Electronics,North,4,2640,183.23,3,2022,660.0,0.06940530303030303,45.8075
2024-04-26,Monitor,Accessories,North,2,488,129.02,4,2024,244.0,0.26438524590163937,64.51
2023-11-10,Printer,Office,South,8,9184,1795.93,11,2023,1148.0,0.1955498693379791,224.49125
2024-04-12,Tablet,Electronics,North,5,280,23.98,4,2024,56.0,0.08564285714285715,4.796
2024-10-03,Keyboard,Accessories,East,3,2889,604.45,10,2024,963.0,0.20922464520595363,201.48333333333335
2024-07-18,Laptop,Electronics,West,1,625,125.9,7,2024,625.0,0.20144,125.9
2024-04-16,Keyboard,Accessories,South,8,7056,538.48,4,2024,882.0,0.07631519274376418,67.31
2023-07-11,Tablet,Electronics,West,8,3936,720.2,7,2023,492.0,0.18297764227642277,90.025
2022-09-19,Smartwatch,Electronics,East,6,2472,363.38,9,2022,412.0,0.14699838187702266,60.56333333333333
2022-06-19,Mouse,Accessories,West,5,855,67.57,6,2022,171.0,0.07902923976608187,13.514
2024-02-25,Mouse,Accessories,West,3,3480,560.39,2,2024,1160.0,0.1610316091954023,186.79666666666665
2023-03-07,Camera,Electronics,South,1,846,103.3,3,2023,846.0,0.12210401891252955,103.3
2022-03-09,Keyboard,Accessories,North,1,158,46.24,3,2022,158.0,0.2926582278481013,46.24
2022-12-31,Mouse,Accessories,South,9,3186,583.24,12,2022,354.0,0.18306340238543628,64.80444444444444
2024-02-01,Mouse,Accessories,North,7,6972,969.43,2,2024,996.0,0.1390461847389558,138.48999999999998
2024-04-15,Mouse,Accessories,East,5,1745,449.64,4,2024,349.0,0.2576733524355301,89.928
2024-05-15,Laptop,Electronics,East,8,4256,372.95,5,2024,532.0,0.08762922932330827,46.61875
2022-04-14,Keyboard,Accessories,South,3,1674,499.63,4,2022,558.0,0.2984647550776583,166.54333333333332
2024-09-25,Camera,Electronics,North,8,6488,1072.86,9,2024,811.0,0.16536066584463624,134.1075
2022-03-05,Tablet,Electronics,East,5,3530,803.86,3,2022,706.0,0.22772237960339944,160.772
2022-09-03,Mouse,Accessories,North,2,632,87.45,9,2022,316.0,0.13837025316455698,43.725
2024-11-09,Monitor,Accessories,North,7,3675,236.8,11,2024,525.0,0.06443537414965987,33.82857142857143
2023-09-12,Smartwatch,Electronics,West,6,5592,926.42,9,2023,932.0,0.16566881258941343,154.40333333333334
2023-02-11,Keyboard,Accessories,East,6,6432,807.94,2,2023,1072.0,0.12561256218905473,134.65666666666667
2023-08-27,Camera,Electronics,East,3,3069,503.3,8,2023,1023.0,0.16399478657543173,167.76666666666668
2023-05-26,Keyboard,Accessories,North,7,2898,490.11,5,2023,414.0,0.16912008281573498,70.01571428571428
2024-05-30,Tablet,Electronics,North,4,3960,632.76,5,2024,990.0,0.15978787878787878,158.19
2024-07-31,Tablet,Electronics,South,3,1476,85.16,7,2024,492.0,0.05769647696476964,28.386666666666667
2023-11-14,Printer,Office,East,2,1058,298.69,11,2023,529.0,0.2823156899810964,149.345
2023-11-27,Monitor,Accessories,South,5,1215,162.02,11,2023,243.0,0.13334979423868312,32.404
2024-03-04,Camera,Electronics,North,3,204,20.43,3,2024,68.0,0.10014705882352941,6.81
2024-12-24,Tablet,Electronics,West,7,4137,221.66,12,2024,591.0,0.053579888808315206,31.665714285714284
2022-05-21,Camera,Electronics,West,5,250,16.81,5,2022,50.0,0.06724,3.3619999999999997
2022-09-14,Tablet,Electronics,West,5,1185,254.34,9,2022,237.0,0.21463291139240506,50.868
2024-03-12,Headphones,Accessories,South,2,1504,108.52,3,2024,752.0,0.07215425531914893,54.26
2024-06-28,Keyboard,Accessories,West,6,6888,945.07,6,2024,1148.0,0.13720528455284553,157.51166666666668
2024-12-25,Smartphone,Electronics,West,3,3588,958.84,12,2024,1196.0,0.2672352285395764,319.61333333333334
2022-11-18,Laptop,Electronics,South,7,1477,367.22,11,2022,211.0,0.24862559241706164,52.46
2022-10-22,Smartwatch,Electronics,East,8,1280,131.56,10,2022,160.0,0.10278125,16.445
2024-11-16,Tablet,Electronics,South,7,7161,630.76,11,2024,1023.0,0.08808267001815388,90.10857142857142
2023-03-13,Printer,Office,North,5,1850,346.4,3,2023,370.0,0.18724324324324323,69.28
2023-12-27,Mouse,Accessories,East,3,3378,520.31,12,2023,1126.0,0.1540290112492599,173.43666666666664
2024-10-30,Laptop,Electronics,West,7,7672,2046.38,10,2024,1096.0,0.26673357664233577,292.34000000000003
2024-11-03,Tablet,Electronics,South,6,4254,938.66,11,2024,709.0,0.2206535025858016,156.44333333333333
2024-11-19,Keyboard,Accessories,East,5,2285,279.9,11,2024,457.0,0.12249452954048139,55.98
2024-04-29,Keyboard,Accessories,West,7,5775,680.6,4,2024,825.0,0.11785281385281386,97.22857142857143
2022-10-21,Smartphone,Electronics,North,9,9360,910.35,10,2022,1040.0,0.09725961538461539,101.15
2023-01-25,Printer,Office,North,8,6936,1156.52,1,2023,867.0,0.16674163783160323,144.565
2022-05-17,Camera,Electronics,East,9,5634,464.71,5,2022,626.0,0.08248313809016684,51.63444444444444
2024-03-29,Smartphone,Electronics,North,4,2644,731.86,3,2024,661.0,0.27680030257186083,182.965
2023-11-22,Headphones,Accessories,North,1,247,35.65,11,2023,247.0,0.144331983805668,35.65
2023-09-24,Laptop,Electronics,East,7,1869,357.27,9,2023,267.0,0.1911556982343499,51.03857142857142
2024-07-17,Smartwatch,Electronics,West,7,1988,430.59,7,2024,284.0,0.21659456740442654,61.512857142857136
2023-06-17,Laptop,Electronics,West,4,1920,549.11,6,2023,480.0,0.2859947916666667,137.2775
2024-05-20,Headphones,Accessories,West,3,2577,196.37,5,2024,859.0,0.07620100892510671,65.45666666666666
2024-06-10,Camera,Electronics,East,3,828,117.95,6,2024,276.0,0.14245169082125606,39.31666666666667
2022-01-31,Camera,Electronics,South,2,1580,403.76,1,2022,790.0,0.25554430379746834,201.88
2023-09-13,Camera,Electronics,East,9,9009,1909.26,9,2023,1001.0,0.21192807192807192,212.14
2022-10-01,Smartphone,Electronics,East,9,7425,1580.86,10,2022,825.0,0.2129104377104377,175.6511111111111
2024-12-24,Monitor,Accessories,West,5,2945,672.35,12,2024,589.0,0.22830220713073004,134.47
2023-07-19,Mouse,Accessories,West,3,294,22.9,7,2023,98.0,0.07789115646258503,7.633333333333333
2024-05-17,Mouse,Accessories,South,5,5875,789.23,5,2024,1175.0,0.13433702127659575,157.846
2022-01-17,Smartwatch,Electronics,West,3,1308,197.6,1,2022,436.0,0.1510703363914373,65.86666666666666
2024-01-10,Monitor,Accessories,South,4,2360,391.82,1,2024,590.0,0.16602542372881354,97.955
2023-04-10,Smartwatch,Electronics,West,6,1008,245.45,4,2023,168.0,0.24350198412698412,40.90833333333333
2023-10-27,Smartwatch,Electronics,North,6,1344,338.4,10,2023,224.0,0.2517857142857143,56.4
2022-01-12,Printer,Office,West,7,5635,1185.97,1,2022,805.0,0.21046495119787045,169.42428571428573
2023-09-15,Mouse,Accessories,East,4,4088,1200.03,9,2023,1022.0,0.29354941291585124,300.0075
2024-12-04,Camera,Electronics,South,8,2192,441.77,12,2024,274.0,0.20153740875912407,55.22125
2022-06-06,Keyboard,Accessories,South,8,1952,444.15,6,2022,244.0,0.2275358606557377,55.51875
2023-01-28,Smartphone,Electronics,East,7,3955,1144.76,1,2023,565.0,0.28944627054361566,163.53714285714287
2023-06-24,Mouse,Accessories,South,8,5256,1118.16,6,2023,657.0,0.21273972602739727,139.77
2022-12-28,Camera,Electronics,North,1,1163,115.09,12,2022,1163.0,0.09895958727429063,115.09
2022-09-24,Smartwatch,Electronics,North,9,5004,973.65,9,2022,556.0,0.19457434052757794,108.18333333333334
2023-05-06,Mouse,Accessories,North,8,9128,1342.19,5,2023,1141.0,0.14704097283085013,167.77375
2023-07-13,Laptop,Electronics,East,4,4700,576.34,7,2023,1175.0,0.12262553191489363,144.085
2022-01-05,Camera,Electronics,West,2,1686,146.39,1,2022,843.0,0.08682680901542111,73.195
2024-08-03,Keyboard,Accessories,South,9,4572,279.54,8,2024,508.0,0.06114173228346457,31.060000000000002
2023-08-21,Smartphone,Electronics,South,5,2510,515.12,8,2023,502.0,0.20522709163346614,103.024
2023-06-04,Smartphone,Electronics,West,3,3117,829.09,6,2023,1039.0,0.2659897337183189,276.36333333333334
2024-05-12,Laptop,Electronics,West,1,380,94.35,5,2024,380.0,0.2482894736842105,94.35
2023-07-14,Monitor,Accessories,West,9,2889,604.19,7,2023,321.0,0.20913464866735898,67.13222222222223
2024-11-08,Smartwatch,Electronics,East,9,3654,581.9,11,2024,406.0,0.15925013683634373,64.65555555555555
2023-09-12,Printer,Office,East,6,5610,298.77,9,2023,935.0,0.05325668449197861,49.794999999999995
2024-04-27,Smartphone,Electronics,South,1,668,99.4,4,2024,668.0,0.14880239520958086,99.4
2022-01-08,Smartphone,Electronics,South,7,3983,360.13,1,2022,569.0,0.09041677127793121,51.44714285714286
2024-01-24,Keyboard,Accessories,South,1,1112,272.81,1,2024,1112.0,0.24533273381294965,272.81
2022-06-20,Monitor,Accessories,North,9,4230,221.06,6,2022,470.0,0.05226004728132388,24.56222222222222
2024-08-01,Tablet,Electronics,East,8,2968,530.3,8,2024,371.0,0.17867250673854446,66.2875
2022-01-10,Monitor,Accessories,West,5,4690,706.74,1,2022,938.0,0.1506908315565032,141.348
2022-05-09,Camera,Electronics,West,6,4296,1240.31,5,2022,716.0,0.28871275605214153,206.71833333333333
2023-12-19,Camera,Electronics,North,7,7203,523.52,12,2023,1029.0,0.07268082743301402,74.78857142857143
2022-11-20,Smartphone,Electronics,North,4,3640,695.31,11,2022,910.0,0.19101923076923075,173.8275
2022-11-11,Smartphone,Electronics,East,1,1131,304.62,11,2022,1131.0,0.2693368700265252,304.62
2024-01-03,Camera,Electronics,West,9,3627,797.53,1,2024,403.0,0.21988695891921697,88.61444444444444
2023-08-11,Mouse,Accessories,South,8,7968,1249.98,8,2023,996.0,0.15687500000000001,156.2475
2022-11-23,Headphones,Accessories,South,3,3546,490.28,11,2022,1182.0,0.13826283135927805,163.42666666666665
2024-03-01,Tablet,Electronics,South,5,2270,546.56,3,2024,454.0,0.24077533039647575,109.31199999999998
2023-07-07,Keyboard,Accessories,West,2,1354,136.91,7,2023,677.0,0.10111521418020679,68.455
2023-04-20,Headphones,Accessories,West,7,6811,1423.57,4,2023,973.0,0.20901042431361033,203.36714285714285
2022-02-09,Smartwatch,Electronics,East,3,1410,232.65,2,2022,470.0,0.165,77.55
2022-10-17,Keyboard,Accessories,North,2,1170,249.99,10,2022,585.0,0.21366666666666667,124.995
2023-08-04,Laptop,Electronics,East,7,4739,740.74,8,2023,677.0,0.15630723781388478,105.82000000000001
2023-12-01,Mouse,Accessories,South,9,7866,1554.38,12,2023,874.0,0.19760742435799644,172.7088888888889
2022-07-31,Monitor,Accessories,East,5,3645,388.31,7,2022,729.0,0.10653223593964335,77.662
2023-02-24,Headphones,Accessories,East,6,5358,568.34,2,2023,893.0,0.10607316162747295,94.72333333333334
2024-05-18,Camera,Electronics,North,5,1775,486.37,5,2024,355.0,0.2740112676056338,97.274
2023-05-19,Headphones,Accessories,South,9,4905,1351.25,5,2023,545.0,0.2754841997961264,150.13888888888889
2022-09-29,Mouse,Accessories,East,6,4260,372.33,9,2022,710.0,0.08740140845070422,62.055
2024-09-03,Printer,Office,East,2,1632,292.78,9,2024,816.0,0.17939950980392155,146.39
2023-03-12,Smartwatch,Electronics,East,6,3324,466.78,3,2023,554.0,0.1404271961492178,77.79666666666667
2023-07-17,Camera,Electronics,West,5,4590,347.14,7,2023,918.0,0.07562962962962963,69.428
2022-04-14,Laptop,Electronics,East,9,8496,2182.42,4,2022,944.0,0.2568761770244821,242.4911111111111
2022-06-16,Printer,Office,North,6,6444,518.79,6,2022,1074.0,0.0805074487895717,86.46499999999999
2022-03-14,Camera,Electronics,North,1,812,51.13,3,2022,812.0,0.06296798029556651,51.13
2023-07-15,Monitor,Accessories,West,6,1764,465.93,7,2023,294.0,0.2641326530612245,77.655
2024-05-13,Printer,Office,West,1,1012,172.67,5,2024,1012.0,0.17062252964426877,172.67
2023-05-03,Keyboard,Accessories,South,2,836,47.07,5,2023,418.0,0.056303827751196175,23.535
2023-12-29,Smartwatch,Electronics,East,1,723,115.26,12,2023,723.0,0.15941908713692945,115.26
2022-12-05,Headphones,Accessories,North,6,5628,1033.15,12,2022,938.0,0.18357320540156363,172.1916666666667
2024-09-26,Laptop,Electronics,North,5,1660,283.14,9,2024,332.0,0.17056626506024095,56.628
2023-03-28,Headphones,Accessories,West,3,2295,244.83,3,2023,765.0,0.10667973856209151,81.61
2024-04-19,Printer,Office,East,2,2190,477.8,4,2024,1095.0,0.21817351598173518,238.9
2024-10-11,Tablet,Electronics,East,7,3500,919.35,10,2024,500.0,0.26267142857142856,131.3357142857143
2022-04-23,Headphones,Accessories,West,2,1098,239.92,4,2022,549.0,0.2185063752276867,119.96
2023-06-01,Mouse,Accessories,North,5,945,194.03,6,2023,189.0,0.20532275132275132,38.806
2022-02-19,Mouse,Accessories,West,6,5622,1382.67,2,2022,937.0,0.2459391675560299,230.44500000000002
2023-07-13,Camera,Electronics,East,3,2325,309.49,7,2023,775.0,0.13311397849462367,103.16333333333334
2022-08-03,Keyboard,Accessories,South,1,1157,252.08,8,2022,1157.0,0.21787381158167676,252.08
2024-01-30,Printer,Office,West,3,531,126.24,1,2024,177.0,0.23774011299435027,42.08
2023-07-23,Tablet,Electronics,West,2,1760,278.09,7,2023,880.0,0.1580056818181818,139.045
2023-11-12,Smartwatch,Electronics,North,1,371,108.58,11,2023,371.0,0.29266846361185983,108.58
2024-10-15,Smartphone,Electronics,East,4,1896,191.7,10,2024,474.0,0.10110759493670886,47.925
2023-08-09,Smartwatch,Electronics,South,2,514,106.75,8,2023,257.0,0.20768482490272375,53.375
2022-08-18,Monitor,Accessories,West,7,1876,129.25,8,2022,268.0,0.06889658848614072,18.464285714285715
2023-08-19,Camera,Electronics,East,6,1182,236.12,8,2023,197.0,0.19976311336717428,39.35333333333333
2022-03-14,Smartphone,Electronics,North,5,4255,961.41,3,2022,851.0,0.22594829612220915,192.28199999999998
2022-09-15,Monitor,Accessories,North,9,1341,150.7,9,2022,149.0,0.11237882177479493,16.744444444444444
2022-09-23,Keyboard,Accessories,North,1,644,49.25,9,2022,644.0,0.0764751552795031,49.25
2024-05-17,Monitor,Accessories,South,3,1827,94.4,5,2024,609.0,0.05166940339354133,31.46666666666667
2024-10-27,Camera,Electronics,North,1,930,136.16,10,2024,930.0,0.14640860215053764,136.16
2022-02-15,Camera,Electronics,South,4,528,152.8,2,2022,132.0,0.2893939393939394,38.2
2022-02-23,Monitor,Accessories,South,6,4236,739.22,2,2022,706.0,0.17450897072710103,123.20333333333333
2023-01-14,Headphones,Accessories,North,4,1664,190.82,1,2023,416.0,0.11467548076923076,47.705
2023-01-12,Smartwatch,Electronics,North,3,2727,554.46,1,2023,909.0,0.20332233223322332,184.82000000000002
2022-02-08,Smartwatch,Electronics,North,2,522,52.73,2,2022,261.0,0.10101532567049808,26.365
2024-12-06,Mouse,Accessories,West,7,8288,1945.03,12,2024,1184.0,0.23468026061776062,277.8614285714286
2024-03-12,Laptop,Electronics,West,9,1062,73.58,3,2024,118.0,0.06928436911487759,8.175555555555555
2023-10-01,Smartphone,Electronics,East,3,1140,226.52,10,2023,380.0,0.19870175438596493,75.50666666666667
2024-04-12,Keyboard,Accessories,East,8,3488,712.24,4,2024,436.0,0.20419724770642203,89.03
2023-12-22,Tablet,Electronics,North,8,5920,1436.7,12,2023,740.0,0.2426858108108108,179.5875
2024-03-06,Monitor,Accessories,North,9,3096,362.89,3,2024,344.0,0.1172125322997416,40.32111111111111
2024-05-02,Monitor,Accessories,South,5,3490,205.04,5,2024,698.0,0.058750716332378224,41.007999999999996
2022-04-02,Smartwatch,Electronics,South,6,4374,702.62,4,2022,729.0,0.16063557384545038,117.10333333333334
2024-02-11,Smartphone,Electronics,South,6,3366,541.86,2,2024,561.0,0.16098039215686274,90.31
2024-04-02,Printer,Office,East,6,822,231.62,4,2024,137.0,0.28177615571776155,38.60333333333333
2024-11-27,Monitor,Accessories,North,2,340,39.12,11,2024,170.0,0.11505882352941176,19.56
2022-08-30,Mouse,Accessories,East,1,763,217.94,8,2022,763.0,0.2856356487549148,217.94
2022-07-15,Headphones,Accessories,West,4,3408,856.98,7,2022,852.0,0.2514612676056338,214.245
2022-02-21,Tablet,Electronics,West,7,2282,537.71,2,2022,326.0,0.23563102541630151,76.8157142857143
2023-09-14,Camera,Electronics,South,7,4151,1047.43,9,2023,593.0,0.25233196820043363,149.63285714285715
2024-04-08,Laptop,Electronics,North,7,6279,1689.55,4,2024,897.0,0.2690794712533843,241.3642857142857
2023-10-24,Monitor,Accessories,North,3,474,83.32,10,2023,158.0,0.17578059071729957,27.77333333333333
2023-04-16,Monitor,Accessories,West,5,680,176.44,4,2023,136.0,0.2594705882352941,35.288
2023-10-15,Headphones,Accessories,West,9,8496,1721.6,10,2023,944.0,0.20263653483992466,191.2888888888889
2023-08-20,Keyboard,Accessories,South,7,7826,714.68,8,2023,1118.0,0.09132123690263225,102.09714285714286
2023-10-24,Mouse,Accessories,South,6,4014,717.44,10,2023,669.0,0.17873442949676135,119.57333333333334
2024-07-26,Laptop,Electronics,East,1,687,62.82,7,2024,687.0,0.0914410480349345,62.82
2024-10-31,Smartwatch,Electronics,South,3,2943,234.27,10,2024,981.0,0.07960244648318043,78.09
2022-04-28,Printer,Office,East,7,5649,660.37,4,2022,807.0,0.11690033634271553,94.33857142857143
2024-08-15,Tablet,Electronics,North,8,3296,623.67,8,2024,412.0,0.18922026699029124,77.95875
2024-09-28,Headphones,Accessories,North,3,1137,173.92,9,2024,379.0,0.15296394019349163,57.97333333333333
2024-07-18,Smartphone,Electronics,North,2,380,101.7,7,2024,190.0,0.26763157894736844,50.85
2022-10-22,Laptop,Electronics,West,5,4405,1247.86,10,2022,881.0,0.2832826333711691,249.57199999999997
2022-11-01,Tablet,Electronics,East,1,120,9.43,11,2022,120.0,0.07858333333333332,9.43
2023-06-13,Printer,Office,East,1,1176,182.07,6,2023,1176.0,0.15482142857142855,182.07
2023-02-20,Camera,Electronics,South,3,1770,366.58,2,2023,590.0,0.20710734463276836,122.19333333333333
2023-05-20,Camera,Electronics,South,6,4302,965.02,5,2023,717.0,0.22431892143189214,160.83666666666667
2023-12-19,Camera,Electronics,North,3,2988,362.68,12,2023,996.0,0.12137884872824632,120.89333333333333
2024-06-17,Headphones,Accessories,East,3,3033,458.41,6,2024,1011.0,0.15114078470161557,152.80333333333334
2023-07-14,Mouse,Accessories,South,9,6363,1752.65,7,2023,707.0,0.27544397296872547,194.7388888888889
2022-07-04,Tablet,Electronics,West,6,3402,501.29,7,2022,567.0,0.14735155790711346,83.54833333333333
2022-03-23,Keyboard,Accessories,South,4,3496,1032.81,3,2022,874.0,0.2954262013729977,258.2025
2022-11-19,Monitor,Accessories,East,4,1080,204.95,11,2022,270.0,0.1897685185185185,51.2375
2022-02-28,Headphones,Accessories,East,6,1530,218.99,2,2022,255.0,0.14313071895424836,36.498333333333335
2023-09-11,Keyboard,Accessories,West,4,3568,764.2,9,2023,892.0,0.21418161434977578,191.05
2022-11-13,Smartphone,Electronics,West,1,954,48.97,11,2022,954.0,0.05133123689727463,48.97
2024-03-17,Camera,Electronics,West,4,1196,223.66,3,2024,299.0,0.1870066889632107,55.915
2022-02-13,Smartwatch,Electronics,North,4,2136,217.47,2,2022,534.0,0.10181179775280899,54.3675
2024-07-13,Printer,Office,South,9,8496,2316.03,7,2024,944.0,0.27260240112994355,257.3366666666667
2024-05-07,Laptop,Electronics,West,7,7280,1450.82,5,2024,1040.0,0.19928846153846153,207.26
2022-09-24,Smartwatch,Electronics,South,5,4935,625.39,9,2022,987.0,0.12672543059777103,125.078
2024-08-12,Tablet,Electronics,South,8,9056,872.48,8,2024,1132.0,0.09634275618374559,109.06
2023-01-06,Smartwatch,Electronics,South,1,563,46.96,1,2023,563.0,0.08341030195381884,46.96
2022-03-03,Printer,Office,South,2,1570,247.7,3,2022,785.0,0.15777070063694268,123.85
2022-03-02,Camera,Electronics,North,3,2181,517.02,3,2022,727.0,0.2370563961485557,172.34
2024-09-25,Mouse,Accessories,North,4,3808,442.33,9,2024,952.0,0.11615808823529411,110.5825
2022-12-06,Keyboard,Accessories,West,7,6552,635.09,12,2022,936.0,0.09693070818070819,90.72714285714287
2023-06-18,Laptop,Electronics,South,8,6544,1086.29,6,2023,818.0,0.16599786063569683,135.78625
2023-11-21,Mouse,Accessories,West,3,2631,157.19,11,2023,877.0,0.059745343975674645,52.39666666666667
2023-03-31,Monitor,Accessories,West,9,945,94.75,3,2023,105.0,0.10026455026455026,10.527777777777779
2024-06-11,Monitor,Accessories,West,2,760,192.42,6,2024,380.0,0.2531842105263158,96.21
2023-04-25,Monitor,Accessories,North,4,1392,394.48,4,2023,348.0,0.28339080459770116,98.62
2022-12-17,Smartwatch,Electronics,East,3,1242,206.74,12,2022,414.0,0.16645732689210951,68.91333333333334
2024-07-05,Laptop,Electronics,East,3,3183,868.73,7,2024,1061.0,0.27292805529374803,289.57666666666665
2023-04-07,Monitor,Accessories,West,5,4260,229.77,4,2023,852.0,0.05393661971830986,45.954
2022-07-26,Smartphone,Electronics,West,1,1041,132.46,7,2022,1041.0,0.12724303554274738,132.46
2022-05-18,Smartwatch,Electronics,East,3,1692,348.81,5,2022,564.0,0.20615248226950356,116.27
2022-03-15,Camera,Electronics,North,4,1728,403.06,3,2022,432.0,0.23325231481481482,100.765
2023-10-13,Camera,Electronics,South,4,4484,893.27,10,2023,1121.0,0.19921275646743977,223.3175
2024-06-19,Smartphone,Electronics,East,7,4123,750.05,6,2024,589.0,0.18191850594227504,107.14999999999999
2024-11-03,Mouse,Accessories,East,2,2372,392.07,11,2024,1186.0,0.16529089376053963,196.035
2023-04-16,Smartphone,Electronics,East,7,5201,745.2,4,2023,743.0,0.14328013843491638,106.45714285714287
2024-09-27,Mouse,Accessories,South,5,3100,695.28,9,2024,620.0,0.22428387096774194,139.05599999999998
2022-07-12,Smartwatch,Electronics,East,6,5292,1105.95,7,2022,882.0,0.20898526077097507,184.32500000000002
2023-03-06,Tablet,Electronics,South,6,5952,971.53,3,2023,992.0,0.16322748655913977,161.92166666666665
2023-01-10,Smartphone,Electronics,East,4,1932,472.91,1,2023,483.0,0.24477743271221533,118.2275
2023-10-05,Tablet,Electronics,West,6,3486,1011.74,10,2023,581.0,0.29022948938611587,168.62333333333333
2024-05-25,Tablet,Electronics,West,2,1708,441.43,5,2024,854.0,0.25844847775175644,220.715
2024-09-12,Monitor,Accessories,South,4,4324,288.12,9,2024,1081.0,0.06663274745605921,72.03
2024-07-30,Laptop,Electronics,South,4,2708,302.14,7,2024,677.0,0.11157311669128507,75.535
2022-03-29,Printer,Office,West,8,7944,1142.83,3,2022,993.0,0.14386077542799597,142.85375
2023-04-10,Camera,Electronics,East,3,684,39.33,4,2023,228.0,0.057499999999999996,13.11
2023-01-01,Printer,Office,West,9,5904,1440.45,1,2023,656.0,0.24397865853658537,160.05
2024-03-20,Printer,Office,South,5,4970,1080.12,3,2024,994.0,0.21732796780684102,216.02399999999997
2024-02-02,Headphones,Accessories,West,2,2288,234.97,2,2024,1144.0,0.10269667832167832,117.485
2023-07-18,Smartphone,Electronics,East,6,4662,350.79,7,2023,777.0,0.07524453024453025,58.465
2022-02-25,Mouse,Accessories,East,4,2532,404.96,2,2022,633.0,0.15993680884676145,101.24
2024-12-19,Tablet,Electronics,South,8,9328,1008.6,12,2024,1166.0,0.10812607204116638,126.075
2022-02-05,Printer,Office,North,1,686,86.18,2,2022,686.0,0.12562682215743443,86.18
2024-02-29,Smartwatch,Electronics,South,6,1290,343.35,2,2024,215.0,0.26616279069767446,57.225
2022-08-26,Printer,Office,West,5,1205,235.19,8,2022,241.0,0.19517842323651452,47.038
2024-09-17,Headphones,Accessories,South,7,7966,1313.56,9,2024,1138.0,0.1648958071805172,187.65142857142857
2022-08-14,Camera,Electronics,North,7,1085,130.72,8,2022,155.0,0.12047926267281106,18.674285714285713
2024-08-29,Monitor,Accessories,West,9,6633,1239.11,8,2024,737.0,0.1868098899442183,137.67888888888888
2024-11-21,Laptop,Electronics,North,7,5096,971.5,11,2024,728.0,0.1906397174254317,138.78571428571428
2022-07-20,Tablet,Electronics,East,4,4120,710.07,7,2022,1030.0,0.1723470873786408,177.5175
2022-08-15,Monitor,Accessories,West,3,1479,207.58,8,2022,493.0,0.14035158891142666,69.19333333333334
2024-04-09,Smartphone,Electronics,West,7,1652,397.49,4,2024,236.0,0.24061138014527847,56.784285714285716
2022-07-07,Laptop,Electronics,South,1,1028,240.61,7,2022,1028.0,0.23405642023346304,240.61
2023-05-01,Monitor,Accessories,East,4,4580,655.14,5,2023,1145.0,0.14304366812227073,163.785
2024-01-28,Monitor,Accessories,South,8,2152,196.53,1,2024,269.0,0.09132434944237919,24.56625
2022-07-04,Monitor,Accessories,South,6,4566,866.13,7,2022,761.0,0.18969119579500657,144.355
2024-04-06,Headphones,Accessories,East,3,2244,301.53,4,2024,748.0,0.1343716577540107,100.50999999999999
2024-02-01,Mouse,Accessories,West,4,1344,140.52,2,2024,336.0,0.10455357142857144,35.13
2023-10-01,Printer,Office,South,6,2622,131.53,10,2023,437.0,0.05016399694889397,21.921666666666667
2022-12-03,Smartphone,Electronics,South,1,325,46.84,12,2022,325.0,0.14412307692307694,46.84
2024-12-17,Keyboard,Accessories,West,1,960,95.88,12,2024,960.0,0.09987499999999999,95.88
2023-11-30,Smartphone,Electronics,North,7,2639,268.88,11,2023,377.0,0.10188707843880257,38.41142857142857
2024-06-05,Printer,Office,South,5,1025,246.15,6,2024,205.0,0.24014634146341465,49.230000000000004
2022-01-13,Monitor,Accessories,West,2,1924,434.86,1,2022,962.0,0.22601871101871102,217.43
2023-08-29,Smartphone,Electronics,North,2,1660,362.88,8,2023,830.0,0.2186024096385542,181.44
2022-05-23,Printer,Office,North,1,985,105.09,5,2022,985.0,0.10669035532994924,105.09
2024-07-14,Keyboard,Accessories,North,5,2600,537.11,7,2024,520.0,0.20658076923076923,107.422
2024-10-21,Camera,Electronics,West,4,2792,725.35,10,2024,698.0,0.25979584527220634,181.3375
2024-08-31,Headphones,Accessories,North,2,378,87.37,8,2024,189.0,0.23113756613756614,43.685
2022-04-17,Camera,Electronics,West,8,968,271.61,4,2022,121.0,0.28058884297520664,33.95125
2024-05-12,Smartwatch,Electronics,North,3,564,108.35,5,2024,188.0,0.19210992907801416,36.11666666666667
2023-01-25,Laptop,Electronics,South,5,2365,667.61,1,2023,473.0,0.28228752642706134,133.522
2024-04-01,Smartphone,Electronics,West,6,3252,834.84,4,2024,542.0,0.2567158671586716,139.14000000000001
2024-05-05,Camera,Electronics,North,1,276,42.68,5,2024,276.0,0.15463768115942028,42.68
2024-05-20,Mouse,Accessories,West,3,3408,205.76,5,2024,1136.0,0.06037558685446009,68.58666666666666
2022-10-20,Laptop,Electronics,East,6,1398,180.88,10,2022,233.0,0.12938483547925608,30.146666666666665
2022-02-27,Keyboard,Accessories,North,4,904,108.85,2,2022,226.0,0.12040929203539823,27.2125
2023-12-01,Keyboard,Accessories,South,1,1178,161.06,12,2023,1178.0,0.136723259762309,161.06
2022-07-29,Headphones,Accessories,West,3,2535,292.19,7,2022,845.0,0.11526232741617357,97.39666666666666
2023-04-17,Tablet,Electronics,West,1,496,146.92,4,2023,496.0,0.29620967741935483,146.92
2024-06-30,Smartphone,Electronics,West,4,3888,284.17,6,2024,972.0,0.07308899176954733,71.0425
2024-03-12,Tablet,Electronics,East,7,4921,798.16,3,2024,703.0,0.1621946758788864,114.02285714285713
2024-07-04,Smartwatch,Electronics,West,8,4472,290.79,7,2024,559.0,0.06502459749552773,36.34875
2023-04-09,Tablet,Electronics,North,3,603,153.37,4,2023,201.0,0.2543449419568823,51.123333333333335
2023-03-10,Headphones,Accessories,West,9,1899,501.4,3,2023,211.0,0.2640337019483939,55.71111111111111
2023-01-03,Printer,Office,North,4,544,67.84,1,2023,136.0,0.12470588235294118,16.96
2022-05-29,Monitor,Accessories,North,9,6471,1844.59,5,2022,719.0,0.2850548601452635,204.95444444444445
2023-03-22,Keyboard,Accessories,North,1,677,54.14,3,2023,677.0,0.07997045790251107,54.14
2022-09-07,Laptop,Electronics,South,4,1372,302.58,9,2022,343.0,0.22053935860058307,75.645
2024-06-08,Keyboard,Accessories,North,9,7542,1477.49,6,2024,838.0,0.19590161760806152,164.16555555555556
2023-04-16,Monitor,Accessories,West,1,924,125.65,4,2023,924.0,0.1359848484848485,125.65
2022-07-11,Smartphone,Electronics,East,5,3940,755.11,7,2022,788.0,0.1916522842639594,151.022
2024-10-05,Tablet,Electronics,West,2,374,49.26,10,2024,187.0,0.13171122994652407,24.63
2023-03-19,Printer,Office,North,5,1800,252.69,3,2023,360.0,0.14038333333333333,50.538
2022-12-26,Monitor,Accessories,West,5,3170,868.34,12,2022,634.0,0.2739242902208202,173.668
2024-08-17,Headphones,Accessories,North,7,5362,1029.47,8,2024,766.0,0.19199365908243193,147.06714285714287
2023-11-05,Monitor,Accessories,East,9,5976,1747.57,11,2023,664.0,0.2924313922356091,194.17444444444445
2023-07-06,Keyboard,Accessories,North,9,8514,1400.4,7,2023,946.0,0.16448202959830868,155.60000000000002
2023-11-25,Laptop,Electronics,South,1,810,157.47,11,2023,810.0,0.19440740740740742,157.47
2022-01-08,Mouse,Accessories,South,1,71,12.02,1,2022,71.0,0.1692957746478873,12.02
2022-06-15,Laptop,Electronics,North,1,651,57.94,6,2022,651.0,0.08900153609831028,57.94
2022-03-13,Monitor,Accessories,North,3,1245,119.11,3,2022,415.0,0.09567068273092369,39.70333333333333
2023-11-06,Monitor,Accessories,West,1,464,58.38,11,2023,464.0,0.1258189655172414,58.38
2023-02-11,Monitor,Accessories,North,5,5155,356.43,2,2023,1031.0,0.06914258001939864,71.286
2023-12-11,Smartphone,Electronics,East,5,5175,786.27,12,2023,1035.0,0.15193623188405797,157.254
2022-01-13,Smartphone,Electronics,East,2,1668,470.42,1,2022,834.0,0.2820263788968825,235.21
2024-09-30,Printer,Office,East,3,1872,532.81,9,2024,624.0,0.28462072649572645,177.60333333333332
2023-01-16,Laptop,Electronics,North,3,513,132.56,1,2023,171.0,0.258401559454191,44.18666666666667
2024-04-05,Printer,Office,West,2,2276,366.5,4,2024,1138.0,0.1610281195079086,183.25
2024-01-02,Mouse,Accessories,West,4,3428,305.79,1,2024,857.0,0.08920361726954493,76.4475
2024-03-02,Keyboard,Accessories,East,2,1640,176.87,3,2024,820.0,0.10784756097560975,88.435
2024-05-25,Camera,Electronics,East,7,7077,1921.73,5,2024,1011.0,0.27154585276246995,274.53285714285715
2023-10-20,Printer,Office,South,9,9225,1391.15,10,2023,1025.0,0.15080216802168023,154.57222222222222
2022-06-20,Mouse,Accessories,South,5,3910,584.77,6,2022,782.0,0.14955754475703326,116.954
2023-05-09,Printer,Office,West,5,1995,369.22,5,2023,399.0,0.18507268170426067,73.84400000000001
2023-08-31,Keyboard,Accessories,North,7,385,43.43,8,2023,55.0,0.11280519480519481,6.204285714285715
2023-03-23,Mouse,Accessories,East,4,4316,566.7,3,2023,1079.0,0.13130213160333642,141.675
2024-04-28,Smartwatch,Electronics,North,1,1169,340.69,4,2024,1169.0,0.291437125748503,340.69
2023-03-30,Headphones,Accessories,East,5,2325,506.32,3,2023,465.0,0.21777204301075268,101.264
2024-02-18,Monitor,Accessories,North,1,199,48.92,2,2024,199.0,0.24582914572864323,48.92
2022-08-13,Smartwatch,Electronics,South,3,375,80.58,8,2022,125.0,0.21488,26.86
2022-05-05,Laptop,Electronics,East,9,8010,763.32,5,2022,890.0,0.09529588014981275,84.81333333333333
2023-01-03,Mouse,Accessories,East,4,316,77.13,1,2023,79.0,0.24408227848101263,19.2825
2024-11-14,Camera,Electronics,South,9,5895,442.49,11,2024,655.0,0.07506191687871078,49.16555555555556
2022-04-09,Headphones,Accessories,East,4,388,35.21,4,2022,97.0,0.09074742268041237,8.8025
2024-06-12,Mouse,Accessories,West,5,3670,462.97,6,2024,734.0,0.126149863760218,92.59400000000001
2024-10-15,Smartphone,Electronics,East,9,7731,2178.05,10,2024,859.0,0.28172940111240463,242.0055555555556
2023-10-18,Laptop,Electronics,South,3,1596,91.23,10,2023,532.0,0.05716165413533835,30.41
2024-04-06,Camera,Electronics,East,4,4192,216.16,4,2024,1048.0,0.0515648854961832,54.04
2023-07-29,Tablet,Electronics,West,7,5264,756.33,7,2023,752.0,0.1436797112462006,108.04714285714286
2023-06-04,Laptop,Electronics,North,1,425,48.81,6,2023,425.0,0.11484705882352941,48.81
2022-03-17,Smartwatch,Electronics,North,4,3380,211.72,3,2022,845.0,0.06263905325443787,52.93
2024-03-07,Printer,Office,East,7,8379,2009.05,3,2024,1197.0,0.2397720491705454,287.00714285714287
2022-03-05,Keyboard,Accessories,North,4,2040,393.72,3,2022,510.0,0.193,98.43
2024-04-17,Printer,Office,East,4,1336,116.65,4,2024,334.0,0.08731287425149702,29.1625
2024-08-22,Keyboard,Accessories,South,2,1934,157.41,8,2024,967.0,0.08139089968976215,78.705
2024-04-09,Keyboard,Accessories,South,3,1560,391.11,4,2024,520.0,0.2507115384615385,130.37
2024-07-20,Keyboard,Accessories,North,6,4446,1217.86,7,2024,741.0,0.2739226270805218,202.97666666666666
2023-03-17,Printer,Office,West,3,1893,508.8,3,2023,631.0,0.2687797147385103,169.6
2024-07-04,Camera,Electronics,East,4,4492,670.42,7,2024,1123.0,0.14924755120213712,167.605
2023-08-12,Mouse,Accessories,South,6,6228,1852.45,8,2023,1038.0,0.29743898522800255,308.7416666666667
2023-04-23,Camera,Electronics,East,7,4403,1295.89,4,2023,629.0,0.29431978196684083,185.12714285714287
2022-10-15,Headphones,Accessories,South,9,4176,510.97,10,2022,464.0,0.12235871647509579,56.77444444444445
2022-05-24,Keyboard,Accessories,West,2,486,64.43,5,2022,243.0,0.13257201646090536,32.215
2022-05-09,Printer,Office,East,5,4880,1084.69,5,2022,976.0,0.22227254098360658,216.93800000000002
2022-11-02,Printer,Office,West,5,265,53.21,11,2022,53.0,0.20079245283018868,10.642
2023-09-10,Laptop,Electronics,East,1,1041,128.58,9,2023,1041.0,0.12351585014409223,128.58
2024-03-28,Smartphone,Electronics,East,8,9448,616.5,3,2024,1181.0,0.06525190516511431,77.0625
2022-07-01,Headphones,Accessories,South,3,1617,440.46,7,2022,539.0,0.2723933209647495,146.82
2024-02-17,Laptop,Electronics,West,2,1486,233.7,2,2024,743.0,0.15726783310901749,116.85
2023-07-08,Smartwatch,Electronics,East,8,7152,1539.72,7,2023,894.0,0.21528523489932885,192.465
2022-12-29,Mouse,Accessories,East,6,1404,368.36,12,2022,234.0,0.26236467236467237,61.39333333333334
2023-08-11,Camera,Electronics,South,2,122,16.23,8,2023,61.0,0.13303278688524592,8.115
2023-08-01,Camera,Electronics,North,9,7533,1285.72,8,2023,837.0,0.17067834859949554,142.85777777777778
2023-07-23,Headphones,Accessories,South,4,3888,810.08,7,2023,972.0,0.20835390946502058,202.52
2024-07-05,Smartphone,Electronics,South,5,870,48.87,7,2024,174.0,0.05617241379310345,9.774
2022-11-28,Mouse,Accessories,South,2,1446,403.89,11,2022,723.0,0.27931535269709545,201.945
2024-11-11,Tablet,Electronics,South,6,510,151.91,11,2024,85.0,0.2978627450980392,25.31833333333333
2024-07-29,Keyboard,Accessories,West,8,6224,790.27,7,2024,778.0,0.12697140102827764,98.78375
2023-04-25,Keyboard,Accessories,North,2,686,85.03,4,2023,343.0,0.12395043731778425,42.515
2023-12-11,Mouse,Accessories,West,4,2840,591.94,12,2023,710.0,0.20842957746478874,147.985
2023-11-12,Laptop,Electronics,South,7,2562,347.62,11,2023,366.0,0.13568306010928963,49.660000000000004
2024-05-04,Smartphone,Electronics,West,5,790,216.12,5,2024,158.0,0.27356962025316456,43.224000000000004
2022-07-09,Laptop,Electronics,East,5,4170,786.42,7,2022,834.0,0.18858992805755395,157.284
2022-11-22,Tablet,Electronics,East,4,1360,373.59,11,2022,340.0,0.2746985294117647,93.3975
2022-03-13,Camera,Electronics,East,6,5316,782.42,3,2022,886.0,0.1471820917983446,130.40333333333334
2023-07-20,Laptop,Electronics,West,4,3956,293.38,7,2023,989.0,0.0741607684529828,73.345
2022-05-09,Monitor,Accessories,North,3,726,94.38,5,2022,242.0,0.13,31.459999999999997
2024-08-04,Smartphone,Electronics,North,4,228,29.37,8,2024,57.0,0.12881578947368422,7.3425
2022-07-31,Headphones,Accessories,North,3,2274,442.57,7,2022,758.0,0.19462181178540017,147.52333333333334
2024-09-13,Keyboard,Accessories,North,9,2628,459.87,9,2024,292.0,0.17498858447488586,51.096666666666664
2024-05-26,Camera,Electronics,South,6,606,104.85,5,2024,101.0,0.173019801980198,17.474999999999998
2024-11-15,Headphones,Accessories,East,8,7256,558.79,11,2024,907.0,0.07701074972436604,69.84875
2023-03-11,Camera,Electronics,West,4,1956,125.69,3,2023,489.0,0.06425869120654397,31.4225
2024-06-20,Printer,Office,South,6,3954,690.1,6,2024,659.0,0.17453211937278706,115.01666666666667
2023-01-11,Keyboard,Accessories,East,6,2262,442.86,1,2023,377.0,0.19578249336870027,73.81
2022-02-15,Printer,Office,North,4,2804,391.59,2,2022,701.0,0.13965406562054208,97.8975
2022-04-26,Tablet,Electronics,South,9,5850,1511.06,4,2022,650.0,0.2583008547008547,167.89555555555555
2023-06-07,Keyboard,Accessories,West,1,56,9.16,6,2023,56.0,0.16357142857142856,9.16
2024-01-17,Monitor,Accessories,East,9,4302,344.64,1,2024,478.0,0.08011157601115759,38.29333333333333
2024-05-14,Camera,Electronics,West,9,10143,1690.66,5,2024,1127.0,0.16668244109237898,187.85111111111112
2023-05-15,Headphones,Accessories,North,1,1012,164.89,5,2023,1012.0,0.16293478260869565,164.89
2023-05-22,Tablet,Electronics,East,9,8964,448.62,5,2023,996.0,0.050046854082998665,49.846666666666664
2022-08-05,Mouse,Accessories,South,6,1758,262.36,8,2022,293.0,0.1492377701934016,43.72666666666667
2023-10-12,Printer,Office,North,6,6348,557.72,10,2023,1058.0,0.08785759294265912,92.95333333333333
2023-11-04,Printer,Office,North,2,1582,422.46,11,2023,791.0,0.2670417193426043,211.23
2023-05-17,Mouse,Accessories,South,2,1924,394.4,5,2023,962.0,0.20498960498960497,197.2
2023-04-02,Keyboard,Accessories,North,1,120,23.86,4,2023,120.0,0.19883333333333333,23.86
2024-01-26,Headphones,Accessories,East,8,7752,1943.84,1,2024,969.0,0.2507533539731682,242.98
2023-07-13,Camera,Electronics,East,2,1114,300.44,7,2023,557.0,0.2696947935368043,150.22
2024-11-28,Keyboard,Accessories,North,5,1765,229.06,11,2024,353.0,0.12977903682719547,45.812
2022-08-10,Keyboard,Accessories,West,6,6834,1418.21,8,2022,1139.0,0.20752268071407667,236.36833333333334
2022-09-14,Smartphone,Electronics,East,5,1520,433.53,9,2022,304.0,0.28521710526315786,86.70599999999999
2023-08-05,Smartwatch,Electronics,West,7,8141,767.6,8,2023,1163.0,0.09428817098636531,109.65714285714286
2023-08-30,Tablet,Electronics,South,8,5176,866.36,8,2023,647.0,0.16738021638330758,108.295
2024-05-11,Mouse,Accessories,East,9,738,64.42,5,2024,82.0,0.087289972899729,7.157777777777778
2024-01-17,Printer,Office,South,9,4086,217.48,1,2024,454.0,0.05322564855604503,24.16444444444444
2022-09-16,Mouse,Accessories,East,2,442,28.13,9,2022,221.0,0.06364253393665158,14.065
2023-01-13,Smartphone,Electronics,East,6,2478,153.86,1,2023,413.0,0.062090395480226,25.643333333333334
2022-01-22,Keyboard,Accessories,South,2,1860,327.15,1,2022,930.0,0.17588709677419354,163.575
2022-05-24,Monitor,Accessories,East,9,4968,991.82,5,2022,552.0,0.19964170692431563,110.20222222222223
2023-03-05,Printer,Office,South,3,1446,278.94,3,2023,482.0,0.1929045643153527,92.98
2023-04-25,Mouse,Accessories,East,7,1722,414.87,4,2023,246.0,0.2409233449477352,59.26714285714286
2024-07-13,Smartwatch,Electronics,East,7,6573,460.28,7,2024,939.0,0.07002586338049596,65.75428571428571
2024-09-01,Headphones,Accessories,East,3,2481,249.52,9,2024,827.0,0.10057234985892785,83.17333333333333
2024-12-26,Monitor,Accessories,West,6,3828,1102.86,12,2024,638.0,0.28810344827586204,183.80999999999997
2023-08-20,Tablet,Electronics,East,7,1197,103.34,8,2023,171.0,0.08633249791144529,14.762857142857143
2022-01-09,Tablet,Electronics,West,7,7623,1459.84,1,2022,1089.0,0.1915046569592024,208.54857142857142
2022-08-14,Mouse,Accessories,North,9,3384,252.11,8,2022,376.0,0.07450059101654846,28.012222222222224
2022-01-01,Monitor,Accessories,South,8,1296,273.97,1,2022,162.0,0.21139660493827162,34.24625
2024-07-25,Tablet,Electronics,West,8,2840,262.62,7,2024,355.0,0.09247183098591549,32.8275
2024-08-22,Camera,Electronics,East,7,1540,342.93,8,2024,220.0,0.22268181818181818,48.99
2022-06-28,Camera,Electronics,West,2,1414,308.39,6,2022,707.0,0.2180975954738331,154.195
2023-04-26,Camera,Electronics,West,8,8328,466.38,4,2023,1041.0,0.0560014409221902,58.2975
2023-08-29,Camera,Electronics,North,2,744,217.21,8,2023,372.0,0.2919489247311828,108.605
2023-01-02,Mouse,Accessories,South,9,1773,168.01,1,2023,197.0,0.09476029328821206,18.667777777777776
2023-08-11,Smartphone,Electronics,East,7,6034,1018.37,8,2023,862.0,0.1687719588995691,145.48142857142858
2023-06-22,Smartphone,Electronics,South,9,756,99.21,6,2023,84.0,0.13123015873015872,11.023333333333333
2024-07-27,Monitor,Accessories,East,8,2256,468.52,7,2024,282.0,0.207677304964539,58.565
2023-11-30,Monitor,Accessories,North,7,875,203.63,11,2023,125.0,0.23271999999999998,29.09
2024-11-26,Headphones,Accessories,South,4,1208,115.13,11,2024,302.0,0.09530629139072848,28.7825
2023-08-15,Headphones,Accessories,South,2,352,54.19,8,2023,176.0,0.15394886363636362,27.095
2023-02-23,Printer,Office,West,6,4266,357.51,2,2023,711.0,0.08380450070323488,59.585
2022-03-26,Tablet,Electronics,North,7,1841,496.89,3,2022,263.0,0.26990222705051603,70.98428571428572
2024-07-27,Camera,Electronics,East,1,712,89.5,7,2024,712.0,0.12570224719101122,89.5
2024-03-23,Printer,Office,West,2,724,72.19,3,2024,362.0,0.09970994475138122,36.095
2024-12-09,Smartphone,Electronics,West,8,5832,662.72,12,2024,729.0,0.11363511659807957,82.84
2023-06-17,Keyboard,Accessories,South,6,4188,989.14,6,2023,698.0,0.23618433619866283,164.85666666666665
2023-09-21,Tablet,Electronics,West,1,392,50.7,9,2023,392.0,0.12933673469387755,50.7
2022-05-14,Laptop,Electronics,East,9,963,49.71,5,2022,107.0,0.05161993769470405,5.523333333333333
2024-04-13,Camera,Electronics,West,6,5706,319.46,4,2024,951.0,0.05598668068699614,53.24333333333333
2024-06-11,Headphones,Accessories,West,7,1365,312.04,6,2024,195.0,0.2286007326007326,44.57714285714286
2023-05-23,Headphones,Accessories,South,1,202,11.24,5,2023,202.0,0.055643564356435644,11.24
2023-12-24,Smartphone,Electronics,North,9,2430,613.67,12,2023,270.0,0.25253909465020574,68.18555555555555
2023-04-26,Monitor,Accessories,South,3,2670,515.39,4,2023,890.0,0.19302996254681648,171.79666666666665
2022-01-21,Tablet,Electronics,South,7,2758,520.66,1,2022,394.0,0.18878172588832487,74.38
2022-10-14,Monitor,Accessories,South,9,873,82.35,10,2022,97.0,0.09432989690721649,9.149999999999999
2023-08-23,Smartwatch,Electronics,West,9,7245,1410.92,8,2023,805.0,0.194743961352657,156.7688888888889
2023-09-13,Camera,Electronics,North,4,960,255.24,9,2023,240.0,0.26587500000000003,63.81
2024-12-28,Smartwatch,Electronics,East,4,1284,171.02,12,2024,321.0,0.13319314641744548,42.755
2023-06-09,Mouse,Accessories,West,4,512,110.47,6,2023,128.0,0.21576171875,27.6175
2022-07-10,Smartwatch,Electronics,South,9,9729,2039.41,7,2022,1081.0,0.20962174940898345,226.60111111111112
2023-01-11,Camera,Electronics,North,5,1580,166.16,1,2023,316.0,0.10516455696202531,33.232
2023-07-26,Mouse,Accessories,East,8,976,234.24,7,2023,122.0,0.24000000000000002,29.28
2024-01-05,Printer,Office,North,8,1824,495.35,1,2024,228.0,0.27157346491228074,61.91875
2023-05-08,Smartphone,Electronics,South,4,3188,202.81,5,2023,797.0,0.06361668757841907,50.7025
2023-11-29,Camera,Electronics,East,7,5467,556.02,11,2023,781.0,0.10170477409914029,79.43142857142857
2024-09-05,Smartphone,Electronics,South,6,5406,1277.46,9,2024,901.0,0.23630410654827969,212.91
2024-08-08,Headphones,Accessories,East,8,2984,742.31,8,2024,373.0,0.24876340482573725,92.78875
2023-04-12,Printer,Office,North,1,919,193.35,4,2023,919.0,0.2103917301414581,193.35
2023-08-18,Camera,Electronics,South,6,1686,426.72,8,2023,281.0,0.25309608540925266,71.12
2023-06-02,Laptop,Electronics,West,7,4165,493.24,6,2023,595.0,0.1184249699879952,70.46285714285715
2023-11-17,Smartphone,Electronics,West,7,1281,282.63,11,2023,183.0,0.22063231850117096,40.37571428571429
2024-06-17,Smartwatch,Electronics,East,3,2829,362.16,6,2024,943.0,0.128016967126193,120.72000000000001
2024-04-06,Monitor,Accessories,West,3,2211,292.31,4,2024,737.0,0.13220714608774312,97.43666666666667
2024-12-18,Headphones,Accessories,East,4,4740,607.81,12,2024,1185.0,0.12822995780590715,151.9525
2023-12-09,Camera,Electronics,East,1,718,169.09,12,2023,718.0,0.23550139275766016,169.09
2022-10-10,Headphones,Accessories,North,6,1716,108.81,10,2022,286.0,0.06340909090909091,18.135
2024-04-22,Monitor,Accessories,South,7,1547,152.59,4,2024,221.0,0.0986360698125404,21.798571428571428
2022-06-14,Mouse,Accessories,North,1,739,111.18,6,2022,739.0,0.15044654939106902,111.18
2023-09-03,Laptop,Electronics,West,3,819,231.88,9,2023,273.0,0.2831257631257631,77.29333333333334
2023-12-19,Laptop,Electronics,South,8,5696,1156.3,12,2023,712.0,0.203002106741573,144.5375
2023-01-22,Monitor,Accessories,South,2,1706,184.71,1,2023,853.0,0.10827080890973037,92.355
2024-01-23,Camera,Electronics,North,2,2066,608.23,1,2024,1033.0,0.2943998063891578,304.115
2024-06-07,Laptop,Electronics,North,2,256,35.66,6,2024,128.0,0.139296875,17.83
2024-02-04,Smartphone,Electronics,North,2,1102,182.54,2,2024,551.0,0.1656442831215971,91.27
2024-08-31,Monitor,Accessories,North,8,2872,483.94,8,2024,359.0,0.16850278551532033,60.4925
2024-11-11,Tablet,Electronics,East,4,2584,394.52,11,2024,646.0,0.1526780185758514,98.63
2024-07-27,Mouse,Accessories,North,2,1366,298.32,7,2024,683.0,0.21838945827232795,149.16
2024-05-11,Smartwatch,Electronics,South,7,1253,354.23,5,2024,179.0,0.2827055067837191,50.604285714285716
2023-03-24,Laptop,Electronics,West,7,2618,300.81,3,2023,374.0,0.11490068754774638,42.972857142857144
2022-09-22,Headphones,Accessories,East,9,6822,1811.37,9,2022,758.0,0.26551890941073,201.26333333333332
2023-11-05,Keyboard,Accessories,East,6,5286,636.16,11,2023,881.0,0.12034808929247068,106.02666666666666
2024-06-13,Monitor,Accessories,North,1,579,133.57,6,2024,579.0,0.2306908462867012,133.57
2022-02-28,Laptop,Electronics,West,8,1392,190.99,2,2022,174.0,0.13720545977011495,23.87375
2022-11-14,Laptop,Electronics,West,9,2493,696.69,11,2022,277.0,0.27945848375451265,77.41000000000001
2023-09-17,Smartphone,Electronics,North,7,6461,766.45,9,2023,923.0,0.11862714750038694,109.49285714285715
2022-08-17,Tablet,Electronics,East,2,1486,201.07,8,2022,743.0,0.13530955585464333,100.535
2023-05-14,Printer,Office,South,1,1152,280.28,5,2023,1152.0,0.2432986111111111,280.28
2022-03-12,Smartwatch,Electronics,West,2,1750,103.99,3,2022,875.0,0.05942285714285714,51.995
2022-07-12,Smartphone,Electronics,West,7,4417,495.37,7,2022,631.0,0.11215078107312655,70.76714285714286
2024-07-05,Laptop,Electronics,South,4,3724,276.85,7,2024,931.0,0.0743421052631579,69.2125
2023-06-16,Camera,Electronics,West,3,2220,121.14,6,2023,740.0,0.05456756756756757,40.38
2023-06-20,Monitor,Accessories,West,8,9104,2620.58,6,2023,1138.0,0.2878492970123023,327.5725
2024-08-08,Printer,Office,West,3,3093,584.23,8,2024,1031.0,0.1888878111865503,194.74333333333334
2023-03-01,Headphones,Accessories,South,6,3048,842.24,3,2023,508.0,0.2763254593175853,140.37333333333333
2022-05-02,Smartphone,Electronics,North,1,161,36.58,5,2022,161.0,0.22720496894409936,36.58
2023-07-23,Monitor,Accessories,West,7,7238,1889.69,7,2023,1034.0,0.2610790273556231,269.9557142857143
2024-03-30,Smartphone,Electronics,North,3,3561,347.31,3,2024,1187.0,0.09753159224936815,115.77
2022-08-07,Monitor,Accessories,North,5,1850,534.39,8,2022,370.0,0.28885945945945946,106.878
2022-03-06,Mouse,Accessories,West,6,3522,626.72,3,2022,587.0,0.1779443498012493,104.45333333333333
2023-11-24,Smartwatch,Electronics,East,1,584,172.4,11,2023,584.0,0.29520547945205483,172.4
2023-08-31,Smartphone,Electronics,East,4,2556,412.44,8,2023,639.0,0.16136150234741783,103.11
2023-10-14,Smartphone,Electronics,South,2,348,56.31,10,2023,174.0,0.16181034482758622,28.155
2023-05-16,Monitor,Accessories,South,9,1602,142.49,5,2023,178.0,0.08894506866416979,15.832222222222223
2023-06-19,Monitor,Accessories,South,3,2853,437.59,6,2023,951.0,0.153378899404136,145.86333333333332
2023-07-21,Printer,Office,West,1,1024,230.3,7,2023,1024.0,0.22490234375,230.3
2022-03-20,Camera,Electronics,East,5,4485,1324.49,3,2022,897.0,0.2953154960981048,264.898
2023-08-06,Printer,Office,East,2,436,79.69,8,2023,218.0,0.18277522935779816,39.845
2024-10-21,Smartwatch,Electronics,North,2,2232,150.12,10,2024,1116.0,0.06725806451612903,75.06
2022-08-14,Keyboard,Accessories,South,6,7056,1445.01,8,2022,1176.0,0.20479166666666668,240.835
2022-03-15,Keyboard,Accessories,East,5,875,96.65,3,2022,175.0,0.11045714285714286,19.330000000000002
2022-02-01,Smartwatch,Electronics,East,3,315,61.94,2,2022,105.0,0.19663492063492063,20.646666666666665
2022-04-24,Laptop,Electronics,East,2,358,51.75,4,2022,179.0,0.14455307262569833,25.875
2023-03-23,Camera,Electronics,South,7,3451,194.42,3,2023,493.0,0.05633729353810489,27.774285714285714
2022-02-10,Laptop,Electronics,North,9,1350,189.13,2,2022,150.0,0.1400962962962963,21.014444444444443
2023-10-19,Tablet,Electronics,West,8,3320,413.32,10,2023,415.0,0.12449397590361445,51.665
2024-09-10,Mouse,Accessories,North,9,8442,940.33,9,2024,938.0,0.11138711205875386,104.48111111111112
2022-06-17,Keyboard,Accessories,South,1,166,31.97,6,2022,166.0,0.19259036144578312,31.97
2023-08-09,Mouse,Accessories,North,5,3720,448.6,8,2023,744.0,0.12059139784946238,89.72
2023-07-11,Laptop,Electronics,South,2,1090,136.65,7,2023,545.0,0.12536697247706421,68.325
2024-01-05,Laptop,Electronics,West,9,9783,2347.49,1,2024,1087.0,0.2399560462025963,260.8322222222222
2022-09-22,Smartphone,Electronics,North,4,2432,657.18,9,2022,608.0,0.2702220394736842,164.295
2023-06-22,Mouse,Accessories,North,7,4060,291.42,6,2023,580.0,0.07177832512315271,41.63142857142857
2023-03-26,Smartwatch,Electronics,North,1,387,99.59,3,2023,387.0,0.25733850129198965,99.59
2023-08-11,Smartwatch,Electronics,North,3,966,120.56,8,2023,322.0,0.12480331262939959,40.18666666666667
2024-05-17,Tablet,Electronics,North,3,3366,882.29,5,2024,1122.0,0.2621182412358883,294.09666666666664
2024-06-30,Monitor,Accessories,West,7,7833,1843.94,6,2024,1119.0,0.2354066130473637,263.42
2023-04-09,Monitor,Accessories,West,1,610,33.55,4,2023,610.0,0.05499999999999999,33.55
2022-05-28,Smartwatch,Electronics,West,8,4288,597.09,5,2022,536.0,0.13924673507462687,74.63625
2022-07-18,Printer,Office,North,9,7740,605.35,7,2022,860.0,0.07821059431524548,67.26111111111112
2024-08-20,Smartwatch,Electronics,West,9,3150,457.13,8,2024,350.0,0.14512063492063493,50.79222222222222
2023-12-31,Keyboard,Accessories,West,2,894,224.75,12,2023,447.0,0.25139821029082776,112.375
2022-10-09,Laptop,Electronics,North,8,7544,1219.73,10,2022,943.0,0.161682131495228,152.46625
2024-03-01,Keyboard,Accessories,North,8,6360,1871.88,3,2024,795.0,0.29432075471698116,233.985
2022-03-19,Smartphone,Electronics,West,4,2428,485.75,3,2022,607.0,0.20006177924217464,121.4375
2022-10-05,Headphones,Accessories,South,2,574,38.52,10,2022,287.0,0.06710801393728223,19.26
2023-04-25,Keyboard,Accessories,West,6,6744,660.47,4,2023,1124.0,0.09793446026097272,110.07833333333333
2023-09-11,Headphones,Accessories,North,6,798,213.4,9,2023,133.0,0.2674185463659148,35.56666666666667
2023-01-13,Printer,Office,North,5,2860,339.0,1,2023,572.0,0.11853146853146854,67.8
2022-04-03,Printer,Office,South,5,5410,1129.77,4,2022,1082.0,0.20882994454713494,225.954
2023-02-26,Laptop,Electronics,West,5,4445,580.15,2,2023,889.0,0.13051743532058493,116.03
2024-11-03,Smartwatch,Electronics,South,8,7536,1197.09,11,2024,942.0,0.15884952229299362,149.63625
2023-09-26,Monitor,Accessories,North,7,4165,263.26,9,2023,595.0,0.06320768307322928,37.60857142857143
2024-02-19,Laptop,Electronics,East,3,3021,763.99,2,2024,1007.0,0.2528930817610063,254.66333333333333
2024-04-29,Keyboard,Accessories,North,2,310,70.66,4,2024,155.0,0.22793548387096774,35.33
2024-05-15,Headphones,Accessories,South,2,2170,522.0,5,2024,1085.0,0.24055299539170508,261.0
2024-10-22,Tablet,Electronics,West,3,2832,317.76,10,2024,944.0,0.11220338983050847,105.92
2022-07-31,Smartwatch,Electronics,West,5,3945,392.09,7,2022,789.0,0.09938910012674271,78.41799999999999
2022-09-10,Tablet,Electronics,South,4,2104,308.0,9,2022,526.0,0.14638783269961977,77.0
2022-08-24,Monitor,Accessories,South,2,2060,517.64,8,2022,1030.0,0.25128155339805824,258.82
2024-06-23,Printer,Office,North,4,1060,155.78,6,2024,265.0,0.1469622641509434,38.945
2023-01-13,Smartwatch,Electronics,South,6,810,108.61,1,2023,135.0,0.1340864197530864,18.101666666666667
2022-09-23,Laptop,Electronics,West,3,873,57.42,9,2022,291.0,0.06577319587628866,19.14
2022-02-08,Tablet,Electronics,West,5,595,121.11,2,2022,119.0,0.20354621848739496,24.222
2022-12-18,Laptop,Electronics,West,2,1562,119.56,12,2022,781.0,0.07654289372599232,59.78
2022-01-25,Smartwatch,Electronics,East,9,5337,1575.99,1,2022,593.0,0.29529510961214167,175.11
2022-12-09,Printer,Office,North,2,212,13.4,12,2022,106.0,0.06320754716981132,6.7
2023-06-14,Printer,Office,East,8,2704,705.74,6,2023,338.0,0.2609985207100592,88.2175
2024-05-31,Laptop,Electronics,North,5,3225,523.32,5,2024,645.0,0.16226976744186047,104.66400000000002
2023-08-07,Monitor,Accessories,North,2,1342,184.59,8,2023,671.0,0.13754843517138599,92.295
2022-07-13,Mouse,Accessories,South,7,3395,1012.78,7,2022,485.0,0.29831516936671576,144.68285714285713
2024-12-01,Smartwatch,Electronics,East,4,3968,480.72,12,2024,992.0,0.1211491935483871,120.18
2024-04-12,Smartphone,Electronics,West,5,4555,776.65,4,2024,911.0,0.17050493962678376,155.32999999999998
2022-02-26,Tablet,Electronics,West,2,2132,365.44,2,2022,1066.0,0.17140712945590994,182.72
2022-03-31,Mouse,Accessories,West,6,6516,842.83,3,2022,1086.0,0.12934775936157153,140.47166666666666
2023-08-17,Smartwatch,Electronics,North,2,2040,481.15,8,2023,1020.0,0.23585784313725489,240.575
2024-09-23,Mouse,Accessories,East,6,6126,428.38,9,2024,1021.0,0.06992817499183807,71.39666666666666
2022-09-11,Smartwatch,Electronics,West,8,520,30.58,9,2022,65.0,0.058807692307692304,3.8225
2023-01-01,Camera,Electronics,South,5,4470,526.96,1,2023,894.0,0.1178881431767338,105.39200000000001
2024-07-12,Smartwatch,Electronics,West,8,5504,1196.78,7,2024,688.0,0.21743822674418603,149.5975
2022-01-11,Headphones,Accessories,West,4,3036,511.69,1,2022,759.0,0.16854084321475626,127.9225
2024-10-05,Smartwatch,Electronics,East,5,2725,308.29,10,2024,545.0,0.11313394495412844,61.658
2024-09-16,Printer,Office,North,8,4080,336.96,9,2024,510.0,0.08258823529411764,42.12
2024-05-23,Keyboard,Accessories,North,8,3080,776.6,5,2024,385.0,0.25214285714285717,97.075
2023-06-08,Smartwatch,Electronics,North,5,1525,413.75,6,2023,305.0,0.2713114754098361,82.75
2022-07-16,Monitor,Accessories,South,4,1332,342.85,7,2022,333.0,0.2573948948948949,85.7125
2023-07-24,Smartphone,Electronics,South,7,4669,803.21,7,2023,667.0,0.1720304133647462,114.74428571428572
2022-03-12,Smartwatch,Electronics,West,6,5310,1099.84,3,2022,885.0,0.2071261770244821,183.30666666666664
2023-01-12,Camera,Electronics,East,8,9392,2651.84,1,2023,1174.0,0.282350936967632,331.48
2022-11-03,Monitor,Accessories,South,5,1350,198.19,11,2022,270.0,0.14680740740740741,39.638
2024-03-14,Monitor,Accessories,North,4,3648,768.61,3,2024,912.0,0.2106935307017544,192.1525
2023-07-27,Printer,Office,North,2,300,47.59,7,2023,150.0,0.15863333333333335,23.795
2022-08-14,Smartphone,Electronics,North,3,3408,727.26,8,2022,1136.0,0.21339788732394366,242.42
2024-11-17,Keyboard,Accessories,South,9,4302,475.96,11,2024,478.0,0.1106369130636913,52.88444444444444
2024-05-13,Keyboard,Accessories,South,5,4575,771.24,5,2024,915.0,0.16857704918032787,154.248
2022-10-21,Laptop,Electronics,East,8,9304,1855.7,10,2022,1163.0,0.1994518486672399,231.9625
2024-04-15,Monitor,Accessories,East,4,1928,232.48,4,2024,482.0,0.12058091286307053,58.12
2023-01-17,Printer,Office,East,2,1042,86.24,1,2023,521.0,0.08276391554702495,43.12
2023-11-28,Tablet,Electronics,East,3,2214,507.7,11,2023,738.0,0.22931345980126466,169.23333333333332
2024-05-03,Keyboard,Accessories,South,4,3024,678.26,5,2024,756.0,0.22429232804232804,169.565
2023-08-11,Camera,Electronics,East,2,1104,173.01,8,2023,552.0,0.1567119565217391,86.505
2022-07-26,Mouse,Accessories,East,8,6056,1631.71,7,2022,757.0,0.2694369220607662,203.96375
2023-02-07,Mouse,Accessories,South,5,5295,1375.98,2,2023,1059.0,0.25986402266288955,275.196
2022-01-19,Smartphone,Electronics,North,4,3668,839.4,1,2022,917.0,0.22884405670665212,209.85
2023-06-30,Printer,Office,South,9,4293,295.47,6,2023,477.0,0.0688259958071279,32.830000000000005
2022-08-19,Mouse,Accessories,North,7,5789,950.45,8,2022,827.0,0.16418206944204528,135.77857142857144
2023-08-27,Smartwatch,Electronics,North,6,4440,800.92,8,2023,740.0,0.18038738738738738,133.48666666666665
2022-03-10,Printer,Office,South,5,5515,330.02,3,2022,1103.0,0.059840435176790566,66.00399999999999
2024-10-12,Camera,Electronics,North,4,784,192.77,10,2024,196.0,0.24588010204081634,48.1925
2024-06-15,Laptop,Electronics,East,4,576,156.59,6,2024,144.0,0.2718576388888889,39.1475
2024-09-09,Smartwatch,Electronics,West,5,705,198.62,9,2024,141.0,0.2817304964539007,39.724000000000004
2023-09-24,Keyboard,Accessories,North,6,4458,1215.3,9,2023,743.0,0.27261103633916556,202.54999999999998
2022-08-25,Smartphone,Electronics,East,6,6780,811.92,8,2022,1130.0,0.11975221238938052,135.32
2023-10-01,Smartwatch,Electronics,North,5,3970,642.7,10,2023,794.0,0.16188916876574308,128.54000000000002
2023-01-08,Monitor,Accessories,North,7,5131,368.11,1,2023,733.0,0.07174235041902163,52.58714285714286
2022-10-02,Laptop,Electronics,East,7,1750,90.21,10,2022,250.0,0.05154857142857142,12.887142857142857
2022-02-11,Tablet,Electronics,East,7,8337,753.35,2,2022,1191.0,0.09036224061412979,107.62142857142858
2022-09-15,Keyboard,Accessories,East,9,9810,549.46,9,2022,1090.0,0.056010193679918455,61.05111111111111
2024-01-28,Keyboard,Accessories,East,3,2658,794.36,1,2024,886.0,0.29885628291948835,264.7866666666667
2022-07-23,Printer,Office,West,1,473,43.65,7,2022,473.0,0.09228329809725158,43.65
2022-01-14,Tablet,Electronics,North,9,2205,410.01,1,2022,245.0,0.1859455782312925,45.556666666666665
2023-06-13,Smartphone,Electronics,South,9,6948,1409.3,6,2023,772.0,0.20283534830166955,156.58888888888887
2022-09-09,Tablet,Electronics,North,3,774,212.02,9,2022,258.0,0.27392764857881136,70.67333333333333
2023-12-26,Tablet,Electronics,North,3,2532,343.13,12,2023,844.0,0.1355173775671406,114.37666666666667
2024-11-16,Laptop,Electronics,West,7,6587,1173.91,11,2024,941.0,0.17821618339152878,167.70142857142858
2024-04-01,Smartphone,Electronics,East,7,7266,806.79,4,2024,1038.0,0.11103633360858794,115.25571428571428
2024-11-27,Smartphone,Electronics,East,7,6867,502.06,11,2024,981.0,0.07311198485510412,71.72285714285714
2023-07-01,Camera,Electronics,South,9,4887,396.36,7,2023,543.0,0.08110497237569061,44.04
2023-02-13,Mouse,Accessories,West,4,864,251.99,2,2023,216.0,0.2916550925925926,62.9975
2023-11-09,Smartphone,Electronics,East,6,5190,1215.07,11,2023,865.0,0.23411753371868976,202.51166666666666
2022-05-20,Keyboard,Accessories,South,8,2128,294.45,5,2022,266.0,0.13836936090225563,36.80625
2024-06-26,Mouse,Accessories,East,2,1718,218.82,6,2024,859.0,0.12736903376018627,109.41
2022-05-02,Smartphone,Electronics,North,2,1270,229.39,5,2022,635.0,0.18062204724409447,114.695
2023-05-18,Keyboard,Accessories,East,7,2569,130.19,5,2023,367.0,0.050677306344881275,18.59857142857143
2022-02-14,Printer,Office,South,2,1518,262.65,2,2022,759.0,0.17302371541501974,131.325
2022-11-22,Headphones,Accessories,South,2,1210,268.37,11,2022,605.0,0.22179338842975208,134.185
2022-03-15,Mouse,Accessories,East,2,1128,94.13,3,2022,564.0,0.08344858156028369,47.065
2023-08-23,Headphones,Accessories,North,1,1077,77.97,8,2023,1077.0,0.07239554317548746,77.97
2023-12-18,Keyboard,Accessories,East,6,2244,517.47,12,2023,374.0,0.23060160427807488,86.245
2022-09-16,Mouse,Accessories,West,8,1608,464.18,9,2022,201.0,0.28866915422885575,58.0225
2024-12-15,Camera,Electronics,West,5,3685,476.2,12,2024,737.0,0.12922659430122116,95.24
2024-04-25,Camera,Electronics,North,8,4080,1079.49,4,2024,510.0,0.2645808823529412,134.93625
2024-02-09,Monitor,Accessories,North,1,404,84.4,2,2024,404.0,0.20891089108910893,84.4
2023-04-19,Keyboard,Accessories,South,2,1738,163.38,4,2023,869.0,0.09400460299194476,81.69
2023-01-31,Printer,Office,West,3,828,210.33,1,2023,276.0,0.2540217391304348,70.11
2023-11-24,Mouse,Accessories,North,4,4344,461.72,11,2023,1086.0,0.10628913443830572,115.43
2023-10-02,Tablet,Electronics,North,1,1130,268.88,10,2023,1130.0,0.23794690265486726,268.88
2024-04-18,Headphones,Accessories,North,3,1698,304.91,4,2024,566.0,0.17957008244994113,101.63666666666667
2023-06-27,Tablet,Electronics,East,4,844,136.02,6,2023,211.0,0.1611611374407583,34.005
2023-02-20,Printer,Office,West,2,2286,218.18,2,2023,1143.0,0.09544181977252844,109.09
2023-12-12,Camera,Electronics,East,2,1026,170.31,12,2023,513.0,0.16599415204678364,85.155
2023-10-04,Laptop,Electronics,West,6,6984,1433.65,10,2023,1164.0,0.20527634593356245,238.9416666666667
2022-02-18,Monitor,Accessories,West,4,1672,432.35,2,2022,418.0,0.2585825358851675,108.0875
2023-01-08,Laptop,Electronics,North,6,1092,63.98,1,2023,182.0,0.05858974358974359,10.663333333333332
2024-04-01,Headphones,Accessories,South,2,272,24.71,4,2024,136.0,0.09084558823529412,12.355
2023-11-12,Headphones,Accessories,West,2,1126,204.99,11,2023,563.0,0.18205150976909415,102.495
2023-10-22,Mouse,Accessories,West,7,8155,2177.38,10,2023,1165.0,0.2669993868792152,311.05428571428575
2023-03-29,Smartwatch,Electronics,East,7,4298,358.38,3,2023,614.0,0.08338296882270824,51.19714285714286
2022-12-17,Smartphone,Electronics,East,5,1365,310.66,12,2022,273.0,0.2275897435897436,62.132000000000005
2024-11-28,Camera,Electronics,West,6,4116,381.35,11,2024,686.0,0.09265063168124393,63.55833333333334
2022-04-07,Headphones,Accessories,South,8,904,181.45,4,2022,113.0,0.20071902654867255,22.68125
2024-12-05,Smartwatch,Electronics,South,1,70,10.64,12,2024,70.0,0.152,10.64
2023-09-03,Keyboard,Accessories,East,2,344,72.87,9,2023,172.0,0.21183139534883721,36.435
2023-08-19,Printer,Office,East,1,330,78.52,8,2023,330.0,0.23793939393939392,78.52
2024-08-17,Headphones,Accessories,South,2,518,34.22,8,2024,259.0,0.06606177606177606,17.11
2022-08-18,Mouse,Accessories,North,9,2763,458.4,8,2022,307.0,0.16590662323561345,50.93333333333333
2022-03-26,Smartwatch,Electronics,North,2,2298,343.53,3,2022,1149.0,0.14949086161879893,171.765
2024-10-02,Monitor,Accessories,South,1,436,73.89,10,2024,436.0,0.1694724770642202,73.89
2022-09-28,Mouse,Accessories,East,6,1824,213.47,9,2022,304.0,0.11703399122807018,35.57833333333333
2024-05-12,Laptop,Electronics,North,5,1540,411.83,5,2024,308.0,0.2674220779220779,82.366
2023-03-14,Tablet,Electronics,East,7,5572,385.82,3,2023,796.0,0.06924264178033022,55.11714285714286
2023-09-21,Monitor,Accessories,East,6,3030,335.71,9,2023,505.0,0.11079537953795379,55.95166666666666
2024-05-02,Monitor,Accessories,West,5,1245,345.84,5,2024,249.0,0.27778313253012044,69.16799999999999
2022-01-31,Tablet,Electronics,South,4,1252,326.69,1,2022,313.0,0.26093450479233227,81.6725
2024-06-04,Camera,Electronics,North,9,4959,479.28,6,2024,551.0,0.09664851784633999,53.25333333333333
2023-02-16,Monitor,Accessories,West,7,8162,443.81,2,2023,1166.0,0.05437515314873805,63.401428571428575
2023-05-26,Monitor,Accessories,East,5,1370,253.92,5,2023,274.0,0.18534306569343065,50.784
2023-12-28,Tablet,Electronics,North,3,3111,607.23,12,2023,1037.0,0.1951880424300868,202.41
2022-10-10,Mouse,Accessories,South,7,7805,1078.03,10,2022,1115.0,0.13812043561819345,154.00428571428571
2024-04-21,Smartphone,Electronics,South,9,10314,2729.6,4,2024,1146.0,0.26464999030444053,303.2888888888889
2023-09-29,Keyboard,Accessories,South,9,10782,2730.14,9,2023,1198.0,0.25321276201075865,303.3488888888889
2024-10-22,Monitor,Accessories,West,5,4375,987.96,10,2024,875.0,0.2258194285714286,197.592
2023-07-31,Monitor,Accessories,North,5,2265,595.05,7,2023,453.0,0.26271523178807943,119.00999999999999
2022-04-15,Laptop,Electronics,East,1,166,9.69,4,2022,166.0,0.05837349397590361,9.69
2024-04-24,Headphones,Accessories,North,7,7217,1481.7,4,2024,1031.0,0.2053069142302896,211.67142857142858
2022-01-16,Tablet,Electronics,East,3,1767,186.54,1,2022,589.0,0.10556876061120543,62.18
2023-12-06,Laptop,Electronics,East,3,2883,557.81,12,2023,961.0,0.19348248352410682,185.93666666666664
2024-09-04,Smartwatch,Electronics,South,3,1338,396.08,9,2024,446.0,0.2960239162929746,132.02666666666667
2024-08-24,Printer,Office,East,9,9459,604.06,8,2024,1051.0,0.06386087324241463,67.11777777777777
2022-06-10,Printer,Office,North,3,168,45.31,6,2022,56.0,0.26970238095238097,15.103333333333333
2022-10-03,Smartphone,Electronics,South,9,4536,479.78,10,2022,504.0,0.1057716049382716,53.30888888888889
2022-02-25,Mouse,Accessories,East,4,4404,793.7,2,2022,1101.0,0.18022252497729338,198.425
2023-08-18,Monitor,Accessories,North,4,1952,148.67,8,2023,488.0,0.07616290983606556,37.1675
2022-12-23,Mouse,Accessories,North,3,2004,467.76,12,2022,668.0,0.2334131736526946,155.92
2022-06-30,Keyboard,Accessories,South,4,468,131.48,6,2022,117.0,0.28094017094017093,32.87
2024-11-10,Smartphone,Electronics,West,9,8667,1597.49,11,2024,963.0,0.1843186800507673,177.4988888888889
2024-02-24,Printer,Office,West,7,6097,567.32,2,2024,871.0,0.09304904051172709,81.0457142857143
2022-04-11,Headphones,Accessories,South,9,4752,1415.65,4,2022,528.0,0.2979061447811448,157.29444444444445
2023-05-10,Keyboard,Accessories,East,1,1172,124.9,5,2023,1172.0,0.10656996587030718,124.9
2022-05-20,Keyboard,Accessories,North,2,1608,170.29,5,2022,804.0,0.10590174129353233,85.145
2023-05-21,Printer,Office,South,7,7595,969.07,5,2023,1085.0,0.12759315339038843,138.43857142857144
2024-07-17,Smartwatch,Electronics,West,1,1142,306.84,7,2024,1142.0,0.26868651488616463,306.84
2024-11-18,Keyboard,Accessories,North,2,116,13.67,11,2024,58.0,0.1178448275862069,6.835
2022-06-06,Smartphone,Electronics,East,9,3951,908.13,6,2022,439.0,0.22984813971146545,100.90333333333334
2023-12-21,Keyboard,Accessories,East,2,1606,138.96,12,2023,803.0,0.0865255292652553,69.48
2022-11-16,Headphones,Accessories,South,3,2025,403.0,11,2022,675.0,0.19901234567901235,134.33333333333334
2023-07-24,Smartwatch,Electronics,West,2,2006,235.52,7,2023,1003.0,0.11740777666999004,117.76
2024-06-05,Camera,Electronics,South,9,9423,652.06,6,2024,1047.0,0.0691987689695426,72.4511111111111
2022-08-24,Laptop,Electronics,North,4,2276,399.94,8,2022,569.0,0.17572056239015818,99.985
2022-08-22,Monitor,Accessories,West,5,4880,664.06,8,2022,976.0,0.136077868852459,132.81199999999998
2024-11-18,Laptop,Electronics,East,3,1773,183.15,11,2024,591.0,0.10329949238578681,61.050000000000004
2023-01-21,Smartwatch,Electronics,South,9,2718,195.97,1,2023,302.0,0.07210080941869021,21.774444444444445
2022-11-07,Headphones,Accessories,East,4,3168,939.45,11,2022,792.0,0.29654356060606063,234.8625
2022-01-31,Camera,Electronics,West,2,1716,368.06,1,2022,858.0,0.2144871794871795,184.03
2024-02-07,Smartphone,Electronics,West,2,214,14.08,2,2024,107.0,0.06579439252336448,7.04
2024-06-04,Camera,Electronics,East,2,2092,366.12,6,2024,1046.0,0.1750095602294455,183.06
2024-03-21,Headphones,Accessories,West,3,225,46.96,3,2024,75.0,0.20871111111111113,15.653333333333334
2023-03-26,Smartwatch,Electronics,East,1,859,217.67,3,2023,859.0,0.25339930151338763,217.67
2022-04-10,Printer,Office,West,2,2070,183.41,4,2022,1035.0,0.08860386473429951,91.705
2024-06-10,Keyboard,Accessories,South,6,3240,758.19,6,2024,540.0,0.23400925925925928,126.36500000000001
2022-10-08,Tablet,Electronics,East,2,1748,506.52,10,2022,874.0,0.2897711670480549,253.26
2023-07-06,Mouse,Accessories,West,8,2080,108.48,7,2023,260.0,0.052153846153846155,13.56
2022-06-18,Smartwatch,Electronics,North,3,2193,521.14,6,2022,731.0,0.23763793889648882,173.71333333333334
2023-06-08,Headphones,Accessories,West,5,2080,614.77,6,2023,416.0,0.2955625,122.954
2022-05-13,Mouse,Accessories,South,5,5070,986.39,5,2022,1014.0,0.1945542406311637,197.278
2024-03-08,Laptop,Electronics,South,7,469,47.4,3,2024,67.0,0.10106609808102344,6.771428571428571
2023-10-08,Printer,Office,South,1,802,153.55,10,2023,802.0,0.19145885286783043,153.55
2024-12-31,Smartphone,Electronics,West,6,930,213.6,12,2024,155.0,0.2296774193548387,35.6
2022-03-11,Smartwatch,Electronics,South,1,495,55.17,3,2022,495.0,0.11145454545454546,55.17
2024-08-01,Monitor,Accessories,East,6,4938,847.89,8,2024,823.0,0.1717071688942892,141.315
2022-08-21,Tablet,Electronics,South,2,1300,267.46,8,2022,650.0,0.2057384615384615,133.73
2024-12-11,Mouse,Accessories,South,7,2100,131.67,12,2024,300.0,0.06269999999999999,18.81
2024-03-13,Camera,Electronics,South,2,2248,636.52,3,2024,1124.0,0.2831494661921708,318.26
2023-12-05,Headphones,Accessories,North,8,7096,991.23,12,2023,887.0,0.13968855693348364,123.90375
2022-05-13,Headphones,Accessories,East,3,1992,252.21,5,2022,664.0,0.12661144578313255,84.07000000000001
2022-01-29,Camera,Electronics,South,4,4056,1189.26,1,2022,1014.0,0.29321005917159765,297.315
2022-12-22,Camera,Electronics,East,2,1986,208.88,12,2022,993.0,0.10517623363544813,104.44
2024-04-07,Printer,Office,East,3,1635,196.73,4,2024,545.0,0.12032415902140672,65.57666666666667
2022-03-05,Smartwatch,Electronics,East,9,3132,443.27,3,2022,348.0,0.141529374201788,49.25222222222222
2023-05-21,Smartphone,Electronics,South,8,7064,1554.52,5,2023,883.0,0.22006228765571914,194.315
2024-03-16,Camera,Electronics,East,1,907,249.2,3,2024,907.0,0.2747519294377067,249.2
2023-01-14,Mouse,Accessories,South,9,7938,1191.41,1,2023,882.0,0.1500894431846813,132.3788888888889
2023-11-11,Printer,Office,South,4,4360,1207.46,11,2023,1090.0,0.2769403669724771,301.865
2024-08-19,Keyboard,Accessories,West,3,375,95.04,8,2024,125.0,0.25344,31.680000000000003
2022-09-24,Monitor,Accessories,North,7,826,101.01,9,2022,118.0,0.12228813559322034,14.430000000000001
2023-11-04,Headphones,Accessories,East,1,1011,186.42,11,2023,1011.0,0.18439169139465875,186.42
2023-09-09,Mouse,Accessories,East,3,807,148.58,9,2023,269.0,0.18411400247831475,49.52666666666667
2024-12-17,Headphones,Accessories,North,2,1840,367.7,12,2024,920.0,0.19983695652173913,183.85
2022-02-07,Keyboard,Accessories,West,5,4550,1039.34,2,2022,910.0,0.2284263736263736,207.868
2024-01-07,Smartphone,Electronics,North,9,8793,901.7,1,2024,977.0,0.10254748095075629,100.1888888888889
2024-07-09,Headphones,Accessories,North,5,310,32.01,7,2024,62.0,0.10325806451612903,6.401999999999999
2023-11-28,Headphones,Accessories,East,3,1143,275.04,11,2023,381.0,0.24062992125984253,91.68
2022-03-10,Monitor,Accessories,West,3,2610,740.21,3,2022,870.0,0.28360536398467434,246.73666666666668
2022-07-31,Tablet,Electronics,West,6,1494,269.25,7,2022,249.0,0.18022088353413654,44.875
2023-07-05,Smartphone,Electronics,North,4,1524,189.32,7,2023,381.0,0.1242257217847769,47.33
2023-11-21,Tablet,Electronics,North,9,9441,2171.42,11,2023,1049.0,0.22999894079017055,241.2688888888889
2022-06-18,Smartphone,Electronics,South,4,3520,417.26,6,2022,880.0,0.11853977272727273,104.315
2023-03-29,Tablet,Electronics,West,2,390,103.99,3,2023,195.0,0.26664102564102565,51.995
2024-01-27,Printer,Office,South,3,3219,255.09,1,2024,1073.0,0.07924510717614167,85.03
2024-09-29,Laptop,Electronics,North,1,450,75.89,9,2024,450.0,0.16864444444444446,75.89
2023-08-12,Smartwatch,Electronics,South,4,828,216.98,8,2023,207.0,0.26205314009661834,54.245
2022-01-17,Printer,Office,East,1,1146,152.79,1,2022,1146.0,0.13332460732984291,152.79
2024-07-09,Monitor,Accessories,West,3,1986,361.33,7,2024,662.0,0.1819385699899295,120.44333333333333
2023-03-21,Smartwatch,Electronics,North,8,7264,1776.83,3,2023,908.0,0.244607654185022,222.10375
2023-06-08,Laptop,Electronics,East,7,7469,915.63,6,2023,1067.0,0.12259070826081135,130.80428571428573
2024-03-19,Laptop,Electronics,South,5,1385,165.55,3,2024,277.0,0.11953068592057763,33.11
2023-03-13,Tablet,Electronics,North,4,4556,315.07,3,2023,1139.0,0.06915496049165935,78.7675
2024-02-08,Monitor,Accessories,North,3,456,61.42,2,2024,152.0,0.13469298245614036,20.473333333333333
2024-11-15,Monitor,Accessories,North,2,1984,125.13,11,2024,992.0,0.0630695564516129,62.565
2024-09-17,Smartwatch,Electronics,North,6,5178,1321.58,9,2024,863.0,0.2552298184627269,220.26333333333332
2023-05-11,Smartwatch,Electronics,West,1,281,30.51,5,2023,281.0,0.10857651245551601,30.51
2024-11-26,Monitor,Accessories,South,9,3033,177.92,11,2024,337.0,0.058661391361688096,19.76888888888889
2022-03-27,Camera,Electronics,East,3,1107,65.88,3,2022,369.0,0.05951219512195122,21.959999999999997
2022-04-10,Mouse,Accessories,South,3,1446,356.7,4,2022,482.0,0.2466804979253112,118.89999999999999
2024-07-27,Printer,Office,North,3,1335,263.04,7,2024,445.0,0.19703370786516855,87.68
2023-01-23,Mouse,Accessories,South,2,266,20.11,1,2023,133.0,0.07560150375939849,10.055
2024-04-22,Smartphone,Electronics,West,6,648,162.3,4,2024,108.0,0.250462962962963,27.05
2023-03-15,Tablet,Electronics,South,2,344,80.87,3,2023,172.0,0.2350872093023256,40.435
2024-05-25,Smartphone,Electronics,West,6,5724,1640.19,5,2024,954.0,0.2865461215932914,273.365
2022-03-16,Headphones,Accessories,East,5,4920,323.38,3,2022,984.0,0.06572764227642276,64.676
2023-01-07,Camera,Electronics,West,5,5440,457.04,1,2023,1088.0,0.08401470588235295,91.408
2024-04-25,Smartphone,Electronics,West,7,7994,908.65,4,2024,1142.0,0.11366649987490618,129.80714285714285
2023-10-23,Camera,Electronics,South,9,3780,724.36,10,2023,420.0,0.19162962962962962,80.48444444444445
2023-05-27,Smartphone,Electronics,North,1,1017,209.97,5,2023,1017.0,0.20646017699115043,209.97
2023-01-31,Smartphone,Electronics,West,6,1578,82.85,1,2023,263.0,0.052503168567807346,13.808333333333332
2023-10-09,Smartphone,Electronics,South,2,912,161.37,10,2023,456.0,0.17694078947368422,80.685
2024-04-29,Laptop,Electronics,West,6,2520,182.59,4,2024,420.0,0.0724563492063492,30.43166666666667
2024-12-06,Mouse,Accessories,East,8,2632,262.55,12,2024,329.0,0.09975303951367781,32.81875
2023-07-10,Monitor,Accessories,West,6,6582,729.68,7,2023,1097.0,0.11085992099665755,121.61333333333333
2024-01-16,Camera,Electronics,East,8,3432,172.69,1,2024,429.0,0.05031759906759907,21.58625
2023-09-10,Keyboard,Accessories,South,2,1030,254.65,9,2023,515.0,0.24723300970873788,127.325
2022-10-13,Mouse,Accessories,West,8,1192,289.91,10,2022,149.0,0.24321308724832216,36.23875
2024-07-24,Printer,Office,West,9,7083,994.47,7,2024,787.0,0.1404023718763236,110.49666666666667
2022-02-22,Printer,Office,South,7,3675,227.14,2,2022,525.0,0.06180680272108843,32.44857142857143
2023-10-30,Monitor,Accessories,North,4,4740,833.27,10,2023,1185.0,0.175795358649789,208.3175
2024-04-14,Headphones,Accessories,East,4,1716,364.96,4,2024,429.0,0.21268065268065267,91.24
2023-02-07,Printer,Office,South,7,3528,260.06,2,2023,504.0,0.07371315192743765,37.151428571428575
2022-06-22,Camera,Electronics,South,3,777,71.72,6,2022,259.0,0.0923037323037323,23.906666666666666
2022-04-29,Camera,Electronics,East,4,3368,558.93,4,2022,842.0,0.16595308788598573,139.7325
2022-10-11,Tablet,Electronics,North,4,4240,251.46,10,2022,1060.0,0.05930660377358491,62.865
2022-04-15,Laptop,Electronics,South,3,3285,292.87,4,2022,1095.0,0.08915372907153729,97.62333333333333
2023-01-14,Smartphone,Electronics,South,6,4872,612.73,1,2023,812.0,0.12576559934318554,102.12166666666667
2022-08-24,Smartphone,Electronics,East,9,2466,638.41,8,2022,274.0,0.2588848337388483,70.93444444444444
2024-10-26,Tablet,Electronics,West,5,2465,497.19,10,2024,493.0,0.20169979716024342,99.438
2023-05-15,Tablet,Electronics,North,3,612,40.15,5,2023,204.0,0.0656045751633987,13.383333333333333
2022-10-25,Tablet,Electronics,South,5,4170,658.98,10,2022,834.0,0.15802877697841727,131.796
2023-03-13,Camera,Electronics,South,8,1088,160.33,3,2023,136.0,0.14736213235294118,20.04125
2024-07-30,Keyboard,Accessories,West,2,1626,354.49,7,2024,813.0,0.21801353013530136,177.245
2023-11-06,Smartphone,Electronics,North,6,6486,359.49,11,2023,1081.0,0.05542553191489362,59.915
2022-12-14,Monitor,Accessories,West,8,6968,1226.22,12,2022,871.0,0.17597876004592422,153.2775
2024-01-03,Smartphone,Electronics,North,1,357,82.86,1,2024,357.0,0.23210084033613446,82.86
2024-02-17,Laptop,Electronics,South,1,454,58.4,2,2024,454.0,0.12863436123348018,58.4
2024-04-04,Tablet,Electronics,East,3,3582,501.47,4,2024,1194.0,0.13999720826353992,167.15666666666667
2024-06-25,Tablet,Electronics,West,9,3762,484.75,6,2024,418.0,0.12885433280170122,53.861111111111114
2024-10-31,Smartwatch,Electronics,South,9,6642,394.48,10,2024,738.0,0.05939174947305029,43.83111111111111
2024-09-25,Monitor,Accessories,West,4,408,45.2,9,2024,102.0,0.1107843137254902,11.3
2024-03-08,Tablet,Electronics,West,1,105,25.26,3,2024,105.0,0.24057142857142857,25.26
2024-05-04,Tablet,Electronics,West,3,2682,584.69,5,2024,894.0,0.2180052199850858,194.89666666666668
2022-07-11,Keyboard,Accessories,East,7,497,76.31,7,2022,71.0,0.15354124748490947,10.901428571428571
2022-08-19,Printer,Office,South,7,4823,420.58,8,2022,689.0,0.08720298569355173,60.082857142857144
2024-10-01,Smartwatch,Electronics,North,8,4048,666.1,10,2024,506.0,0.164550395256917,83.2625
2023-10-19,Printer,Office,South,7,2758,459.02,10,2023,394.0,0.16643219724438,65.57428571428571
2022-12-23,Smartphone,Electronics,North,8,4096,266.35,12,2022,512.0,0.06502685546875,33.29375
2024-10-11,Printer,Office,North,8,7264,1318.0,10,2024,908.0,0.18144273127753305,164.75
2022-04-09,Mouse,Accessories,East,6,4302,957.38,4,2022,717.0,0.22254300325430032,159.56333333333333
2022-03-03,Printer,Office,North,7,3297,583.86,3,2022,471.0,0.17708826205641492,83.40857142857143
2023-01-27,Printer,Office,North,5,5960,1139.78,1,2023,1192.0,0.19123825503355704,227.956
2024-01-22,Keyboard,Accessories,West,1,386,114.9,1,2024,386.0,0.2976683937823834,114.9
2022-01-20,Printer,Office,West,1,684,170.36,1,2022,684.0,0.24906432748538013,170.36
2022-06-15,Laptop,Electronics,South,3,1275,168.64,6,2022,425.0,0.13226666666666664,56.21333333333333
2023-05-18,Mouse,Accessories,North,9,5949,368.51,5,2023,661.0,0.06194486468314002,40.94555555555556
2023-02-06,Camera,Electronics,East,7,5159,755.22,2,2023,737.0,0.14638883504555147,107.88857142857144
2022-07-01,Monitor,Accessories,North,4,1100,127.13,7,2022,275.0,0.11557272727272727,31.7825
2024-01-26,Mouse,Accessories,South,2,290,50.23,1,2024,145.0,0.17320689655172414,25.115
2023-08-05,Smartwatch,Electronics,East,8,7144,492.1,8,2023,893.0,0.06888297872340426,61.5125
2022-08-09,Keyboard,Accessories,West,5,4200,330.48,8,2022,840.0,0.07868571428571429,66.096
2022-02-08,Monitor,Accessories,North,6,5022,291.89,2,2022,837.0,0.05812226204699323,48.64833333333333
2024-12-13,Smartphone,Electronics,West,2,2354,371.34,12,2024,1177.0,0.1577485131690739,185.67
2024-10-10,Smartphone,Electronics,South,2,2032,149.7,10,2024,1016.0,0.07367125984251968,74.85
2024-10-15,Printer,Office,South,8,9528,1942.35,10,2024,1191.0,0.20385705289672543,242.79375
2024-05-25,Keyboard,Accessories,South,2,2372,275.88,5,2024,1186.0,0.11630691399662732,137.94
2022-02-14,Laptop,Electronics,West,3,2703,609.75,2,2022,901.0,0.2255826859045505,203.25
2023-05-04,Laptop,Electronics,South,4,1264,267.82,5,2023,316.0,0.21188291139240506,66.955
2024-05-21,Smartphone,Electronics,South,4,1624,333.74,5,2024,406.0,0.2055049261083744,83.435
2023-05-14,Mouse,Accessories,West,8,2976,507.77,5,2023,372.0,0.17062163978494624,63.47125
2024-07-02,Headphones,Accessories,West,6,4998,863.82,7,2024,833.0,0.17283313325330132,143.97
2024-04-18,Printer,Office,South,1,445,29.57,4,2024,445.0,0.06644943820224719,29.57
2022-10-20,Printer,Office,West,1,98,28.57,10,2022,98.0,0.29153061224489796,28.57
2022-08-22,Tablet,Electronics,North,7,4102,354.03,8,2022,586.0,0.0863066796684544,50.575714285714284
2022-01-11,Printer,Office,North,1,1016,171.31,1,2022,1016.0,0.16861220472440946,171.31
2023-08-18,Headphones,Accessories,South,4,1960,234.88,8,2023,490.0,0.11983673469387755,58.72
2024-09-15,Mouse,Accessories,West,7,2751,675.95,9,2024,393.0,0.24571065067248274,96.56428571428572
2022-07-15,Smartphone,Electronics,East,7,4032,742.98,7,2022,576.0,0.18427083333333333,106.14
2024-07-28,Smartphone,Electronics,West,7,5978,1791.25,7,2024,854.0,0.2996403479424557,255.89285714285714
2023-12-16,Headphones,Accessories,West,7,8050,2129.97,12,2023,1150.0,0.2645925465838509,304.28142857142853
2024-05-24,Monitor,Accessories,East,7,4648,1240.98,5,2024,664.0,0.2669922547332186,177.28285714285715
2022-06-14,Smartphone,Electronics,North,3,1119,108.68,6,2022,373.0,0.0971224307417337,36.22666666666667
2023-06-14,Printer,Office,South,9,2178,382.67,6,2023,242.0,0.17569788797061525,42.51888888888889
2024-12-11,Laptop,Electronics,East,1,918,180.31,12,2024,918.0,0.1964161220043573,180.31
2023-02-05,Smartphone,Electronics,East,9,6903,837.35,2,2023,767.0,0.12130233231928148,93.03888888888889
2023-08-21,Keyboard,Accessories,North,5,4855,534.23,8,2023,971.0,0.11003707518022657,106.846
2023-12-18,Camera,Electronics,South,2,2158,483.94,12,2023,1079.0,0.2242539388322521,241.97
2023-04-13,Mouse,Accessories,North,7,4550,1077.8,4,2023,650.0,0.23687912087912086,153.97142857142856
2023-09-24,Tablet,Electronics,West,4,3592,249.54,9,2023,898.0,0.06947104677060133,62.385
2022-12-19,Tablet,Electronics,South,8,3488,943.25,12,2022,436.0,0.2704271788990826,117.90625
2022-05-21,Monitor,Accessories,North,2,1214,163.8,5,2022,607.0,0.13492586490939046,81.9
2024-09-21,Mouse,Accessories,West,9,7200,1469.23,9,2024,800.0,0.2040597222222222,163.24777777777777
2023-03-24,Laptop,Electronics,East,8,1808,339.31,3,2023,226.0,0.18767146017699116,42.41375
2022-12-29,Camera,Electronics,West,9,7083,560.88,12,2022,787.0,0.07918678526048284,62.32
2024-06-05,Monitor,Accessories,East,4,1060,260.21,6,2024,265.0,0.24548113207547168,65.0525
2022-11-17,Smartwatch,Electronics,South,9,7182,461.61,11,2022,798.0,0.06427318295739348,51.29
2024-05-07,Smartphone,Electronics,West,6,5532,552.74,5,2024,922.0,0.09991684743311642,92.12333333333333
2024-08-23,Headphones,Accessories,South,8,1800,326.03,8,2024,225.0,0.18112777777777778,40.75375
2023-12-17,Headphones,Accessories,South,1,351,32.61,12,2023,351.0,0.0929059829059829,32.61
2022-11-10,Smartwatch,Electronics,West,2,1200,191.43,11,2022,600.0,0.159525,95.715
2023-12-01,Tablet,Electronics,South,9,1593,322.46,12,2023,177.0,0.20242310106716885,35.82888888888888
2024-12-15,Monitor,Accessories,East,3,2580,448.02,12,2024,860.0,0.17365116279069767,149.34
2022-03-12,Keyboard,Accessories,East,6,6780,1794.97,3,2022,1130.0,0.2647448377581121,299.1616666666667
2022-03-25,Smartphone,Electronics,South,2,1298,204.08,3,2022,649.0,0.15722650231124807,102.04
2024-12-24,Smartwatch,Electronics,South,7,4585,383.97,12,2024,655.0,0.08374482006543076,54.85285714285715
2023-04-16,Tablet,Electronics,North,1,516,70.53,4,2023,516.0,0.1366860465116279,70.53
2024-05-14,Tablet,Electronics,West,4,1780,420.28,5,2024,445.0,0.23611235955056178,105.07
2022-11-07,Keyboard,Accessories,North,5,365,94.05,11,2022,73.0,0.25767123287671234,18.81
2023-02-26,Tablet,Electronics,South,8,3896,735.66,2,2023,487.0,0.18882443531827514,91.9575
2024-04-28,Laptop,Electronics,South,1,636,169.24,4,2024,636.0,0.26610062893081765,169.24
2024-07-27,Monitor,Accessories,East,7,637,87.86,7,2024,91.0,0.13792778649921508,12.551428571428572
2023-09-26,Keyboard,Accessories,South,3,1302,180.82,9,2023,434.0,0.13887864823348695,60.27333333333333
2024-08-24,Smartphone,Electronics,West,1,719,40.42,8,2024,719.0,0.056216968011126564,40.42
2023-08-08,Camera,Electronics,West,6,5106,1341.93,8,2023,851.0,0.26281433607520566,223.655
2023-07-11,Mouse,Accessories,West,3,1215,129.8,7,2023,405.0,0.10683127572016461,43.26666666666667
2024-05-23,Camera,Electronics,East,9,1791,187.28,5,2024,199.0,0.10456728084868788,20.808888888888887
2023-09-30,Printer,Office,East,9,6255,452.46,9,2023,695.0,0.0723357314148681,50.27333333333333
2023-05-02,Printer,Office,East,5,4165,1012.37,5,2023,833.0,0.24306602641056424,202.474
2023-12-31,Monitor,Accessories,South,5,5990,1192.11,12,2023,1198.0,0.19901669449081802,238.42199999999997
2023-12-01,Tablet,Electronics,South,1,847,142.74,12,2023,847.0,0.16852420306965762,142.74
2024-02-04,Camera,Electronics,East,8,688,131.26,2,2024,86.0,0.19078488372093022,16.4075
2023-06-24,Tablet,Electronics,East,2,1188,286.38,6,2023,594.0,0.24106060606060606,143.19
2023-08-20,Camera,Electronics,North,7,3101,926.09,8,2023,443.0,0.2986423734279265,132.29857142857142
2024-12-30,Headphones,Accessories,West,9,8703,1562.88,12,2024,967.0,0.17957945536022063,173.65333333333334
2024-10-29,Printer,Office,West,9,9324,2416.93,10,2024,1036.0,0.2592160017160017,268.54777777777775
2024-09-20,Laptop,Electronics,North,1,749,68.17,9,2024,749.0,0.09101468624833112,68.17
2024-11-17,Smartwatch,Electronics,West,4,3224,871.53,11,2024,806.0,0.270325682382134,217.8825
2023-10-01,Monitor,Accessories,South,3,459,40.96,10,2023,153.0,0.08923747276688454,13.653333333333334
2024-12-24,Smartwatch,Electronics,East,7,5726,976.14,12,2024,818.0,0.1704750261962976,139.44857142857143
2022-04-20,Keyboard,Accessories,West,4,616,175.75,4,2022,154.0,0.28530844155844154,43.9375
2024-12-24,Laptop,Electronics,North,2,1584,406.25,12,2024,792.0,0.2564709595959596,203.125
2023-06-24,Laptop,Electronics,East,5,3205,368.41,6,2023,641.0,0.11494851794071764,73.682
2024-09-18,Printer,Office,East,1,958,186.76,9,2024,958.0,0.19494780793319413,186.76
2023-12-18,Laptop,Electronics,East,9,5139,1315.93,12,2023,571.0,0.25606732827398326,146.21444444444444
2024-11-09,Smartphone,Electronics,West,5,3795,239.15,11,2024,759.0,0.06301712779973649,47.83
2024-03-03,Camera,Electronics,East,2,810,229.33,3,2024,405.0,0.28312345679012346,114.665
2024-05-11,Camera,Electronics,South,6,5106,1500.2,5,2024,851.0,0.29381120250685466,250.03333333333333
2024-06-30,Monitor,Accessories,West,2,798,79.25,6,2024,399.0,0.09931077694235589,39.625
2022-02-22,Laptop,Electronics,West,5,3165,895.33,2,2022,633.0,0.2828846761453397,179.066
2023-09-21,Tablet,Electronics,East,5,5935,875.84,9,2023,1187.0,0.1475720303285594,175.168
2022-06-27,Keyboard,Accessories,South,4,3352,663.15,6,2022,838.0,0.1978371121718377,165.7875
2024-01-29,Smartphone,Electronics,West,9,8343,821.0,1,2024,927.0,0.0984058492149107,91.22222222222223
2022-05-25,Monitor,Accessories,East,4,2604,411.38,5,2022,651.0,0.1579800307219662,102.845
2023-10-28,Headphones,Accessories,West,1,526,108.88,10,2023,526.0,0.20699619771863118,108.88
2023-11-12,Monitor,Accessories,West,9,5220,1324.01,11,2023,580.0,0.2536417624521073,147.11222222222221
2023-11-12,Printer,Office,North,9,1737,152.98,11,2023,193.0,0.08807138744962578,16.997777777777777
2022-10-24,Mouse,Accessories,West,6,3186,841.04,10,2022,531.0,0.2639799121155053,140.17333333333332
2023-01-13,Smartphone,Electronics,West,6,7014,1202.25,1,2023,1169.0,0.17140718562874252,200.375
2023-01-17,Mouse,Accessories,South,9,3411,444.87,1,2023,379.0,0.1304221635883905,49.43
2022-01-20,Monitor,Accessories,East,1,513,87.58,1,2022,513.0,0.17072124756335283,87.58
2022-07-05,Smartphone,Electronics,West,1,1104,277.85,7,2022,1104.0,0.2516757246376812,277.85
2022-08-11,Smartphone,Electronics,East,9,2718,271.51,8,2022,302.0,0.09989330389992641,30.167777777777776
2023-05-14,Headphones,Accessories,North,6,1662,416.3,5,2023,277.0,0.25048134777376657,69.38333333333334
2023-12-16,Mouse,Accessories,West,5,1700,360.59,12,2023,340.0,0.21211176470588233,72.118
2024-12-06,Tablet,Electronics,South,4,2932,597.65,12,2024,733.0,0.2038369713506139,149.4125
2023-10-13,Mouse,Accessories,North,4,3604,971.14,10,2023,901.0,0.2694617092119867,242.785
2024-03-26,Camera,Electronics,West,4,4596,553.58,3,2024,1149.0,0.12044821583986076,138.395
2024-04-05,Smartwatch,Electronics,East,6,930,68.24,4,2024,155.0,0.0733763440860215,11.373333333333333
2023-06-24,Tablet,Electronics,North,3,2790,470.93,6,2023,930.0,0.1687921146953405,156.97666666666666
2022-05-22,Smartphone,Electronics,North,6,4596,1162.75,5,2022,766.0,0.2529917319408181,193.79166666666666
2023-10-15,Keyboard,Accessories,South,1,962,260.28,10,2023,962.0,0.2705613305613305,260.28
2024-10-23,Smartphone,Electronics,North,1,92,14.88,10,2024,92.0,0.1617391304347826,14.88
2024-09-29,Keyboard,Accessories,North,5,1130,254.99,9,2024,226.0,0.22565486725663716,50.998000000000005
2024-04-29,Headphones,Accessories,East,6,6024,1706.41,4,2024,1004.0,0.28326859229747675,284.4016666666667
2024-01-16,Printer,Office,South,1,879,135.0,1,2024,879.0,0.15358361774744028,135.0
2022-06-06,Monitor,Accessories,East,8,2384,444.98,6,2022,298.0,0.1866526845637584,55.6225
2024-12-25,Camera,Electronics,South,4,4644,277.26,12,2024,1161.0,0.05970284237726098,69.315
2024-04-04,Keyboard,Accessories,East,1,607,79.78,4,2024,607.0,0.1314332784184514,79.78
2022-09-29,Mouse,Accessories,South,7,770,129.11,9,2022,110.0,0.1676753246753247,18.444285714285716
2022-11-06,Keyboard,Accessories,South,1,711,158.89,11,2022,711.0,0.22347398030942334,158.89
2023-08-02,Keyboard,Accessories,South,2,1088,235.83,8,2023,544.0,0.21675551470588236,117.915
2024-03-05,Laptop,Electronics,East,7,4704,513.14,3,2024,672.0,0.10908588435374149,73.30571428571429
2022-12-15,Laptop,Electronics,East,5,660,90.86,12,2022,132.0,0.13766666666666666,18.172
2022-11-25,Headphones,Accessories,South,5,4680,516.26,11,2022,936.0,0.11031196581196581,103.252
2022-10-06,Camera,Electronics,East,7,6797,665.29,10,2022,971.0,0.09787994703545681,95.04142857142857
2024-12-11,Mouse,Accessories,North,9,558,38.86,12,2024,62.0,0.0696415770609319,4.317777777777778
2023-09-13,Monitor,Accessories,East,4,4496,1115.75,9,2023,1124.0,0.2481650355871886,278.9375
2022-05-28,Keyboard,Accessories,South,1,713,62.78,5,2022,713.0,0.08805049088359046,62.78
2022-08-17,Camera,Electronics,East,2,1310,212.43,8,2022,655.0,0.16216030534351145,106.215
2024-10-31,Keyboard,Accessories,West,9,2853,564.05,10,2024,317.0,0.1977041710480196,62.67222222222222
2023-11-20,Camera,Electronics,South,2,2324,516.06,11,2023,1162.0,0.22205679862306366,258.03
2024-04-16,Laptop,Electronics,North,1,330,53.42,4,2024,330.0,0.16187878787878787,53.42
2023-09-22,Camera,Electronics,South,3,588,100.52,9,2023,196.0,0.17095238095238094,33.50666666666667
2024-05-07,Smartphone,Electronics,East,1,63,11.91,5,2024,63.0,0.18904761904761905,11.91
2022-03-15,Tablet,Electronics,East,7,847,147.71,3,2022,121.0,0.17439197166469894,21.101428571428574
2024-06-28,Printer,Office,East,1,1037,56.89,6,2024,1037.0,0.05486017357762777,56.89
2024-01-06,Mouse,Accessories,North,1,373,72.17,1,2024,373.0,0.193485254691689,72.17
2023-12-20,Laptop,Electronics,North,1,1176,157.47,12,2023,1176.0,0.1339030612244898,157.47
2022-01-11,Smartphone,Electronics,East,3,2139,422.52,1,2022,713.0,0.19753155680224402,140.84
2024-12-11,Monitor,Accessories,West,9,4140,301.12,12,2024,460.0,0.07273429951690821,33.45777777777778
2024-01-13,Laptop,Electronics,North,1,1038,63.23,1,2024,1038.0,0.06091522157996146,63.23
2024-07-28,Monitor,Accessories,East,8,2024,203.11,7,2024,253.0,0.100350790513834,25.38875
2022-04-15,Smartwatch,Electronics,South,6,6624,1136.09,4,2022,1104.0,0.17151117149758452,189.34833333333333
2023-09-23,Smartwatch,Electronics,East,7,5019,1154.79,9,2023,717.0,0.2300836820083682,164.97
2024-04-15,Smartphone,Electronics,East,5,750,207.77,4,2024,150.0,0.2770266666666667,41.554
2023-03-23,Camera,Electronics,North,7,6461,1455.36,3,2023,923.0,0.22525305680235255,207.9085714285714
2023-11-04,Tablet,Electronics,West,6,2946,208.01,11,2023,491.0,0.07060760353021045,34.66833333333333
2024-05-24,Monitor,Accessories,South,1,618,81.04,5,2024,618.0,0.1311326860841424,81.04
2022-03-27,Printer,Office,South,2,1774,322.49,3,2022,887.0,0.1817869222096956,161.245
2022-05-11,Camera,Electronics,East,9,8586,700.37,5,2022,954.0,0.08157116235732588,77.81888888888889
2024-02-13,Laptop,Electronics,South,5,2000,232.41,2,2024,400.0,0.116205,46.482
2023-02-16,Mouse,Accessories,East,1,849,205.88,2,2023,849.0,0.24249705535924618,205.88
2023-08-13,Mouse,Accessories,East,6,3186,374.63,8,2023,531.0,0.11758631512868802,62.43833333333333
2024-05-15,Monitor,Accessories,South,4,2536,495.13,5,2024,634.0,0.19524053627760252,123.7825
2024-05-09,Smartwatch,Electronics,South,2,1306,228.41,5,2024,653.0,0.1748928024502297,114.205
2022-05-02,Tablet,Electronics,East,3,2508,631.85,5,2022,836.0,0.25193381180223284,210.61666666666667
2024-07-13,Tablet,Electronics,North,8,1048,107.56,7,2024,131.0,0.10263358778625954,13.445
2022-11-19,Keyboard,Accessories,East,4,1516,256.96,11,2022,379.0,0.16949868073878627,64.24
2024-03-04,Smartphone,Electronics,West,9,10458,1835.21,3,2024,1162.0,0.17548384012239435,203.91222222222223
2024-05-20,Headphones,Accessories,East,9,2754,259.16,5,2024,306.0,0.09410312273057372,28.79555555555556
2022-09-28,Printer,Office,West,4,3432,364.27,9,2022,858.0,0.10613927738927738,91.0675
2022-12-25,Monitor,Accessories,South,2,1234,257.89,12,2022,617.0,0.20898703403565638,128.945
2022-07-30,Monitor,Accessories,East,1,847,146.25,7,2022,847.0,0.17266824085005902,146.25
2022-10-23,Keyboard,Accessories,South,7,7672,896.11,10,2022,1096.0,0.11680265901981231,128.0157142857143
2024-04-04,Monitor,Accessories,North,9,7596,1454.15,4,2024,844.0,0.1914362822538178,161.57222222222222
2024-11-02,Keyboard,Accessories,East,7,7252,1357.27,11,2024,1036.0,0.18715802537231108,193.8957142857143
2024-12-05,Smartwatch,Electronics,West,6,732,136.59,12,2024,122.0,0.1865983606557377,22.765
2023-06-27,Smartphone,Electronics,West,1,173,20.96,6,2023,173.0,0.12115606936416186,20.96
2023-03-18,Camera,Electronics,North,3,2805,749.5,3,2023,935.0,0.26720142602495545,249.83333333333334
2023-09-18,Smartphone,Electronics,West,8,7048,391.96,9,2023,881.0,0.05561293984108967,48.995
2024-08-16,Mouse,Accessories,East,6,4698,1020.11,8,2024,783.0,0.21713707960834397,170.01833333333335
2024-01-17,Smartwatch,Electronics,South,1,565,148.79,1,2024,565.0,0.2633451327433628,148.79
2023-06-17,Monitor,Accessories,North,1,672,198.75,6,2023,672.0,0.29575892857142855,198.75
2022-07-24,Camera,Electronics,South,6,2604,566.34,7,2022,434.0,0.2174884792626728,94.39
2024-05-31,Tablet,Electronics,West,6,5124,501.5,5,2024,854.0,0.0978727556596409,83.58333333333333
2022-08-14,Smartwatch,Electronics,West,5,2455,714.35,8,2022,491.0,0.2909775967413442,142.87
2022-03-01,Printer,Office,North,2,1796,225.15,3,2022,898.0,0.1253619153674833,112.575
2022-01-25,Laptop,Electronics,South,1,288,61.85,1,2022,288.0,0.21475694444444446,61.85
2023-07-23,Laptop,Electronics,North,5,2160,553.41,7,2023,432.0,0.2562083333333333,110.68199999999999
2022-03-10,Tablet,Electronics,West,1,105,27.36,3,2022,105.0,0.26057142857142856,27.36
2023-05-05,Monitor,Accessories,South,9,7578,1596.64,5,2023,842.0,0.21069411454209555,177.40444444444447
2023-03-10,Headphones,Accessories,South,1,365,50.1,3,2023,365.0,0.13726027397260274,50.1
2024-04-23,Camera,Electronics,West,8,3752,537.98,4,2024,469.0,0.14338486140724946,67.2475
2024-08-21,Keyboard,Accessories,North,2,1384,316.21,8,2024,692.0,0.22847543352601155,158.105
2023-02-21,Smartphone,Electronics,West,5,475,76.22,2,2023,95.0,0.16046315789473684,15.244
2023-01-09,Printer,Office,West,4,1116,242.31,1,2023,279.0,0.2171236559139785,60.5775
2023-08-24,Smartphone,Electronics,West,1,137,39.35,8,2023,137.0,0.2872262773722628,39.35
2022-01-12,Headphones,Accessories,South,6,738,158.96,1,2022,123.0,0.2153929539295393,26.493333333333336
2023-10-09,Camera,Electronics,West,3,1821,543.01,10,2023,607.0,0.29819330038440417,181.00333333333333
2022-04-22,Keyboard,Accessories,West,7,3654,670.16,4,2022,522.0,0.18340448823207442,95.73714285714286
2024-07-14,Keyboard,Accessories,East,6,2592,404.89,7,2024,432.0,0.15620756172839506,67.48166666666667
2022-04-25,Camera,Electronics,East,6,996,225.75,4,2022,166.0,0.22665662650602408,37.625
2024-07-10,Mouse,Accessories,North,1,693,62.75,7,2024,693.0,0.09054834054834054,62.75
2023-10-24,Keyboard,Accessories,East,3,513,48.23,10,2023,171.0,0.09401559454191033,16.076666666666664
2024-05-17,Smartwatch,Electronics,East,8,5736,937.62,5,2024,717.0,0.1634623430962343,117.2025
2023-04-06,Mouse,Accessories,East,2,1458,208.93,4,2023,729.0,0.14329903978052128,104.465
2022-12-03,Smartphone,Electronics,East,8,5496,1104.93,12,2022,687.0,0.201042576419214,138.11625
2022-01-07,Tablet,Electronics,North,3,3183,358.87,1,2022,1061.0,0.11274583726044612,119.62333333333333
2023-07-27,Headphones,Accessories,East,6,3990,975.5,7,2023,665.0,0.2444862155388471,162.58333333333334
2024-02-05,Smartphone,Electronics,West,2,582,76.45,2,2024,291.0,0.1313573883161512,38.225
2022-05-03,Printer,Office,South,5,3340,845.53,5,2022,668.0,0.25315269461077844,169.106
2023-08-30,Monitor,Accessories,West,1,890,59.1,8,2023,890.0,0.06640449438202248,59.1
2024-09-22,Printer,Office,East,6,4890,689.01,9,2024,815.0,0.14090184049079754,114.835
2023-10-19,Keyboard,Accessories,East,3,2625,349.61,10,2023,875.0,0.13318476190476192,116.53666666666668
2022-09-14,Smartwatch,Electronics,North,4,1440,200.09,9,2022,360.0,0.1389513888888889,50.0225
2024-12-26,Headphones,Accessories,North,5,505,93.85,12,2024,101.0,0.18584158415841584,18.77
2022-01-28,Laptop,Electronics,North,8,8192,1822.87,1,2022,1024.0,0.222518310546875,227.85875
2023-08-09,Keyboard,Accessories,East,3,1920,144.3,8,2023,640.0,0.07515625000000001,48.1
2022-10-18,Smartwatch,Electronics,West,8,8768,1065.8,10,2022,1096.0,0.12155565693430656,133.225
2022-10-12,Mouse,Accessories,North,1,1140,117.05,10,2022,1140.0,0.10267543859649123,117.05
2023-01-23,Laptop,Electronics,North,4,952,264.61,1,2023,238.0,0.27795168067226894,66.1525
2024-05-02,Smartphone,Electronics,North,1,225,51.07,5,2024,225.0,0.22697777777777778,51.07
2022-08-01,Printer,Office,South,4,1304,336.95,8,2022,326.0,0.25839723926380365,84.2375
2023-06-25,Camera,Electronics,East,3,1029,206.83,6,2023,343.0,0.20100097181729837,68.94333333333334
2024-02-29,Printer,Office,South,3,3402,442.67,2,2024,1134.0,0.13012051734273958,147.55666666666667
2022-05-24,Laptop,Electronics,North,9,8460,1201.94,5,2022,940.0,0.14207328605200947,133.54888888888888
2024-03-07,Monitor,Accessories,North,1,104,26.86,3,2024,104.0,0.25826923076923075,26.86
2023-12-18,Monitor,Accessories,West,9,10665,1595.08,12,2023,1185.0,0.14956211908110642,177.2311111111111
2023-08-12,Smartwatch,Electronics,East,8,984,183.07,8,2023,123.0,0.18604674796747966,22.88375
2024-09-18,Smartphone,Electronics,North,4,2064,359.3,9,2024,516.0,0.17407945736434108,89.825
2022-03-08,Laptop,Electronics,North,2,594,172.47,3,2022,297.0,0.29035353535353536,86.235
2023-10-25,Printer,Office,South,8,6016,898.33,10,2023,752.0,0.14932347074468086,112.29125
2024-08-22,Smartphone,Electronics,North,8,2864,195.16,8,2024,358.0,0.06814245810055866,24.395
2024-07-17,Tablet,Electronics,North,4,724,186.95,7,2024,181.0,0.25821823204419886,46.7375
2024-02-11,Mouse,Accessories,East,6,4098,1174.46,2,2024,683.0,0.2865934602244998,195.74333333333334
2023-06-12,Monitor,Accessories,North,1,338,32.61,6,2023,338.0,0.0964792899408284,32.61
2024-03-09,Printer,Office,West,8,9280,1596.88,3,2024,1160.0,0.17207758620689656,199.61
2022-04-16,Smartwatch,Electronics,East,1,890,57.04,4,2022,890.0,0.06408988764044944,57.04
2023-04-26,Tablet,Electronics,South,2,1790,442.75,4,2023,895.0,0.2473463687150838,221.375
2023-10-01,Tablet,Electronics,North,9,8523,978.97,10,2023,947.0,0.1148621377449255,108.77444444444444
2023-02-21,Headphones,Accessories,West,9,7776,677.74,2,2023,864.0,0.08715792181069959,75.30444444444444
2024-03-20,Mouse,Accessories,North,7,3031,417.5,3,2024,433.0,0.13774331903662157,59.642857142857146
2022-10-02,Camera,Electronics,South,9,4698,1262.47,10,2022,522.0,0.26872498935717326,140.27444444444444
2023-06-13,Keyboard,Accessories,West,9,4851,1408.41,6,2023,539.0,0.2903339517625232,156.49
2023-01-22,Camera,Electronics,East,6,4542,1169.16,1,2023,757.0,0.2574108322324967,194.86
2022-09-21,Headphones,Accessories,North,2,978,210.75,9,2022,489.0,0.21549079754601227,105.375
2022-01-04,Mouse,Accessories,South,9,9378,1740.97,1,2022,1042.0,0.18564406056728514,193.44111111111113
2023-08-06,Smartwatch,Electronics,North,8,9464,2043.73,8,2023,1183.0,0.2159478021978022,255.46625
2024-11-08,Printer,Office,West,8,1720,401.26,11,2024,215.0,0.2332906976744186,50.1575
2022-07-11,Keyboard,Accessories,West,8,4752,1124.22,7,2022,594.0,0.23657828282828283,140.5275
2023-10-23,Keyboard,Accessories,South,4,584,127.28,10,2023,146.0,0.21794520547945206,31.82
2024-07-28,Camera,Electronics,North,9,4554,1031.09,7,2024,506.0,0.2264141414141414,114.56555555555555
2022-07-23,Tablet,Electronics,South,2,2392,483.39,7,2022,1196.0,0.20208612040133778,241.695
2023-11-20,Camera,Electronics,South,7,3962,916.13,11,2023,566.0,0.2312291771832408,130.87571428571428
2023-05-21,Laptop,Electronics,North,3,1308,141.04,5,2023,436.0,0.10782874617737002,47.01333333333333
2023-09-15,Printer,Office,South,8,5912,1153.18,9,2023,739.0,0.1950575101488498,144.1475
2023-05-10,Camera,Electronics,South,7,5831,1416.31,5,2023,833.0,0.24289315726290514,202.32999999999998
2022-12-11,Camera,Electronics,West,7,5572,690.68,12,2022,796.0,0.12395549174443646,98.66857142857143
2023-08-11,Monitor,Accessories,North,6,5214,1093.04,8,2023,869.0,0.2096355964710395,182.17333333333332
2022-06-18,Mouse,Accessories,East,9,6705,1283.78,6,2022,745.0,0.19146607009694258,142.64222222222222
2023-01-28,Headphones,Accessories,North,1,426,93.83,1,2023,426.0,0.2202582159624413,93.83
2024-11-06,Smartphone,Electronics,West,2,2204,523.82,11,2024,1102.0,0.2376678765880218,261.91
2022-08-25,Smartphone,Electronics,North,3,2652,161.67,8,2022,884.0,0.060961538461538456,53.88999999999999
2023-07-07,Printer,Office,South,6,3132,919.52,7,2023,522.0,0.29358876117496807,153.25333333333333
2024-06-04,Printer,Office,West,5,1830,437.35,6,2024,366.0,0.23898907103825137,87.47
2024-01-27,Laptop,Electronics,East,9,2763,676.25,1,2024,307.0,0.2447520810712993,75.13888888888889
2022-09-17,Monitor,Accessories,North,8,9056,2281.97,9,2022,1132.0,0.25198431978798586,285.24625
2022-03-10,Camera,Electronics,North,7,5439,1416.62,3,2022,777.0,0.26045596617025185,202.3742857142857
2022-08-01,Camera,Electronics,South,6,828,47.91,8,2022,138.0,0.057862318840579706,7.984999999999999
2024-10-01,Smartwatch,Electronics,East,5,1910,463.07,10,2024,382.0,0.24244502617801048,92.614
2023-02-19,Tablet,Electronics,North,2,1874,333.86,2,2023,937.0,0.17815368196371398,166.93
2023-08-02,Mouse,Accessories,East,1,1032,291.41,8,2023,1032.0,0.28237403100775194,291.41
2023-06-26,Keyboard,Accessories,East,3,3264,556.86,6,2023,1088.0,0.17060661764705884,185.62
2022-11-26,Smartphone,Electronics,West,1,877,110.99,11,2022,877.0,0.1265564424173318,110.99
2022-05-23,Camera,Electronics,North,3,924,183.18,5,2022,308.0,0.19824675324675325,61.06
2023-04-26,Camera,Electronics,West,3,417,114.42,4,2023,139.0,0.2743884892086331,38.14
2024-02-21,Laptop,Electronics,West,5,2670,155.89,2,2024,534.0,0.058385767790262166,31.177999999999997
2024-06-18,Keyboard,Accessories,South,7,2716,512.09,6,2024,388.0,0.1885456553755523,73.1557142857143
2023-05-18,Headphones,Accessories,West,9,10134,1334.37,5,2023,1126.0,0.13167258732978093,148.26333333333332
2022-01-19,Monitor,Accessories,North,5,5500,1230.98,1,2022,1100.0,0.22381454545454546,246.196
2024-12-07,Tablet,Electronics,East,6,6228,1756.82,12,2024,1038.0,0.2820841361592807,292.80333333333334
2024-06-16,Laptop,Electronics,West,7,1092,274.77,6,2024,156.0,0.2516208791208791,39.25285714285714
2023-06-24,Monitor,Accessories,West,5,3255,332.54,6,2023,651.0,0.10216282642089095,66.50800000000001
2022-06-28,Tablet,Electronics,West,5,5645,1320.86,6,2022,1129.0,0.23398759964570415,264.17199999999997
2024-03-20,Smartphone,Electronics,North,9,7578,466.87,3,2024,842.0,0.06160860385325943,51.87444444444444
2023-04-21,Keyboard,Accessories,South,9,6282,1594.61,4,2023,698.0,0.2538379496975485,177.17888888888888
2024-12-29,Laptop,Electronics,South,6,2364,639.29,12,2024,394.0,0.27042724196277496,106.54833333333333
2023-12-12,Keyboard,Accessories,North,8,6880,1570.91,12,2023,860.0,0.22832994186046512,196.36375
2022-10-30,Smartphone,Electronics,East,6,3288,249.02,10,2022,548.0,0.0757360097323601,41.50333333333334
2024-02-01,Monitor,Accessories,East,6,5292,659.58,2,2024,882.0,0.12463718820861679,109.93
2023-11-06,Printer,Office,North,3,3522,883.41,11,2023,1174.0,0.2508262350936968,294.46999999999997
2022-10-08,Smartwatch,Electronics,West,2,1518,87.6,10,2022,759.0,0.05770750988142292,43.8
2023-06-17,Tablet,Electronics,North,7,2457,690.55,6,2023,351.0,0.281054131054131,98.64999999999999
2024-01-09,Headphones,Accessories,West,1,309,62.08,1,2024,309.0,0.20090614886731392,62.08
2022-01-24,Monitor,Accessories,North,6,6192,717.46,1,2022,1032.0,0.11586886304909562,119.57666666666667
2022-06-04,Camera,Electronics,East,5,4235,747.96,6,2022,847.0,0.17661393152302243,149.592
2022-08-13,Smartwatch,Electronics,North,9,7128,457.11,8,2022,792.0,0.06412878787878788,50.79
2024-07-23,Tablet,Electronics,North,5,5660,641.69,7,2024,1132.0,0.11337279151943463,128.33800000000002
2024-05-23,Smartphone,Electronics,South,1,787,120.38,5,2024,787.0,0.15296060991105465,120.38
2022-11-13,Mouse,Accessories,West,3,375,107.26,11,2022,125.0,0.2860266666666667,35.75333333333334
2023-08-19,Camera,Electronics,South,4,296,44.79,8,2023,74.0,0.15131756756756756,11.1975
2022-01-01,Keyboard,Accessories,East,6,6372,570.75,1,2022,1062.0,0.08957156308851225,95.125
2024-06-16,Mouse,Accessories,West,6,2214,322.73,6,2024,369.0,0.14576784101174345,53.788333333333334
2024-09-16,Headphones,Accessories,South,6,2640,734.44,9,2024,440.0,0.2781969696969697,122.40666666666668
2023-11-08,Camera,Electronics,South,7,2240,580.47,11,2023,320.0,0.25913839285714285,82.92428571428572
2023-05-06,Smartwatch,Electronics,East,7,6258,1347.74,5,2023,894.0,0.21536273569830616,192.53428571428572
2024-01-02,Printer,Office,West,8,3816,574.57,1,2024,477.0,0.15056865828092245,71.82125
2022-05-15,Smartwatch,Electronics,South,2,390,115.48,5,2022,195.0,0.29610256410256414,57.74
2024-07-01,Tablet,Electronics,South,7,630,83.28,7,2024,90.0,0.1321904761904762,11.897142857142857
2022-09-01,Smartphone,Electronics,South,4,3868,819.26,9,2022,967.0,0.21180455015511893,204.815
2023-06-27,Monitor,Accessories,North,1,777,211.31,6,2023,777.0,0.27195624195624196,211.31
2024-05-28,Monitor,Accessories,North,3,1347,196.59,5,2024,449.0,0.1459465478841871,65.53
2023-05-17,Laptop,Electronics,East,9,7272,500.32,5,2023,808.0,0.0688008800880088,55.59111111111111
2024-09-28,Printer,Office,North,6,5724,857.33,9,2024,954.0,0.14977812718378758,142.88833333333335
2022-05-07,Headphones,Accessories,West,3,312,74.8,5,2022,104.0,0.23974358974358972,24.933333333333334
2023-05-18,Laptop,Electronics,East,3,1947,239.63,5,2023,649.0,0.12307652799178223,79.87666666666667
2023-10-09,Tablet,Electronics,North,6,1128,207.97,10,2023,188.0,0.18437056737588653,34.66166666666667
2023-03-05,Laptop,Electronics,East,9,4158,672.32,3,2023,462.0,0.1616931216931217,74.70222222222223
2024-07-04,Keyboard,Accessories,East,6,2670,782.28,7,2024,445.0,0.2929887640449438,130.38
2024-05-31,Headphones,Accessories,East,1,85,17.71,5,2024,85.0,0.2083529411764706,17.71
2023-12-10,Mouse,Accessories,East,8,4136,1056.54,12,2023,517.0,0.25544970986460347,132.0675
2022-05-07,Tablet,Electronics,North,6,4332,348.61,5,2022,722.0,0.08047322253000924,58.10166666666667
2024-07-01,Monitor,Accessories,North,8,1600,305.3,7,2024,200.0,0.1908125,38.1625
2023-10-28,Tablet,Electronics,East,7,5075,471.21,10,2023,725.0,0.09284926108374383,67.31571428571428
2022-07-27,Tablet,Electronics,South,6,4152,1065.46,7,2022,692.0,0.2566136801541426,177.57666666666668
2022-05-13,Printer,Office,East,7,5635,1665.01,5,2022,805.0,0.29547648624667255,237.85857142857142
2022-09-16,Smartwatch,Electronics,East,3,3108,220.97,9,2022,1036.0,0.0710971685971686,73.65666666666667
2022-10-24,Smartwatch,Electronics,South,7,4270,1197.44,10,2022,610.0,0.28043091334894615,171.06285714285715
2023-02-15,Monitor,Accessories,West,5,1350,321.9,2,2023,270.0,0.23844444444444443,64.38
2024-03-07,Keyboard,Accessories,East,3,330,81.86,3,2024,110.0,0.24806060606060606,27.286666666666665
2022-07-13,Camera,Electronics,South,6,4260,504.82,7,2022,710.0,0.11850234741784037,84.13666666666667
2022-07-31,Headphones,Accessories,North,3,2712,751.52,7,2022,904.0,0.27710914454277286,250.50666666666666
2024-03-26,Smartphone,Electronics,West,1,328,46.23,3,2024,328.0,0.1409451219512195,46.23
2023-08-13,Smartphone,Electronics,West,8,7776,498.6,8,2023,972.0,0.06412037037037037,62.325
2022-05-08,Laptop,Electronics,East,4,2896,522.82,5,2022,724.0,0.18053176795580111,130.705
2023-05-07,Tablet,Electronics,North,2,1902,388.83,5,2023,951.0,0.2044321766561514,194.415
2022-01-29,Smartwatch,Electronics,North,7,3255,814.85,1,2022,465.0,0.2503379416282642,116.40714285714286
2022-03-02,Keyboard,Accessories,North,3,633,162.4,3,2022,211.0,0.25655608214849923,54.13333333333333
2023-04-11,Tablet,Electronics,East,7,6209,402.78,4,2023,887.0,0.06487034949267192,57.54
2023-05-09,Smartwatch,Electronics,East,9,4698,1167.9,5,2023,522.0,0.24859514687100895,129.76666666666668
2024-07-11,Smartphone,Electronics,West,8,7424,1878.07,7,2024,928.0,0.25297279094827585,234.75875
2022-01-26,Printer,Office,East,1,498,58.3,1,2022,498.0,0.11706827309236947,58.3
2023-08-30,Headphones,Accessories,East,1,111,27.91,8,2023,111.0,0.2514414414414414,27.91
2023-08-18,Laptop,Electronics,North,8,7520,1201.4,8,2023,940.0,0.15976063829787235,150.175
2023-05-31,Camera,Electronics,South,1,182,30.97,5,2023,182.0,0.17016483516483516,30.97
2022-02-18,Mouse,Accessories,West,5,5890,309.0,2,2022,1178.0,0.05246179966044143,61.8
2024-07-17,Laptop,Electronics,South,4,3244,357.55,7,2024,811.0,0.11021886559802713,89.3875
2024-04-26,Smartphone,Electronics,South,7,5229,1058.26,4,2024,747.0,0.20238286479250334,151.18
2022-10-19,Smartwatch,Electronics,North,9,5202,1271.47,10,2022,578.0,0.24441945405613227,141.27444444444444
2022-03-15,Keyboard,Accessories,West,3,438,67.43,3,2022,146.0,0.15394977168949772,22.47666666666667
2023-02-14,Keyboard,Accessories,East,6,6900,1109.73,2,2023,1150.0,0.1608304347826087,184.955
2022-09-11,Tablet,Electronics,East,3,369,36.07,9,2022,123.0,0.09775067750677507,12.023333333333333
2024-01-17,Laptop,Electronics,West,4,4140,1229.85,1,2024,1035.0,0.2970652173913043,307.4625
2024-04-13,Printer,Office,South,3,1086,188.65,4,2024,362.0,0.1737108655616943,62.88333333333333
2023-03-03,Mouse,Accessories,South,2,2134,269.53,3,2023,1067.0,0.12630271790065603,134.765
2022-06-16,Laptop,Electronics,North,6,5310,637.81,6,2022,885.0,0.12011487758945386,106.30166666666666
2023-08-20,Headphones,Accessories,East,6,2748,682.8,8,2023,458.0,0.248471615720524,113.8
2024-09-18,Printer,Office,South,9,3357,405.61,9,2024,373.0,0.12082514149538279,45.06777777777778
2023-01-28,Smartwatch,Electronics,West,9,10206,592.77,1,2023,1134.0,0.05808054085831863,65.86333333333333
2024-10-20,Smartphone,Electronics,South,6,2970,425.9,10,2024,495.0,0.1434006734006734,70.98333333333333
2022-05-18,Mouse,Accessories,West,4,1208,351.47,5,2022,302.0,0.2909519867549669,87.8675
2024-06-19,Smartwatch,Electronics,South,3,945,135.59,6,2024,315.0,0.1434814814814815,45.196666666666665
2022-07-06,Monitor,Accessories,East,8,7040,996.02,7,2022,880.0,0.14148011363636365,124.5025
2023-11-22,Smartphone,Electronics,West,4,3684,1009.1,11,2023,921.0,0.273914223669924,252.275
2024-02-23,Headphones,Accessories,East,2,1262,190.02,2,2024,631.0,0.1505705229793978,95.01
2022-06-24,Mouse,Accessories,South,3,3504,807.65,6,2022,1168.0,0.2304937214611872,269.21666666666664
2022-12-15,Printer,Office,East,6,4464,1122.37,12,2022,744.0,0.25142697132616487,187.06166666666664
2024-04-02,Laptop,Electronics,East,4,1324,227.2,4,2024,331.0,0.1716012084592145,56.8
2023-07-17,Camera,Electronics,East,6,4140,451.27,7,2023,690.0,0.1090024154589372,75.21166666666666
2024-04-03,Mouse,Accessories,West,8,2384,120.28,4,2024,298.0,0.050453020134228185,15.035
2022-05-02,Laptop,Electronics,West,8,4624,1313.36,5,2022,578.0,0.2840311418685121,164.17
2023-12-13,Smartwatch,Electronics,West,6,4812,662.54,12,2023,802.0,0.13768495428096425,110.42333333333333
2022-01-18,Tablet,Electronics,North,6,5640,856.44,1,2022,940.0,0.15185106382978725,142.74
2022-09-23,Smartwatch,Electronics,West,5,1840,307.09,9,2022,368.0,0.16689673913043476,61.41799999999999
2024-11-01,Keyboard,Accessories,North,7,8071,435.51,11,2024,1153.0,0.053959856275554455,62.215714285714284
2022-10-25,Keyboard,Accessories,North,3,2400,297.07,10,2022,800.0,0.12377916666666666,99.02333333333333
2023-07-01,Smartwatch,Electronics,East,6,3570,265.62,7,2023,595.0,0.07440336134453782,44.27
2022-03-27,Laptop,Electronics,East,3,1758,245.92,3,2022,586.0,0.1398862343572241,81.97333333333333
2023-08-06,Monitor,Accessories,North,4,3072,394.2,8,2023,768.0,0.1283203125,98.55
2023-08-16,Mouse,Accessories,South,5,2185,136.1,8,2023,437.0,0.0622883295194508,27.22
2023-02-03,Smartphone,Electronics,North,8,7664,1251.65,2,2023,958.0,0.16331550104384135,156.45625
2024-03-13,Headphones,Accessories,West,5,1710,338.1,3,2024,342.0,0.19771929824561404,67.62
2024-08-17,Printer,Office,South,2,1878,386.28,8,2024,939.0,0.20568690095846645,193.14
2023-07-22,Tablet,Electronics,South,1,569,141.33,7,2023,569.0,0.24838312829525486,141.33
2023-04-05,Smartwatch,Electronics,West,3,1488,296.36,4,2023,496.0,0.1991666666666667,98.78666666666668
2024-04-20,Mouse,Accessories,West,9,9918,1956.17,4,2024,1102.0,0.19723432143577335,217.35222222222222
2022-12-19,Smartwatch,Electronics,South,3,432,36.84,12,2022,144.0,0.08527777777777779,12.280000000000001
2023-09-18,Tablet,Electronics,East,9,9828,1300.68,9,2023,1092.0,0.13234432234432236,144.52
2024-12-28,Smartwatch,Electronics,North,5,3625,245.52,12,2024,725.0,0.06772965517241379,49.104
2022-05-17,Smartwatch,Electronics,South,3,2187,491.13,5,2022,729.0,0.2245679012345679,163.71
2023-10-24,Monitor,Accessories,South,5,5105,1003.4,10,2023,1021.0,0.19655239960822724,200.68
2022-12-09,Headphones,Accessories,South,3,1392,345.78,12,2022,464.0,0.2484051724137931,115.25999999999999
2022-11-07,Smartphone,Electronics,North,2,744,110.81,11,2022,372.0,0.14893817204301077,55.405
2023-06-05,Smartwatch,Electronics,South,4,1724,233.21,6,2023,431.0,0.13527262180974478,58.3025
2023-10-26,Mouse,Accessories,West,5,1940,423.17,10,2023,388.0,0.21812886597938144,84.634
2023-07-28,Mouse,Accessories,South,4,356,59.15,7,2023,89.0,0.16615168539325842,14.7875
2023-05-26,Monitor,Accessories,West,5,1095,269.87,5,2023,219.0,0.24645662100456622,53.974000000000004
2022-12-07,Tablet,Electronics,North,8,4064,543.9,12,2022,508.0,0.13383366141732284,67.9875
2024-11-20,Smartwatch,Electronics,West,7,5453,1592.37,11,2024,779.0,0.2920172382174949,227.48142857142855
2024-03-31,Monitor,Accessories,South,8,7104,529.35,3,2024,888.0,0.07451435810810811,66.16875
2024-04-17,Keyboard,Accessories,East,9,2745,660.56,4,2024,305.0,0.24064116575591984,73.39555555555555
2024-05-06,Camera,Electronics,North,5,1030,64.81,5,2024,206.0,0.06292233009708738,12.962
2023-02-25,Tablet,Electronics,North,9,8973,471.86,2,2023,997.0,0.05258664883539507,52.42888888888889
2022-12-14,Keyboard,Accessories,North,2,794,128.5,12,2022,397.0,0.1618387909319899,64.25
2023-12-20,Printer,Office,South,6,2142,476.19,12,2023,357.0,0.2223109243697479,79.365
2023-10-13,Headphones,Accessories,East,2,414,51.1,10,2023,207.0,0.12342995169082126,25.55
2023-06-14,Tablet,Electronics,North,3,1416,220.7,6,2023,472.0,0.15586158192090394,73.56666666666666
2022-04-02,Tablet,Electronics,South,3,2103,541.35,4,2022,701.0,0.2574179743223966,180.45000000000002
2024-06-20,Camera,Electronics,West,3,861,173.49,6,2024,287.0,0.20149825783972128,57.830000000000005
2024-05-19,Headphones,Accessories,West,3,2367,222.26,5,2024,789.0,0.09389945078158006,74.08666666666666
2023-01-16,Tablet,Electronics,South,5,2435,688.82,1,2023,487.0,0.2828829568788501,137.764
2023-05-07,Printer,Office,South,4,2456,163.61,5,2023,614.0,0.06661644951140065,40.9025
2023-07-01,Laptop,Electronics,East,4,3216,962.49,7,2023,804.0,0.29928171641791046,240.6225
2024-07-25,Smartwatch,Electronics,East,4,4324,833.11,7,2024,1081.0,0.19267113783533765,208.2775
2023-09-27,Mouse,Accessories,South,4,2628,727.87,9,2023,657.0,0.27696727549467276,181.9675
2023-08-12,Keyboard,Accessories,West,8,8992,2018.64,8,2023,1124.0,0.2244928825622776,252.33
2024-07-24,Laptop,Electronics,West,6,360,22.16,7,2024,60.0,0.06155555555555556,3.6933333333333334
2022-07-26,Tablet,Electronics,South,3,2067,479.39,7,2022,689.0,0.23192549588776004,159.79666666666665
2024-12-03,Mouse,Accessories,South,9,3573,550.44,12,2024,397.0,0.1540554156171285,61.160000000000004
2023-08-15,Laptop,Electronics,South,8,1800,142.86,8,2023,225.0,0.07936666666666667,17.8575
2023-11-28,Printer,Office,South,8,3912,334.1,11,2023,489.0,0.08540388548057261,41.7625
2022-08-03,Headphones,Accessories,North,8,5640,747.26,8,2022,705.0,0.13249290780141842,93.4075
2022-09-02,Tablet,Electronics,South,1,552,115.74,9,2022,552.0,0.20967391304347824,115.74
2022-04-25,Mouse,Accessories,South,7,1428,289.65,4,2022,204.0,0.20283613445378149,41.378571428571426
2022-01-12,Printer,Office,West,1,349,42.05,1,2022,349.0,0.12048710601719197,42.05
2022-10-30,Tablet,Electronics,North,6,6402,1366.28,10,2022,1067.0,0.21341455795064043,227.71333333333334
2023-06-09,Monitor,Accessories,East,9,657,185.95,6,2023,73.0,0.2830289193302892,20.66111111111111
2023-01-13,Mouse,Accessories,West,7,5327,950.7,1,2023,761.0,0.17846818096489583,135.81428571428572
2024-01-27,Keyboard,Accessories,North,4,4196,1152.45,1,2024,1049.0,0.27465443279313634,288.1125
2023-11-04,Laptop,Electronics,East,4,2892,863.47,11,2023,723.0,0.2985719225449516,215.8675
2024-08-07,Laptop,Electronics,West,9,2772,432.77,8,2024,308.0,0.1561219336219336,48.08555555555555
2024-07-13,Smartwatch,Electronics,North,6,4692,1044.97,7,2024,782.0,0.22271312872975277,174.16166666666666
2022-12-07,Mouse,Accessories,East,6,2742,334.48,12,2022,457.0,0.12198395331874545,55.74666666666667
2023-01-16,Smartphone,Electronics,North,8,8896,1154.96,1,2023,1112.0,0.1298291366906475,144.37
2022-11-21,Mouse,Accessories,North,2,2344,385.19,11,2022,1172.0,0.164330204778157,192.595
2022-01-26,Headphones,Accessories,South,7,4186,655.53,1,2022,598.0,0.15660057333970376,93.64714285714285
2024-11-14,Tablet,Electronics,East,9,5238,1152.42,11,2024,582.0,0.2200114547537228,128.04666666666668
2022-10-20,Mouse,Accessories,North,3,2982,452.22,10,2022,994.0,0.15164989939637827,150.74
2024-05-14,Smartwatch,Electronics,West,4,2580,602.5,5,2024,645.0,0.23352713178294573,150.625
2024-01-17,Keyboard,Accessories,West,5,2675,671.6,1,2024,535.0,0.25106542056074765,134.32
2024-07-30,Printer,Office,East,4,2396,608.5,7,2024,599.0,0.2539649415692821,152.125
2024-09-30,Laptop,Electronics,West,5,1600,242.25,9,2024,320.0,0.15140625,48.45
2023-09-09,Smartwatch,Electronics,North,4,304,34.73,9,2023,76.0,0.11424342105263156,8.6825
2024-05-24,Keyboard,Accessories,East,9,2070,457.39,5,2024,230.0,0.2209613526570048,50.82111111111111
2022-09-12,Printer,Office,North,5,1230,158.23,9,2022,246.0,0.1286422764227642,31.645999999999997
2023-05-29,Camera,Electronics,South,6,6234,758.78,5,2023,1039.0,0.1217163939685595,126.46333333333332
2024-01-27,Headphones,Accessories,South,2,396,46.33,1,2024,198.0,0.11699494949494949,23.165
2023-08-17,Mouse,Accessories,East,9,2349,244.18,8,2023,261.0,0.10395061728395062,27.13111111111111
2023-07-15,Headphones,Accessories,North,9,5949,626.92,7,2023,661.0,0.10538241721297696,69.65777777777777
2022-01-15,Printer,Office,East,7,5957,1433.85,1,2022,851.0,0.24070001678697328,204.83571428571426
2024-12-04,Headphones,Accessories,East,3,1989,299.79,12,2024,663.0,0.1507239819004525,99.93
2024-11-19,Mouse,Accessories,South,1,1138,243.36,11,2024,1138.0,0.21384885764499123,243.36
2022-04-15,Tablet,Electronics,West,9,3321,689.64,4,2022,369.0,0.20766034327009936,76.62666666666667
2023-10-03,Camera,Electronics,South,4,4480,592.82,10,2023,1120.0,0.13232589285714286,148.205
2023-02-14,Smartwatch,Electronics,East,3,1533,440.88,2,2023,511.0,0.28759295499021525,146.96
2024-02-10,Mouse,Accessories,East,1,109,10.35,2,2024,109.0,0.09495412844036696,10.35
2024-04-07,Smartphone,Electronics,South,4,2380,594.86,4,2024,595.0,0.24994117647058825,148.715
2022-08-22,Printer,Office,South,8,2592,432.37,8,2022,324.0,0.16680941358024692,54.04625
2023-12-08,Laptop,Electronics,East,6,5112,1289.47,12,2023,852.0,0.25224374021909235,214.91166666666666
2023-04-02,Smartwatch,Electronics,North,8,9392,1753.08,4,2023,1174.0,0.18665672913117545,219.135
2024-10-21,Laptop,Electronics,West,2,2386,381.83,10,2024,1193.0,0.1600293378038558,190.915
2024-12-03,Smartwatch,Electronics,South,5,465,71.23,12,2024,93.0,0.15318279569892473,14.246
2023-04-19,Smartphone,Electronics,West,2,604,102.52,4,2023,302.0,0.16973509933774833,51.26
2022-10-02,Smartwatch,Electronics,East,2,2216,650.27,10,2022,1108.0,0.29344314079422384,325.135
2023-06-06,Mouse,Accessories,East,4,1168,220.22,6,2023,292.0,0.1885445205479452,55.055
2022-01-26,Monitor,Accessories,South,7,4088,230.43,1,2022,584.0,0.056367416829745595,32.91857142857143
2022-02-24,Keyboard,Accessories,West,7,2597,152.09,2,2022,371.0,0.058563727377743555,21.72714285714286
2023-08-22,Smartwatch,Electronics,West,3,2151,322.03,8,2023,717.0,0.1497117619711762,107.34333333333332
2024-09-08,Laptop,Electronics,East,6,462,71.22,9,2024,77.0,0.15415584415584416,11.87
2022-10-23,Mouse,Accessories,North,7,5957,1077.86,10,2022,851.0,0.18094007050528788,153.98
2023-12-13,Smartphone,Electronics,West,6,6978,2028.63,12,2023,1163.0,0.2907179707652623,338.105
2024-10-20,Headphones,Accessories,South,1,282,72.5,10,2024,282.0,0.2570921985815603,72.5
2023-12-05,Camera,Electronics,East,1,157,27.65,12,2023,157.0,0.17611464968152865,27.65
2023-07-14,Monitor,Accessories,North,8,3304,404.33,7,2023,413.0,0.12237590799031477,50.54125
2022-02-13,Headphones,Accessories,North,3,3051,201.26,2,2022,1017.0,0.06596525729269091,67.08666666666666
2024-06-16,Mouse,Accessories,East,9,8082,1783.55,6,2024,898.0,0.22068176194011382,198.17222222222222
2024-10-14,Laptop,Electronics,West,3,510,110.38,10,2024,170.0,0.2164313725490196,36.79333333333333
2024-04-20,Tablet,Electronics,East,8,3976,1170.36,4,2024,497.0,0.29435613682092554,146.295
2023-12-26,Smartphone,Electronics,East,9,828,59.99,12,2023,92.0,0.07245169082125603,6.665555555555556
2023-04-05,Headphones,Accessories,West,7,2457,388.11,4,2023,351.0,0.15796092796092798,55.44428571428572
2023-08-02,Camera,Electronics,North,4,3924,298.07,8,2023,981.0,0.07596075433231396,74.5175
2022-11-30,Headphones,Accessories,West,2,2018,227.75,11,2022,1009.0,0.11285926660059464,113.875
2024-09-08,Monitor,Accessories,West,3,2043,479.9,9,2024,681.0,0.23489965736661772,159.96666666666667
2024-06-07,Printer,Office,West,5,1035,187.12,6,2024,207.0,0.18079227053140098,37.424
2023-08-12,Smartwatch,Electronics,North,6,2724,675.53,8,2023,454.0,0.24799192364170336,112.58833333333332
2023-05-02,Camera,Electronics,East,1,1120,127.32,5,2023,1120.0,0.11367857142857142,127.32
2024-10-26,Monitor,Accessories,North,6,3438,631.95,10,2024,573.0,0.18381326352530541,105.325
2022-09-27,Smartwatch,Electronics,West,5,3170,379.27,9,2022,634.0,0.11964353312302839,75.854
2023-06-25,Smartwatch,Electronics,East,4,660,83.96,6,2023,165.0,0.1272121212121212,20.99
2022-11-05,Tablet,Electronics,East,7,4669,1088.15,11,2022,667.0,0.23305847076461772,155.45000000000002
2022-08-12,Smartwatch,Electronics,West,5,1045,89.0,8,2022,209.0,0.08516746411483253,17.8
2022-02-27,Keyboard,Accessories,North,4,2724,229.47,2,2022,681.0,0.08424008810572688,57.3675
2023-09-14,Headphones,Accessories,West,8,5312,1583.0,9,2023,664.0,0.29800451807228917,197.875
2024-11-23,Tablet,Electronics,West,4,4252,445.18,11,2024,1063.0,0.10469896519285042,111.295
2024-10-09,Printer,Office,East,7,8057,1652.27,10,2024,1151.0,0.20507260767034877,236.03857142857143
2023-06-20,Keyboard,Accessories,South,7,2023,274.25,6,2023,289.0,0.13556599110232329,39.17857142857143
2024-03-16,Monitor,Accessories,South,8,9416,2125.54,3,2024,1177.0,0.22573704333050126,265.6925
2023-11-27,Monitor,Accessories,East,8,7560,494.34,11,2023,945.0,0.06538888888888889,61.7925
2023-01-08,Monitor,Accessories,West,2,828,50.07,1,2023,414.0,0.060471014492753626,25.035
2023-12-07,Mouse,Accessories,West,1,527,27.45,12,2023,527.0,0.05208728652751423,27.45
2022-09-11,Keyboard,Accessories,North,2,1160,206.49,9,2022,580.0,0.17800862068965517,103.245
2022-03-29,Mouse,Accessories,West,5,5430,310.86,3,2022,1086.0,0.057248618784530386,62.172000000000004
2024-01-15,Tablet,Electronics,South,7,6874,454.53,1,2024,982.0,0.06612307244690137,64.93285714285715
2023-07-12,Printer,Office,East,8,8952,1825.37,7,2023,1119.0,0.20390638963360141,228.17125
2022-06-06,Mouse,Accessories,East,8,416,67.81,6,2022,52.0,0.16300480769230768,8.47625
2023-11-18,Smartphone,Electronics,South,3,1680,140.27,11,2023,560.0,0.08349404761904762,46.75666666666667
2022-08-27,Mouse,Accessories,South,7,4340,383.9,8,2022,620.0,0.08845622119815667,54.84285714285714
2022-01-16,Laptop,Electronics,West,9,7650,2130.82,1,2022,850.0,0.2785385620915033,236.7577777777778
2024-04-03,Smartwatch,Electronics,West,8,6328,412.76,4,2024,791.0,0.0652275600505689,51.595
2022-08-19,Keyboard,Accessories,West,2,1312,344.0,8,2022,656.0,0.2621951219512195,172.0
2022-01-21,Camera,Electronics,East,9,8055,2300.17,1,2022,895.0,0.2855580384854128,255.57444444444445
2022-03-19,Camera,Electronics,South,2,840,153.61,3,2022,420.0,0.18286904761904763,76.805
2023-03-16,Tablet,Electronics,South,9,9423,2794.89,3,2023,1047.0,0.29660299267749124,310.5433333333333
2023-12-30,Monitor,Accessories,North,8,6520,1113.12,12,2023,815.0,0.17072392638036807,139.14
2022-10-20,Laptop,Electronics,North,3,1950,116.12,10,2022,650.0,0.05954871794871795,38.70666666666667
2023-10-16,Camera,Electronics,South,6,5928,1177.2,10,2023,988.0,0.198582995951417,196.20000000000002
2023-07-29,Camera,Electronics,South,7,4809,1418.72,7,2023,687.0,0.29501351632356,202.67428571428573
2023-06-04,Smartphone,Electronics,West,4,356,23.4,6,2023,89.0,0.06573033707865168,5.85
2023-04-28,Laptop,Electronics,South,2,570,94.39,4,2023,285.0,0.1655964912280702,47.195
2022-05-13,Monitor,Accessories,East,7,7791,907.96,5,2022,1113.0,0.11653959697086382,129.70857142857145
2024-05-10,Smartwatch,Electronics,East,4,4168,494.48,5,2024,1042.0,0.11863723608445298,123.62
2023-08-21,Tablet,Electronics,North,2,684,183.85,8,2023,342.0,0.26878654970760235,91.925
2024-01-05,Smartphone,Electronics,East,7,3857,447.99,1,2024,551.0,0.11614985740212601,63.99857142857143
2024-09-07,Camera,Electronics,North,5,3250,699.99,9,2024,650.0,0.21538153846153846,139.998
2023-08-03,Printer,Office,North,6,1194,79.62,8,2023,199.0,0.06668341708542715,13.270000000000001
2023-05-07,Laptop,Electronics,West,6,3486,320.91,5,2023,581.0,0.0920567986230637,53.48500000000001
2022-08-05,Monitor,Accessories,West,7,1554,370.97,8,2022,222.0,0.23871943371943374,52.99571428571429
2024-07-19,Smartwatch,Electronics,North,3,2601,463.36,7,2024,867.0,0.17814686658977316,154.45333333333335
2022-11-15,Headphones,Accessories,West,4,3616,745.75,11,2022,904.0,0.2062361725663717,186.4375
2023-02-01,Mouse,Accessories,West,5,3350,986.33,2,2023,670.0,0.2944268656716418,197.26600000000002
2023-12-20,Smartwatch,Electronics,South,5,2545,588.47,12,2023,509.0,0.23122593320235757,117.694
2024-08-26,Monitor,Accessories,East,1,545,68.28,8,2024,545.0,0.12528440366972476,68.28
2023-12-19,Mouse,Accessories,North,7,1470,178.85,12,2023,210.0,0.12166666666666666,25.55
2023-11-30,Camera,Electronics,South,3,3126,870.95,11,2023,1042.0,0.27861484325015995,290.31666666666666
2024-12-27,Laptop,Electronics,West,3,1368,302.29,12,2024,456.0,0.22097222222222224,100.76333333333334
2024-12-21,Headphones,Accessories,East,9,7083,1353.39,12,2024,787.0,0.19107581533248624,150.37666666666667
2024-01-28,Printer,Office,East,2,1994,453.74,1,2024,997.0,0.22755265797392177,226.87
2022-09-03,Camera,Electronics,North,4,4716,1084.16,9,2022,1179.0,0.2298897370653096,271.04
2024-02-29,Monitor,Accessories,South,1,975,125.85,2,2024,975.0,0.12907692307692306,125.85
2023-04-21,Smartphone,Electronics,West,9,9891,1774.03,4,2023,1099.0,0.17935800222424425,197.11444444444444
2024-05-24,Smartwatch,Electronics,South,2,626,159.49,5,2024,313.0,0.25477635782747604,79.745
2024-05-19,Monitor,Accessories,East,8,5632,1620.04,5,2024,704.0,0.28764914772727274,202.505
2024-09-10,Printer,Office,West,3,2568,734.6,9,2024,856.0,0.28605919003115265,244.86666666666667
2023-09-12,Tablet,Electronics,East,7,5285,629.07,9,2023,755.0,0.11902932828760644,89.86714285714287
2023-11-08,Camera,Electronics,East,2,516,122.77,11,2023,258.0,0.2379263565891473,61.385
2022-05-31,Monitor,Accessories,East,3,2139,503.08,5,2022,713.0,0.23519401589527816,167.69333333333333
2023-01-05,Laptop,Electronics,East,9,8136,1923.89,1,2023,904.0,0.23646632251720748,213.76555555555558
2024-10-25,Laptop,Electronics,West,5,2130,318.99,10,2024,426.0,0.1497605633802817,63.798
2024-04-01,Headphones,Accessories,South,5,3445,202.15,4,2024,689.0,0.05867924528301887,40.43
2024-12-16,Tablet,Electronics,East,8,5376,429.84,12,2024,672.0,0.07995535714285713,53.73
2023-08-05,Printer,Office,West,6,3006,730.14,8,2023,501.0,0.2428942115768463,121.69
2022-12-31,Headphones,Accessories,North,7,3941,1113.85,12,2022,563.0,0.2826313118497843,159.12142857142857
2023-03-10,Monitor,Accessories,North,5,3350,389.95,3,2023,670.0,0.11640298507462686,77.99
2024-05-05,Printer,Office,South,3,2019,265.44,5,2024,673.0,0.1314710252600297,88.48
2022-06-09,Headphones,Accessories,North,8,2416,403.38,6,2022,302.0,0.16696192052980133,50.4225
2022-05-13,Monitor,Accessories,West,8,6160,684.71,5,2022,770.0,0.11115422077922078,85.58875
2022-04-07,Printer,Office,East,4,2796,682.65,4,2022,699.0,0.24415236051502145,170.6625
2024-12-19,Smartwatch,Electronics,South,7,7700,1573.41,12,2024,1100.0,0.20433896103896104,224.77285714285716
2024-06-17,Smartwatch,Electronics,West,5,2095,193.93,6,2024,419.0,0.09256801909307877,38.786
2024-09-25,Camera,Electronics,North,5,5990,1548.62,9,2024,1198.0,0.25853422370617696,309.724
2024-12-27,Smartwatch,Electronics,North,2,1206,307.02,12,2024,603.0,0.2545771144278607,153.51
2024-03-15,Smartwatch,Electronics,South,5,1330,285.78,3,2024,266.0,0.2148721804511278,57.15599999999999
2022-07-25,Camera,Electronics,West,6,2706,766.68,7,2022,451.0,0.2833259423503326,127.77999999999999
2023-01-14,Laptop,Electronics,East,3,426,50.8,1,2023,142.0,0.1192488262910798,16.933333333333334
2024-11-13,Tablet,Electronics,West,1,414,50.26,11,2024,414.0,0.12140096618357488,50.26
2024-06-29,Laptop,Electronics,East,5,5465,546.33,6,2024,1093.0,0.09996889295516927,109.266
2024-05-22,Tablet,Electronics,South,3,726,71.06,5,2024,242.0,0.09787878787878788,23.686666666666667
2022-04-30,Smartwatch,Electronics,East,1,1001,225.75,4,2022,1001.0,0.22552447552447552,225.75
2022-02-16,Mouse,Accessories,West,9,7362,1866.65,2,2022,818.0,0.25355202390654713,207.40555555555557
2022-05-14,Keyboard,Accessories,East,4,2284,576.59,5,2022,571.0,0.2524474605954466,144.1475
2022-12-17,Tablet,Electronics,East,4,2940,566.36,12,2022,735.0,0.19263945578231292,141.59
2023-05-16,Printer,Office,South,4,3068,868.89,5,2023,767.0,0.28321056062581484,217.2225
2024-08-07,Smartphone,Electronics,North,3,3477,862.21,8,2024,1159.0,0.24797526603393732,287.40333333333336
2024-08-04,Smartwatch,Electronics,West,9,4014,204.48,8,2024,446.0,0.05094170403587444,22.72
2024-08-07,Monitor,Accessories,North,8,7200,804.53,8,2024,900.0,0.11174027777777777,100.56625
2024-04-03,Smartwatch,Electronics,West,3,735,134.53,4,2024,245.0,0.1830340136054422,44.843333333333334
2023-01-31,Monitor,Accessories,East,3,2964,446.54,1,2023,988.0,0.1506545209176788,148.84666666666666
2022-03-25,Camera,Electronics,West,9,3699,276.07,3,2022,411.0,0.07463368477967018,30.674444444444443
2022-05-14,Printer,Office,West,3,1563,221.62,5,2022,521.0,0.1417914267434421,73.87333333333333
2023-07-13,Mouse,Accessories,South,2,124,32.27,7,2023,62.0,0.260241935483871,16.135
2023-07-03,Mouse,Accessories,North,2,416,71.68,7,2023,208.0,0.17230769230769233,35.84
2023-03-07,Camera,Electronics,South,8,2624,294.24,3,2023,328.0,0.11213414634146342,36.78
2024-11-04,Headphones,Accessories,East,4,1636,134.85,11,2024,409.0,0.08242665036674816,33.7125
2023-12-24,Headphones,Accessories,East,8,8200,1978.93,12,2023,1025.0,0.2413329268292683,247.36625
2022-03-10,Mouse,Accessories,East,5,5615,715.58,3,2022,1123.0,0.12744078361531613,143.116
2022-09-30,Printer,Office,East,5,3085,413.52,9,2022,617.0,0.1340421393841167,82.704
2024-12-07,Keyboard,Accessories,South,6,3198,913.76,12,2024,533.0,0.2857285803627267,152.29333333333332
2022-02-13,Camera,Electronics,West,4,1848,374.66,2,2022,462.0,0.20273809523809525,93.665
2023-04-11,Smartwatch,Electronics,North,4,652,116.06,4,2023,163.0,0.17800613496932516,29.015
2022-11-22,Mouse,Accessories,South,6,2940,609.99,11,2022,490.0,0.2074795918367347,101.665
2022-05-29,Headphones,Accessories,East,4,3912,454.89,5,2022,978.0,0.11628067484662577,113.7225
2022-10-09,Tablet,Electronics,South,8,9392,891.07,10,2022,1174.0,0.0948754258943782,111.38375
2022-10-21,Monitor,Accessories,West,1,312,43.01,10,2022,312.0,0.1378525641025641,43.01
2023-11-24,Laptop,Electronics,East,9,7731,1459.74,11,2023,859.0,0.1888164532402018,162.19333333333333
2023-06-23,Tablet,Electronics,West,1,1081,229.32,6,2023,1081.0,0.2121369102682701,229.32
2023-08-16,Smartphone,Electronics,West,6,1926,393.01,8,2023,321.0,0.20405503634475597,65.50166666666667
2022-07-26,Monitor,Accessories,East,3,936,88.51,7,2022,312.0,0.09456196581196581,29.503333333333334
2024-12-29,Laptop,Electronics,South,9,8550,1970.98,12,2024,950.0,0.23052397660818713,218.99777777777777
2023-08-24,Monitor,Accessories,North,4,2468,457.51,8,2023,617.0,0.1853768233387358,114.3775
2023-09-04,Tablet,Electronics,West,3,801,90.34,9,2023,267.0,0.11278401997503122,30.113333333333333
2023-01-03,Laptop,Electronics,East,9,2655,701.11,1,2023,295.0,0.26407156308851226,77.9011111111111
2023-11-30,Smartwatch,Electronics,West,8,3928,700.38,11,2023,491.0,0.17830448065173116,87.5475
2024-07-11,Monitor,Accessories,East,8,6488,1438.34,7,2024,811.0,0.22169235511713933,179.7925
2024-02-03,Headphones,Accessories,West,9,7695,1749.26,2,2024,855.0,0.22732423651721897,194.36222222222221
2023-07-19,Headphones,Accessories,West,2,1856,468.19,7,2023,928.0,0.2522575431034483,234.095
2022-04-14,Smartwatch,Electronics,North,7,1519,403.63,4,2022,217.0,0.2657208689927584,57.66142857142857
2024-01-19,Tablet,Electronics,West,3,3549,996.05,1,2024,1183.0,0.2806565229642153,332.01666666666665
2024-09-12,Laptop,Electronics,East,3,1656,378.84,9,2024,552.0,0.22876811594202898,126.27999999999999
2024-08-24,Keyboard,Accessories,North,7,812,175.55,8,2024,116.0,0.2161945812807882,25.07857142857143
2022-12-25,Mouse,Accessories,North,5,3730,864.41,12,2022,746.0,0.23174530831099194,172.882
2023-12-24,Monitor,Accessories,South,1,1161,210.87,12,2023,1161.0,0.1816279069767442,210.87
2022-05-18,Headphones,Accessories,North,3,2256,282.52,5,2022,752.0,0.1252304964539007,94.17333333333333
2024-09-28,Monitor,Accessories,East,1,359,78.17,9,2024,359.0,0.21774373259052926,78.17
2024-03-23,Headphones,Accessories,East,2,130,11.1,3,2024,65.0,0.08538461538461538,5.55
2022-09-26,Mouse,Accessories,South,8,4248,831.54,9,2022,531.0,0.19574858757062147,103.9425
2024-10-04,Camera,Electronics,South,5,1825,221.47,10,2024,365.0,0.12135342465753425,44.294
2024-09-25,Keyboard,Accessories,East,2,876,224.01,9,2024,438.0,0.25571917808219174,112.005
2023-01-03,Camera,Electronics,North,9,9180,2752.84,1,2023,1020.0,0.2998736383442266,305.87111111111113
2024-03-26,Monitor,Accessories,West,5,1765,160.89,3,2024,353.0,0.09115580736543909,32.178
2022-10-06,Monitor,Accessories,South,2,1504,164.51,10,2022,752.0,0.10938164893617021,82.255
2022-06-30,Keyboard,Accessories,South,9,1881,430.78,6,2022,209.0,0.22901648059542795,47.864444444444445
2022-01-16,Keyboard,Accessories,East,9,7425,1533.72,1,2022,825.0,0.20656161616161617,170.41333333333333
2022-10-16,Tablet,Electronics,East,9,720,192.83,10,2022,80.0,0.26781944444444444,21.425555555555558
2024-05-07,Smartphone,Electronics,West,5,2985,698.22,5,2024,597.0,0.23390954773869346,139.644
2022-01-04,Laptop,Electronics,North,9,711,200.11,1,2022,79.0,0.2814486638537272,22.234444444444446
2024-08-13,Printer,Office,South,6,6276,1396.25,8,2024,1046.0,0.22247450605481198,232.70833333333334
2023-01-13,Mouse,Accessories,East,7,7966,955.8,1,2023,1138.0,0.11998493597790609,136.54285714285714
2023-03-14,Headphones,Accessories,East,8,4200,854.89,3,2023,525.0,0.20354523809523808,106.86125
2024-05-17,Laptop,Electronics,East,7,455,80.0,5,2024,65.0,0.17582417582417584,11.428571428571429
2024-10-15,Keyboard,Accessories,South,8,5040,465.36,10,2024,630.0,0.09233333333333334,58.17
2023-09-11,Mouse,Accessories,East,1,856,87.69,9,2023,856.0,0.10244158878504672,87.69
2023-07-20,Monitor,Accessories,West,5,5230,385.77,7,2023,1046.0,0.07376099426386233,77.154
2022-03-19,Laptop,Electronics,South,5,4635,769.03,3,2022,927.0,0.1659180151024811,153.80599999999998
2024-12-07,Laptop,Electronics,East,6,5508,360.28,12,2024,918.0,0.06541031227305737,60.04666666666666
2023-06-06,Smartphone,Electronics,North,1,258,27.01,6,2023,258.0,0.10468992248062016,27.01
2023-07-13,Smartphone,Electronics,East,1,677,88.41,7,2023,677.0,0.13059084194977844,88.41
2023-07-10,Monitor,Accessories,West,5,4545,755.05,7,2023,909.0,0.1661276127612761,151.01
2024-09-09,Smartphone,Electronics,South,5,4370,1255.36,9,2024,874.0,0.28726773455377574,251.07199999999997
2023-01-06,Keyboard,Accessories,East,3,372,57.51,1,2023,124.0,0.1545967741935484,19.169999999999998
2024-09-05,Camera,Electronics,West,9,3177,629.96,9,2024,353.0,0.19828769279194208,69.99555555555555
2023-04-19,Printer,Office,South,7,1659,127.48,4,2023,237.0,0.0768414707655214,18.211428571428574
2023-04-20,Tablet,Electronics,South,3,3360,759.31,4,2023,1120.0,0.22598511904761903,253.10333333333332
2023-03-02,Smartphone,Electronics,West,2,1132,290.56,3,2023,566.0,0.256678445229682,145.28
2024-10-05,Smartwatch,Electronics,East,5,1815,468.62,10,2024,363.0,0.25819283746556476,93.724
2023-11-11,Mouse,Accessories,North,1,459,125.19,11,2023,459.0,0.2727450980392157,125.19
2023-11-15,Smartphone,Electronics,West,1,1128,73.74,11,2023,1128.0,0.06537234042553192,73.74
2024-10-30,Monitor,Accessories,East,6,1170,104.63,10,2024,195.0,0.08942735042735042,17.438333333333333
2022-08-01,Smartwatch,Electronics,North,5,4420,380.69,8,2022,884.0,0.0861289592760181,76.138
2024-02-29,Smartphone,Electronics,West,6,456,69.15,2,2024,76.0,0.15164473684210528,11.525
2024-02-25,Tablet,Electronics,North,2,1458,154.79,2,2024,729.0,0.10616598079561042,77.395
2024-06-24,Monitor,Accessories,West,7,2989,197.58,6,2024,427.0,0.06610237537638007,28.225714285714286
2024-12-20,Camera,Electronics,North,4,3424,845.68,12,2024,856.0,0.2469859813084112,211.42
2024-10-14,Mouse,Accessories,West,2,1226,124.25,10,2024,613.0,0.10134584013050571,62.125
2024-11-16,Laptop,Electronics,North,8,6760,1097.63,11,2024,845.0,0.16237130177514794,137.20375
2023-09-25,Smartphone,Electronics,West,1,111,13.61,9,2023,111.0,0.12261261261261261,13.61
2023-06-09,Printer,Office,North,5,3275,222.29,6,2023,655.0,0.06787480916030535,44.458
2024-09-08,Headphones,Accessories,North,3,2508,498.69,9,2024,836.0,0.1988397129186603,166.23
2024-09-01,Keyboard,Accessories,South,8,904,202.35,9,2024,113.0,0.22383849557522123,25.29375
2024-09-05,Printer,Office,West,3,1506,427.84,9,2024,502.0,0.2840903054448871,142.61333333333332
2022-10-23,Smartphone,Electronics,South,3,987,97.01,10,2022,329.0,0.09828774062816617,32.336666666666666
2022-01-29,Smartphone,Electronics,East,7,2968,728.94,1,2022,424.0,0.24559973045822103,104.13428571428572
2022-03-17,Mouse,Accessories,South,5,4200,746.86,3,2022,840.0,0.17782380952380952,149.372
2024-01-16,Smartwatch,Electronics,North,5,1645,313.66,1,2024,329.0,0.19067477203647418,62.732000000000006
2024-11-25,Printer,Office,East,3,3282,492.59,11,2024,1094.0,0.1500883607556368,164.19666666666666
2022-02-13,Headphones,Accessories,East,9,4914,1160.45,2,2022,546.0,0.23615181115181116,128.9388888888889
2023-03-30,Laptop,Electronics,North,6,3924,762.96,3,2023,654.0,0.194434250764526,127.16000000000001
2023-09-12,Headphones,Accessories,South,6,420,65.62,9,2023,70.0,0.15623809523809526,10.936666666666667
2024-06-28,Printer,Office,West,4,1544,106.02,6,2024,386.0,0.0686658031088083,26.505
2022-08-29,Headphones,Accessories,East,2,2046,233.47,8,2022,1023.0,0.11411045943304007,116.735
2023-11-22,Headphones,Accessories,West,2,1548,157.48,11,2023,774.0,0.1017312661498708,78.74
2023-05-10,Keyboard,Accessories,North,4,3184,478.27,5,2023,796.0,0.1502104271356784,119.5675
2024-10-17,Printer,Office,South,5,3385,774.86,10,2024,677.0,0.22890989660265879,154.972
2023-10-11,Monitor,Accessories,North,1,59,10.32,10,2023,59.0,0.17491525423728815,10.32
2024-05-18,Monitor,Accessories,South,8,5976,1016.99,5,2024,747.0,0.17017904953145918,127.12375
2023-01-30,Mouse,Accessories,West,3,1791,122.5,1,2023,597.0,0.06839754327191513,40.833333333333336
2023-01-13,Smartwatch,Electronics,West,2,1644,189.32,1,2023,822.0,0.1151581508515815,94.66
2024-05-17,Tablet,Electronics,West,8,6584,544.62,5,2024,823.0,0.0827187120291616,68.0775
2022-08-03,Headphones,Accessories,East,5,1620,325.87,8,2022,324.0,0.20115432098765432,65.174
2024-02-06,Mouse,Accessories,West,9,2736,407.22,2,2024,304.0,0.14883771929824563,45.24666666666667
2024-04-11,Monitor,Accessories,South,4,1064,274.47,4,2024,266.0,0.2579605263157895,68.6175
2024-06-18,Camera,Electronics,South,7,2667,363.5,6,2024,381.0,0.13629546306711662,51.92857142857143
2023-04-03,Headphones,Accessories,South,3,735,217.79,4,2023,245.0,0.296312925170068,72.59666666666666
2024-12-18,Laptop,Electronics,East,1,58,11.25,12,2024,58.0,0.1939655172413793,11.25
2023-04-25,Camera,Electronics,South,7,3136,850.3,4,2023,448.0,0.27114158163265306,121.47142857142856
2023-09-17,Mouse,Accessories,East,4,3936,374.34,9,2023,984.0,0.09510670731707316,93.585
2022-11-23,Smartphone,Electronics,East,9,6102,947.91,11,2022,678.0,0.1553441494591937,105.32333333333332
2024-05-17,Smartphone,Electronics,North,8,9408,552.44,5,2024,1176.0,0.0587202380952381,69.055
2022-12-14,Mouse,Accessories,South,9,7875,1243.56,12,2022,875.0,0.15791238095238094,138.17333333333332
2024-10-13,Keyboard,Accessories,North,9,9900,576.8,10,2024,1100.0,0.05826262626262626,64.08888888888889
2024-10-16,Keyboard,Accessories,North,2,430,114.91,10,2024,215.0,0.2672325581395349,57.455
2023-09-18,Mouse,Accessories,South,3,813,238.1,9,2023,271.0,0.29286592865928657,79.36666666666666
2023-12-09,Camera,Electronics,South,4,4176,980.11,12,2023,1044.0,0.2347006704980843,245.0275
2023-10-02,Camera,Electronics,South,4,3084,348.38,10,2023,771.0,0.11296368352788586,87.095
2022-03-31,Mouse,Accessories,West,7,8008,1593.65,3,2022,1144.0,0.19900724275724277,227.66428571428574
2024-06-12,Smartwatch,Electronics,South,4,4608,963.5,6,2024,1152.0,0.20909288194444445,240.875
2024-06-16,Headphones,Accessories,West,4,4356,614.62,6,2024,1089.0,0.1410973370064279,153.655
2023-09-04,Printer,Office,South,1,566,169.17,9,2023,566.0,0.298886925795053,169.17
2022-12-02,Laptop,Electronics,East,7,945,75.21,12,2022,135.0,0.07958730158730158,10.744285714285713
2022-11-12,Smartwatch,Electronics,North,4,2200,484.33,11,2022,550.0,0.22014999999999998,121.0825
2024-12-30,Mouse,Accessories,North,1,746,131.25,12,2024,746.0,0.17593833780160859,131.25
2024-12-06,Monitor,Accessories,East,5,3505,678.18,12,2024,701.0,0.19348930099857345,135.636
2024-05-26,Monitor,Accessories,East,5,4795,819.12,5,2024,959.0,0.1708279457768509,163.824
2024-10-20,Monitor,Accessories,North,5,4590,650.05,10,2024,918.0,0.1416230936819172,130.01
2023-05-04,Monitor,Accessories,North,4,2092,467.02,5,2023,523.0,0.22324091778202676,116.755
2024-05-09,Mouse,Accessories,South,8,3568,334.13,5,2024,446.0,0.09364630044843049,41.76625
2023-12-07,Smartphone,Electronics,West,9,10404,2028.21,12,2023,1156.0,0.19494521337946943,225.35666666666668
2022-12-10,Printer,Office,South,9,7029,1005.58,12,2022,781.0,0.14306160193484138,111.73111111111112
2022-11-21,Laptop,Electronics,West,8,664,126.6,11,2022,83.0,0.19066265060240964,15.825
2024-11-20,Tablet,Electronics,West,3,1923,274.0,11,2024,641.0,0.14248569942797712,91.33333333333333
2022-11-30,Printer,Office,West,7,2471,566.51,11,2022,353.0,0.22926345609065155,80.92999999999999
2024-01-03,Smartphone,Electronics,North,2,258,64.12,1,2024,129.0,0.24852713178294575,32.06
2024-10-29,Smartwatch,Electronics,East,9,1134,267.26,10,2024,126.0,0.235679012345679,29.695555555555554
2024-09-24,Headphones,Accessories,East,5,855,238.83,9,2024,171.0,0.2793333333333333,47.766000000000005
2024-04-09,Smartwatch,Electronics,West,9,3231,670.85,4,2024,359.0,0.20762921696069328,74.53888888888889
2024-09-05,Tablet,Electronics,South,7,3591,266.59,9,2024,513.0,0.07423837371205791,38.08428571428571
2024-02-03,Camera,Electronics,East,2,254,20.48,2,2024,127.0,0.08062992125984252,10.24
2023-03-17,Smartphone,Electronics,South,5,5930,1193.32,3,2023,1186.0,0.2012344013490725,238.664
2024-07-15,Headphones,Accessories,West,2,1344,297.99,7,2024,672.0,0.22171875000000002,148.995
2023-03-20,Laptop,Electronics,East,1,920,98.31,3,2023,920.0,0.10685869565217392,98.31
2022-08-28,Printer,Office,North,9,5454,385.51,8,2022,606.0,0.07068390172350568,42.83444444444444
2022-12-01,Laptop,Electronics,West,8,9512,663.23,12,2022,1189.0,0.06972560975609757,82.90375
2023-01-21,Mouse,Accessories,North,4,2972,827.46,1,2023,743.0,0.2784185733512786,206.865
2024-05-23,Smartwatch,Electronics,West,3,3360,465.02,5,2024,1120.0,0.1383988095238095,155.00666666666666
2022-10-24,Tablet,Electronics,West,4,1004,240.13,10,2022,251.0,0.23917330677290835,60.0325
2024-12-25,Headphones,Accessories,West,2,1944,332.55,12,2024,972.0,0.1710648148148148,166.275
2023-09-18,Monitor,Accessories,East,5,5055,1200.09,9,2023,1011.0,0.23740652818991095,240.01799999999997
2022-07-18,Smartwatch,Electronics,West,2,128,8.33,7,2022,64.0,0.065078125,4.165
2024-03-09,Smartphone,Electronics,East,3,633,163.03,3,2024,211.0,0.2575513428120063,54.343333333333334
2022-12-14,Printer,Office,South,3,2523,506.7,12,2022,841.0,0.2008323424494649,168.9
2023-11-06,Printer,Office,West,1,196,39.6,11,2023,196.0,0.20204081632653062,39.6
2022-02-11,Printer,Office,East,9,4212,552.96,2,2022,468.0,0.13128205128205128,61.440000000000005
2024-03-28,Monitor,Accessories,North,1,63,17.29,3,2024,63.0,0.27444444444444444,17.29
2023-07-02,Mouse,Accessories,South,8,2752,394.66,7,2023,344.0,0.14340843023255814,49.3325
2024-11-11,Mouse,Accessories,West,3,1989,419.61,11,2024,663.0,0.21096530920060333,139.87
2024-03-09,Laptop,Electronics,East,8,8032,466.19,3,2024,1004.0,0.058041583665338646,58.27375
2022-01-21,Tablet,Electronics,South,6,3702,407.34,1,2022,617.0,0.110032414910859,67.89
2022-10-17,Smartwatch,Electronics,East,8,456,90.24,10,2022,57.0,0.19789473684210526,11.28
2023-02-10,Camera,Electronics,West,7,5355,1143.16,2,2023,765.0,0.21347525676937443,163.30857142857144
2024-03-04,Camera,Electronics,West,1,972,261.91,3,2024,972.0,0.26945473251028806,261.91
2022-01-08,Headphones,Accessories,South,5,3290,797.82,1,2022,658.0,0.24249848024316112,159.56400000000002
2022-11-24,Laptop,Electronics,East,1,735,139.31,11,2022,735.0,0.1895374149659864,139.31
2024-10-24,Tablet,Electronics,North,3,3336,798.26,10,2024,1112.0,0.23928657074340529,266.08666666666664
2022-10-03,Keyboard,Accessories,West,3,2082,346.53,10,2022,694.0,0.1664409221902017,115.50999999999999
2024-07-18,Keyboard,Accessories,East,2,1340,129.89,7,2024,670.0,0.09693283582089551,64.945
2022-03-13,Laptop,Electronics,East,5,1160,227.13,3,2022,232.0,0.19580172413793104,45.426
2024-09-21,Monitor,Accessories,East,4,1272,299.84,9,2024,318.0,0.23572327044025154,74.96
2022-01-14,Printer,Office,West,3,2817,588.47,1,2022,939.0,0.20889953851615195,196.15666666666667
2024-03-05,Monitor,Accessories,East,3,1464,264.67,3,2024,488.0,0.18078551912568308,88.22333333333334
2023-02-13,Headphones,Accessories,West,1,307,60.51,2,2023,307.0,0.19710097719869707,60.51
2022-10-01,Tablet,Electronics,West,6,5706,1306.92,10,2022,951.0,0.22904311251314408,217.82000000000002
2024-05-25,Headphones,Accessories,North,1,1112,100.47,5,2024,1112.0,0.09035071942446044,100.47
2023-07-15,Keyboard,Accessories,West,1,1147,133.48,7,2023,1147.0,0.11637314734088927,133.48
2023-02-11,Laptop,Electronics,North,2,330,66.57,2,2023,165.0,0.2017272727272727,33.285
2023-07-12,Monitor,Accessories,North,4,2176,250.89,7,2023,544.0,0.11529871323529411,62.7225
2022-03-19,Headphones,Accessories,South,7,7616,1317.79,3,2022,1088.0,0.17302914915966386,188.25571428571428
2024-07-16,Printer,Office,North,1,1091,258.3,7,2024,1091.0,0.23675527039413383,258.3
2024-04-03,Tablet,Electronics,East,2,1026,279.76,4,2024,513.0,0.27267056530214423,139.88
2024-11-17,Tablet,Electronics,West,2,210,42.04,11,2024,105.0,0.2001904761904762,21.02
2022-09-17,Printer,Office,North,2,180,10.78,9,2022,90.0,0.05988888888888889,5.39
2024-09-12,Tablet,Electronics,North,4,380,72.88,9,2024,95.0,0.1917894736842105,18.22
2023-08-13,Monitor,Accessories,West,8,7664,1580.55,8,2023,958.0,0.2062304279749478,197.56875
2022-10-22,Smartphone,Electronics,East,8,6056,1029.9,10,2022,757.0,0.1700627476882431,128.7375
2022-01-28,Mouse,Accessories,North,6,606,104.52,1,2022,101.0,0.17247524752475246,17.419999999999998
2024-03-30,Monitor,Accessories,North,3,750,193.86,3,2024,250.0,0.25848000000000004,64.62
2024-12-11,Printer,Office,East,2,1218,218.88,12,2024,609.0,0.17970443349753695,109.44
2023-03-26,Laptop,Electronics,West,2,2162,355.45,3,2023,1081.0,0.16440795559666974,177.725
2023-03-13,Headphones,Accessories,East,9,2223,347.01,3,2023,247.0,0.15609986504723347,38.556666666666665
2023-09-19,Smartphone,Electronics,West,7,4452,920.05,9,2023,636.0,0.20665992812219225,131.43571428571428
2022-02-08,Printer,Office,West,1,184,50.19,2,2022,184.0,0.2727717391304348,50.19
2022-04-05,Headphones,Accessories,North,3,288,77.38,4,2022,96.0,0.26868055555555553,25.793333333333333
2024-01-24,Camera,Electronics,West,2,834,150.12,1,2024,417.0,0.18,75.06
2023-08-20,Keyboard,Accessories,East,5,4025,923.17,8,2023,805.0,0.2293590062111801,184.634
2023-09-08,Headphones,Accessories,West,7,4732,1084.28,9,2023,676.0,0.22913778529163145,154.89714285714285
2022-05-19,Headphones,Accessories,West,5,4025,407.72,5,2022,805.0,0.1012968944099379,81.54400000000001
2023-07-15,Printer,Office,South,8,2416,500.93,7,2023,302.0,0.2073385761589404,62.61625
2024-03-16,Tablet,Electronics,North,7,1897,524.69,3,2024,271.0,0.27658935160780185,74.9557142857143
2022-04-16,Mouse,Accessories,East,4,840,190.13,4,2022,210.0,0.2263452380952381,47.5325
2022-01-02,Mouse,Accessories,North,8,6600,360.45,1,2022,825.0,0.054613636363636364,45.05625
2022-10-20,Laptop,Electronics,West,2,2362,342.27,10,2022,1181.0,0.14490685859441152,171.135
2024-02-04,Headphones,Accessories,South,6,2958,577.27,2,2024,493.0,0.19515551048005408,96.21166666666666
2024-03-22,Tablet,Electronics,East,1,477,56.49,3,2024,477.0,0.11842767295597485,56.49
2022-06-04,Keyboard,Accessories,North,3,942,84.8,6,2022,314.0,0.0900212314225053,28.266666666666666
2023-01-21,Camera,Electronics,East,2,2084,586.72,1,2023,1042.0,0.2815355086372361,293.36
2023-08-16,Tablet,Electronics,West,6,4584,473.37,8,2023,764.0,0.10326570680628272,78.895
2022-05-28,Printer,Office,East,1,1118,319.28,5,2022,1118.0,0.2855813953488372,319.28
2024-04-30,Mouse,Accessories,North,9,4005,652.15,4,2024,445.0,0.16283395755305868,72.46111111111111
2024-03-04,Smartwatch,Electronics,East,5,4610,1293.37,3,2024,922.0,0.2805574837310195,258.674
2024-10-14,Keyboard,Accessories,South,1,551,86.84,10,2024,551.0,0.15760435571687842,86.84
2022-08-05,Printer,Office,West,1,75,19.29,8,2022,75.0,0.2572,19.29
2023-12-19,Mouse,Accessories,South,6,6576,1899.67,12,2023,1096.0,0.2888792579075426,316.6116666666667
2023-03-26,Printer,Office,North,6,6432,1410.52,3,2023,1072.0,0.21929726368159203,235.08666666666667
2022-08-08,Headphones,Accessories,South,7,7763,1444.27,8,2022,1109.0,0.18604534329511788,206.3242857142857
2024-03-02,Monitor,Accessories,East,7,2240,622.29,3,2024,320.0,0.2778080357142857,88.89857142857143
2022-12-04,Headphones,Accessories,East,6,5298,1209.88,12,2022,883.0,0.2283654209135523,201.64666666666668
2023-07-15,Smartwatch,Electronics,North,2,116,32.27,7,2023,58.0,0.27818965517241384,16.135
2022-02-02,Tablet,Electronics,East,8,6728,1140.19,2,2022,841.0,0.16946938168846612,142.52375
2022-12-02,Monitor,Accessories,North,5,490,55.59,12,2022,98.0,0.11344897959183674,11.118
2024-01-26,Monitor,Accessories,North,7,2765,699.86,1,2024,395.0,0.25311392405063293,99.98
2022-04-21,Smartphone,Electronics,West,8,2680,598.97,4,2022,335.0,0.22349626865671643,74.87125
2023-08-19,Camera,Electronics,East,2,2174,335.37,8,2023,1087.0,0.15426402943882245,167.685
2024-04-11,Monitor,Accessories,North,9,5562,1258.12,4,2024,618.0,0.2261992089176555,139.7911111111111
2022-09-27,Smartphone,Electronics,East,8,9208,2595.33,9,2022,1151.0,0.28185599478714163,324.41625
2024-08-31,Smartphone,Electronics,West,4,4512,546.71,8,2024,1128.0,0.12116799645390072,136.6775
2024-03-04,Camera,Electronics,West,9,7974,1965.96,3,2024,886.0,0.24654627539503388,218.44
2022-04-30,Monitor,Accessories,East,6,4944,1335.04,4,2022,824.0,0.2700323624595469,222.50666666666666
2022-03-19,Printer,Office,South,3,1611,234.84,3,2022,537.0,0.14577281191806332,78.28
2024-07-05,Smartwatch,Electronics,West,9,4599,618.89,7,2024,511.0,0.13457055881713414,68.76555555555555
2024-03-21,Laptop,Electronics,East,6,4380,419.3,3,2024,730.0,0.09573059360730594,69.88333333333334
2024-10-20,Headphones,Accessories,South,2,2376,580.26,10,2024,1188.0,0.24421717171717172,290.13
2023-01-03,Monitor,Accessories,South,9,6588,1800.9,1,2023,732.0,0.2733606557377049,200.10000000000002
2022-01-05,Mouse,Accessories,East,5,3745,720.08,1,2022,749.0,0.19227770360480642,144.01600000000002
2022-06-18,Camera,Electronics,North,5,5305,1389.25,6,2022,1061.0,0.261875589066918,277.85
2023-05-19,Tablet,Electronics,North,8,1608,332.12,5,2023,201.0,0.20654228855721393,41.515
2024-07-18,Monitor,Accessories,East,9,4977,745.81,7,2024,553.0,0.1498513160538477,82.86777777777777
2022-02-09,Smartphone,Electronics,East,7,4529,273.97,2,2022,647.0,0.06049238242437625,39.13857142857143
2024-04-15,Camera,Electronics,West,7,4690,319.42,4,2024,670.0,0.06810660980810235,45.63142857142857
2024-11-12,Keyboard,Accessories,East,4,2424,544.07,11,2024,606.0,0.22445132013201322,136.0175
2024-11-27,Keyboard,Accessories,North,6,3594,610.77,11,2024,599.0,0.16994156928213688,101.795
2022-05-03,Keyboard,Accessories,North,7,3962,491.9,5,2022,566.0,0.12415446744068652,70.27142857142857
2024-03-14,Camera,Electronics,East,2,944,149.38,3,2024,472.0,0.1582415254237288,74.69
2022-12-20,Smartwatch,Electronics,West,6,6792,1787.97,12,2022,1132.0,0.2632464664310954,297.995
2023-03-06,Tablet,Electronics,North,7,6804,1383.81,3,2023,972.0,0.20338183421516753,197.68714285714285
2024-09-20,Camera,Electronics,South,6,816,98.75,9,2024,136.0,0.1210171568627451,16.458333333333332
2022-07-10,Monitor,Accessories,North,6,5916,544.59,7,2022,986.0,0.09205375253549697,90.765
2022-06-17,Mouse,Accessories,South,5,5730,310.58,6,2022,1146.0,0.05420244328097731,62.116
2024-05-13,Headphones,Accessories,East,7,8288,785.54,5,2024,1184.0,0.0947804054054054,112.22
2022-06-24,Headphones,Accessories,South,2,2046,394.93,6,2022,1023.0,0.19302541544477028,197.465
2022-06-05,Tablet,Electronics,East,9,5031,1149.48,6,2022,559.0,0.228479427549195,127.72
2022-03-10,Keyboard,Accessories,South,9,1764,417.95,3,2022,196.0,0.23693310657596373,46.43888888888889
2022-07-23,Laptop,Electronics,South,8,1880,486.88,7,2022,235.0,0.2589787234042553,60.86
2023-12-25,Smartwatch,Electronics,West,2,200,10.45,12,2023,100.0,0.05225,5.225
2022-10-06,Mouse,Accessories,East,3,2688,476.77,10,2022,896.0,0.17736979166666667,158.92333333333332
2023-01-02,Laptop,Electronics,West,4,3216,213.81,1,2023,804.0,0.06648320895522389,53.4525
2023-12-21,Camera,Electronics,East,8,8440,1504.18,12,2023,1055.0,0.17822037914691943,188.0225
2024-04-26,Tablet,Electronics,East,7,1582,208.42,4,2024,226.0,0.13174462705436155,29.774285714285714
2024-07-12,Laptop,Electronics,North,1,58,10.79,7,2024,58.0,0.18603448275862067,10.79
2022-03-26,Smartwatch,Electronics,West,8,608,163.18,3,2022,76.0,0.26838815789473686,20.3975
2024-11-19,Smartphone,Electronics,North,3,183,41.82,11,2024,61.0,0.22852459016393442,13.94
2024-07-02,Monitor,Accessories,West,5,3105,744.26,7,2024,621.0,0.23969726247987116,148.852
2023-04-13,Monitor,Accessories,North,5,2450,485.18,4,2023,490.0,0.1980326530612245,97.036
2022-12-05,Laptop,Electronics,North,3,3024,622.29,12,2022,1008.0,0.20578373015873014,207.42999999999998
2023-04-20,Printer,Office,East,4,3856,747.79,4,2023,964.0,0.19392894190871368,186.9475
2024-03-11,Keyboard,Accessories,West,7,532,121.03,3,2024,76.0,0.2275,17.29
2023-02-19,Smartphone,Electronics,South,4,3152,307.62,2,2023,788.0,0.09759517766497462,76.905
2023-12-04,Monitor,Accessories,East,9,8586,1555.82,12,2023,954.0,0.18120428604705333,172.86888888888888
2022-10-21,Monitor,Accessories,South,2,1046,273.38,10,2022,523.0,0.2613575525812619,136.69
2022-02-15,Tablet,Electronics,West,4,3452,560.31,2,2022,863.0,0.1623146002317497,140.0775
2022-03-12,Monitor,Accessories,West,4,2368,361.02,3,2022,592.0,0.15245777027027027,90.255
2022-10-20,Camera,Electronics,South,2,1924,422.25,10,2022,962.0,0.21946465696465697,211.125
2022-09-19,Laptop,Electronics,West,5,4580,1148.06,9,2022,916.0,0.25066812227074237,229.612
2024-11-02,Headphones,Accessories,East,5,3735,423.94,11,2024,747.0,0.11350468540829986,84.788
2023-05-13,Monitor,Accessories,North,4,2476,417.16,5,2023,619.0,0.16848142164781907,104.29
2023-07-13,Laptop,Electronics,South,2,162,16.51,7,2023,81.0,0.10191358024691359,8.255
2022-07-04,Printer,Office,West,3,258,38.03,7,2022,86.0,0.1474031007751938,12.676666666666668
2022-03-19,Keyboard,Accessories,East,4,3524,998.29,3,2022,881.0,0.28328320090805903,249.5725
2023-05-27,Smartwatch,Electronics,South,8,6184,1796.9,5,2023,773.0,0.29057244501940493,224.6125
2023-03-07,Monitor,Accessories,West,6,3750,645.69,3,2023,625.0,0.172184,107.61500000000001
2022-04-15,Mouse,Accessories,South,5,1465,424.64,4,2022,293.0,0.2898566552901024,84.928
2024-03-28,Camera,Electronics,North,4,4480,412.05,3,2024,1120.0,0.09197544642857143,103.0125
2024-02-29,Laptop,Electronics,North,8,1544,281.22,2,2024,193.0,0.1821373056994819,35.1525
2024-01-21,Headphones,Accessories,North,9,7974,1181.04,1,2024,886.0,0.14811136192626034,131.22666666666666
2024-03-30,Printer,Office,East,5,5920,1679.15,3,2024,1184.0,0.28364020270270274,335.83000000000004
2024-10-02,Smartwatch,Electronics,South,8,8792,2045.54,10,2024,1099.0,0.2326592356687898,255.6925
2023-12-18,Smartwatch,Electronics,East,1,294,52.37,12,2023,294.0,0.17812925170068025,52.37
2022-01-23,Camera,Electronics,East,7,1169,264.37,1,2022,167.0,0.22615055603079556,37.76714285714286
2024-02-14,Camera,Electronics,West,8,9232,880.52,2,2024,1154.0,0.09537694974003466,110.065
2023-10-09,Headphones,Accessories,South,4,1396,135.48,10,2023,349.0,0.09704871060171918,33.87
2024-01-23,Camera,Electronics,North,9,10188,1408.18,1,2024,1132.0,0.13821947389085198,156.46444444444444
2022-09-13,Monitor,Accessories,West,2,222,23.65,9,2022,111.0,0.10653153153153153,11.825
2024-04-03,Monitor,Accessories,West,2,1328,358.07,4,2024,664.0,0.26963102409638556,179.035
2024-11-06,Printer,Office,East,9,5085,488.63,11,2024,565.0,0.09609242871189774,54.29222222222222
2024-08-02,Mouse,Accessories,West,3,1245,229.73,8,2024,415.0,0.18452208835341366,76.57666666666667
2022-08-18,Tablet,Electronics,South,2,960,124.02,8,2022,480.0,0.12918749999999998,62.01
2024-03-03,Smartphone,Electronics,West,9,5553,329.79,3,2024,617.0,0.059389519178822264,36.64333333333334
2023-09-10,Keyboard,Accessories,North,2,1790,236.76,9,2023,895.0,0.132268156424581,118.38
2024-07-11,Keyboard,Accessories,West,8,2712,247.84,7,2024,339.0,0.09138643067846608,30.98
2024-05-06,Laptop,Electronics,North,1,632,89.14,5,2024,632.0,0.14104430379746835,89.14
2022-01-13,Headphones,Accessories,South,8,4904,520.74,1,2022,613.0,0.1061867862969005,65.0925
2022-12-05,Keyboard,Accessories,South,1,361,58.8,12,2022,361.0,0.1628808864265928,58.8
2022-02-11,Printer,Office,West,9,7290,841.07,2,2022,810.0,0.11537311385459534,93.45222222222223
2024-03-08,Smartwatch,Electronics,South,4,2052,181.64,3,2024,513.0,0.08851851851851851,45.41
2024-05-21,Mouse,Accessories,North,3,1842,112.85,5,2024,614.0,0.06126492942453854,37.61666666666667
2023-12-06,Mouse,Accessories,North,9,10593,2488.69,12,2023,1177.0,0.23493722269423203,276.5211111111111
2022-08-28,Camera,Electronics,South,6,1218,129.36,8,2022,203.0,0.10620689655172415,21.560000000000002
2023-11-19,Mouse,Accessories,South,5,4240,426.41,11,2023,848.0,0.1005683962264151,85.28200000000001
2024-10-29,Keyboard,Accessories,East,2,226,38.52,10,2024,113.0,0.1704424778761062,19.26
2022-03-25,Camera,Electronics,East,6,5154,1072.8,3,2022,859.0,0.20814901047729917,178.79999999999998
2023-07-30,Mouse,Accessories,North,6,1236,304.88,7,2023,206.0,0.24666666666666667,50.81333333333333
2022-11-14,Tablet,Electronics,South,1,1179,159.42,11,2022,1179.0,0.13521628498727734,159.42
2024-12-29,Printer,Office,West,5,2275,313.5,12,2024,455.0,0.1378021978021978,62.7
2023-05-21,Smartwatch,Electronics,North,7,6188,1231.3,5,2023,884.0,0.19898190045248867,175.9
2023-12-16,Headphones,Accessories,West,3,2946,666.99,12,2023,982.0,0.2264052953156823,222.33
2023-09-10,Headphones,Accessories,South,5,5085,1172.12,9,2023,1017.0,0.23050540806293016,234.42399999999998
2022-05-02,Keyboard,Accessories,North,2,712,205.53,5,2022,356.0,0.28866573033707865,102.765
2023-02-03,Smartwatch,Electronics,East,6,648,62.25,2,2023,108.0,0.09606481481481481,10.375
2023-02-02,Mouse,Accessories,North,5,2735,483.2,2,2023,547.0,0.176672760511883,96.64
2022-12-26,Printer,Office,North,6,2910,173.45,12,2022,485.0,0.05960481099656357,28.90833333333333
2022-05-15,Smartwatch,Electronics,South,1,263,69.39,5,2022,263.0,0.26384030418250953,69.39
2023-12-05,Smartphone,Electronics,North,2,876,66.68,12,2023,438.0,0.07611872146118723,33.34
2023-11-05,Mouse,Accessories,West,1,913,162.24,11,2023,913.0,0.17769989047097481,162.24
2024-10-13,Laptop,Electronics,South,9,594,93.92,10,2024,66.0,0.15811447811447812,10.435555555555556
2022-02-27,Headphones,Accessories,South,2,956,202.14,2,2022,478.0,0.21144351464435146,101.07
2024-06-17,Laptop,Electronics,East,7,7301,2026.43,6,2024,1043.0,0.2775551294343241,289.49
2023-05-14,Headphones,Accessories,South,6,5754,1628.61,5,2023,959.0,0.28303962460896764,271.435
2022-06-21,Headphones,Accessories,East,4,1372,274.47,6,2022,343.0,0.20005102040816328,68.6175
2022-07-08,Headphones,Accessories,North,8,920,214.27,7,2022,115.0,0.2329021739130435,26.78375
2024-01-18,Smartphone,Electronics,North,3,885,150.79,1,2024,295.0,0.17038418079096043,50.26333333333333
2024-12-30,Camera,Electronics,North,1,379,39.41,12,2024,379.0,0.10398416886543535,39.41
2024-09-09,Headphones,Accessories,West,8,1024,201.92,9,2024,128.0,0.1971875,25.24
2024-05-04,Keyboard,Accessories,West,4,4312,388.48,5,2024,1078.0,0.09009276437847867,97.12
2023-06-06,Mouse,Accessories,East,5,5030,540.73,6,2023,1006.0,0.1075009940357853,108.146
2022-01-31,Smartphone,Electronics,West,2,1438,315.83,1,2022,719.0,0.21963143254520165,157.915
2022-04-07,Keyboard,Accessories,South,1,419,108.36,4,2022,419.0,0.25861575178997614,108.36
2022-02-24,Headphones,Accessories,East,3,3519,935.72,2,2022,1173.0,0.26590508667235013,311.9066666666667
2022-04-03,Tablet,Electronics,East,8,2912,451.97,4,2022,364.0,0.15520947802197804,56.49625
2023-02-20,Smartphone,Electronics,North,5,4005,226.09,2,2023,801.0,0.05645193508114856,45.218
2023-08-22,Smartwatch,Electronics,South,5,2075,271.71,8,2023,415.0,0.130944578313253,54.342
2023-02-23,Laptop,Electronics,South,2,120,7.74,2,2023,60.0,0.0645,3.87
2024-08-12,Camera,Electronics,North,4,564,32.8,8,2024,141.0,0.05815602836879432,8.2
2023-10-01,Smartwatch,Electronics,East,2,486,62.58,10,2023,243.0,0.12876543209876543,31.29
2023-04-15,Smartwatch,Electronics,East,2,1488,342.87,4,2023,744.0,0.2304233870967742,171.435
2023-02-24,Laptop,Electronics,West,6,3096,277.68,2,2023,516.0,0.08968992248062016,46.28
2022-11-04,Smartwatch,Electronics,West,8,6488,1845.07,11,2022,811.0,0.28438193588162763,230.63375
2024-04-11,Smartwatch,Electronics,West,4,4284,848.44,4,2024,1071.0,0.19804855275443511,212.11
2022-07-05,Smartwatch,Electronics,North,8,1864,110.81,7,2022,233.0,0.05944742489270386,13.85125
2024-05-08,Camera,Electronics,West,5,4435,954.12,5,2024,887.0,0.21513416009019165,190.824
2024-10-03,Camera,Electronics,East,4,3296,460.98,10,2024,824.0,0.13986043689320388,115.245
2023-05-05,Mouse,Accessories,East,3,780,217.92,5,2023,260.0,0.27938461538461534,72.64
2022-06-02,Smartwatch,Electronics,East,7,4396,962.61,6,2022,628.0,0.21897406733393995,137.5157142857143
2023-05-02,Keyboard,Accessories,South,6,1362,202.68,5,2023,227.0,0.14881057268722467,33.78
2022-01-13,Mouse,Accessories,East,7,3843,378.03,1,2022,549.0,0.09836846213895394,54.00428571428571
2022-09-09,Printer,Office,East,2,2080,450.24,9,2022,1040.0,0.21646153846153846,225.12
2022-04-07,Mouse,Accessories,South,5,1210,201.45,4,2022,242.0,0.1664876033057851,40.29
2023-11-15,Printer,Office,West,3,2316,356.5,11,2023,772.0,0.15392918825561314,118.83333333333333
2023-07-18,Monitor,Accessories,West,6,3366,614.22,7,2023,561.0,0.18247771836007132,102.37
2024-06-07,Tablet,Electronics,West,9,6507,1075.51,6,2024,723.0,0.16528507760872907,119.50111111111111
2024-05-14,Mouse,Accessories,South,1,384,35.36,5,2024,384.0,0.09208333333333334,35.36
2022-01-05,Laptop,Electronics,South,5,3625,563.95,1,2022,725.0,0.15557241379310346,112.79
2022-12-14,Tablet,Electronics,South,1,400,45.16,12,2022,400.0,0.11289999999999999,45.16
2022-02-22,Monitor,Accessories,North,5,2880,209.58,2,2022,576.0,0.07277083333333334,41.916000000000004
2023-03-28,Printer,Office,West,6,1608,302.32,3,2023,268.0,0.18800995024875622,50.38666666666666
2023-02-08,Headphones,Accessories,South,2,1574,196.84,2,2023,787.0,0.1250571791613723,98.42
2024-09-13,Keyboard,Accessories,East,3,2478,584.37,9,2024,826.0,0.2358232445520581,194.79
2024-09-20,Headphones,Accessories,East,8,8872,1486.58,9,2024,1109.0,0.167558611361587,185.8225
2024-03-24,Printer,Office,East,8,2320,668.63,3,2024,290.0,0.28820258620689654,83.57875
2023-07-29,Headphones,Accessories,West,3,171,9.02,7,2023,57.0,0.052748538011695906,3.0066666666666664
2024-11-20,Keyboard,Accessories,South,8,4536,627.13,11,2024,567.0,0.13825617283950617,78.39125
2024-06-09,Headphones,Accessories,South,3,1308,73.28,6,2024,436.0,0.05602446483180428,24.426666666666666
2022-10-27,Laptop,Electronics,North,4,4048,641.23,10,2022,1012.0,0.1584066205533597,160.3075
2022-05-29,Tablet,Electronics,East,9,4041,963.58,5,2022,449.0,0.23845087849542193,107.06444444444445
2024-05-24,Headphones,Accessories,South,5,5665,332.46,5,2024,1133.0,0.05868667255075022,66.49199999999999
2023-11-29,Mouse,Accessories,South,6,6876,1029.92,11,2023,1146.0,0.1497847585805701,171.65333333333334
2023-03-02,Monitor,Accessories,South,1,617,145.37,3,2023,617.0,0.23560777957860615,145.37
2022-09-15,Monitor,Accessories,South,6,1440,130.4,9,2022,240.0,0.09055555555555556,21.733333333333334
2024-04-17,Smartwatch,Electronics,East,8,472,116.36,4,2024,59.0,0.24652542372881356,14.545
2023-06-30,Laptop,Electronics,North,5,5640,1227.77,6,2023,1128.0,0.21768971631205675,245.554
2022-10-26,Headphones,Accessories,West,6,2640,668.12,10,2022,440.0,0.25307575757575757,111.35333333333334
2024-07-13,Smartphone,Electronics,South,3,768,72.67,7,2024,256.0,0.09462239583333333,24.223333333333333
2024-02-22,Keyboard,Accessories,South,1,725,81.96,2,2024,725.0,0.11304827586206896,81.96
2024-04-28,Headphones,Accessories,North,8,1080,210.69,4,2024,135.0,0.19508333333333333,26.33625
2024-10-30,Headphones,Accessories,South,1,393,40.34,10,2024,393.0,0.10264631043256998,40.34
2024-06-11,Smartwatch,Electronics,North,4,1264,371.92,6,2024,316.0,0.2942405063291139,92.98
2022-09-03,Headphones,Accessories,South,9,4797,1193.95,9,2022,533.0,0.24889514279758182,132.66111111111113
2022-03-27,Tablet,Electronics,East,8,2080,151.14,3,2022,260.0,0.07266346153846154,18.8925
2022-02-16,Camera,Electronics,West,4,3812,312.8,2,2022,953.0,0.0820566631689402,78.2
2024-02-25,Mouse,Accessories,West,5,3695,463.57,2,2024,739.0,0.12545872801082544,92.714
2022-01-31,Mouse,Accessories,South,1,1159,344.22,1,2022,1159.0,0.2969974115616911,344.22
2024-08-06,Tablet,Electronics,West,9,4149,605.52,8,2024,461.0,0.14594360086767896,67.28
2023-12-05,Keyboard,Accessories,East,2,1446,171.73,12,2023,723.0,0.11876210235131396,85.865
2024-07-24,Laptop,Electronics,South,1,225,48.82,7,2024,225.0,0.21697777777777777,48.82
2022-12-09,Headphones,Accessories,South,1,355,26.8,12,2022,355.0,0.07549295774647888,26.8
2023-09-15,Tablet,Electronics,West,7,3164,166.4,9,2023,452.0,0.05259165613147914,23.771428571428572
2022-10-28,Smartwatch,Electronics,East,1,498,38.67,10,2022,498.0,0.07765060240963856,38.67
2023-04-28,Headphones,Accessories,South,5,1315,217.79,4,2023,263.0,0.16561977186311785,43.558
2024-09-13,Headphones,Accessories,North,5,2805,438.89,9,2024,561.0,0.15646702317290553,87.77799999999999
2022-11-01,Monitor,Accessories,East,5,5180,726.62,11,2022,1036.0,0.14027413127413127,145.324
2022-06-07,Camera,Electronics,North,5,4045,203.35,6,2022,809.0,0.05027194066749073,40.67
2024-06-22,Laptop,Electronics,North,9,8793,2262.43,6,2024,977.0,0.25729898783122934,251.3811111111111
2024-08-08,Headphones,Accessories,South,8,2592,526.38,8,2024,324.0,0.2030787037037037,65.7975
2022-02-08,Keyboard,Accessories,East,7,7819,1708.84,2,2022,1117.0,0.2185496866606983,244.11999999999998
2024-07-11,Smartwatch,Electronics,North,7,2919,325.35,7,2024,417.0,0.11145940390544708,46.478571428571435
2023-06-03,Printer,Office,South,3,768,85.37,6,2023,256.0,0.11115885416666667,28.456666666666667
2023-12-02,Smartphone,Electronics,West,2,1736,388.09,12,2023,868.0,0.22355414746543778,194.045
2023-07-18,Smartwatch,Electronics,South,7,6293,389.22,7,2023,899.0,0.061849674241220405,55.60285714285715
2024-03-21,Headphones,Accessories,South,6,3684,477.02,3,2024,614.0,0.12948425624321389,79.50333333333333
2024-12-24,Printer,Office,South,9,8370,1064.65,12,2024,930.0,0.1271983273596177,118.29444444444445
2023-08-24,Keyboard,Accessories,South,4,3788,875.54,8,2023,947.0,0.2311351636747624,218.885
2023-08-22,Laptop,Electronics,West,8,8296,1884.18,8,2023,1037.0,0.22711909353905496,235.5225
2022-10-10,Tablet,Electronics,West,5,325,21.01,10,2022,65.0,0.06464615384615385,4.202
2024-08-16,Camera,Electronics,North,2,2216,444.36,8,2024,1108.0,0.20052346570397112,222.18
2022-01-31,Laptop,Electronics,North,8,7064,1873.02,1,2022,883.0,0.2651500566251416,234.1275
2024-08-08,Mouse,Accessories,East,9,2538,575.41,8,2024,282.0,0.22671788810086682,63.93444444444444
2024-03-13,Headphones,Accessories,North,1,1151,77.22,3,2024,1151.0,0.06708948740225891,77.22
2022-01-18,Keyboard,Accessories,East,1,717,137.27,1,2022,717.0,0.19145048814504884,137.27
2022-01-12,Smartwatch,Electronics,East,8,3048,444.3,1,2022,381.0,0.14576771653543308,55.5375
2024-02-19,Keyboard,Accessories,South,3,2070,163.23,2,2024,690.0,0.0788550724637681,54.41
2023-08-14,Camera,Electronics,East,5,3630,537.93,8,2023,726.0,0.14819008264462807,107.58599999999998
2022-04-13,Tablet,Electronics,East,7,896,219.98,4,2022,128.0,0.24551339285714285,31.425714285714285
2024-02-29,Tablet,Electronics,East,7,1981,311.44,2,2024,283.0,0.15721352852094903,44.49142857142857
2023-07-16,Headphones,Accessories,West,6,7140,605.22,7,2023,1190.0,0.08476470588235295,100.87
2023-04-13,Monitor,Accessories,North,5,1015,85.06,4,2023,203.0,0.08380295566502463,17.012
2024-08-12,Headphones,Accessories,North,4,524,52.31,8,2024,131.0,0.09982824427480916,13.0775
2023-07-19,Smartwatch,Electronics,North,2,1678,372.78,7,2023,839.0,0.22215733015494635,186.39
2023-05-26,Tablet,Electronics,South,4,3260,969.76,5,2023,815.0,0.2974723926380368,242.44
2024-10-18,Headphones,Accessories,South,5,720,214.31,10,2024,144.0,0.29765277777777777,42.862
2024-05-04,Printer,Office,West,4,1792,417.99,5,2024,448.0,0.23325334821428573,104.4975
2022-06-18,Tablet,Electronics,South,9,3096,505.08,6,2022,344.0,0.16313953488372093,56.12
2024-09-06,Keyboard,Accessories,South,5,1400,273.39,9,2024,280.0,0.1952785714285714,54.678
2023-02-05,Smartwatch,Electronics,North,4,508,37.94,2,2023,127.0,0.07468503937007874,9.485
2022-09-16,Tablet,Electronics,East,7,2646,380.83,9,2022,378.0,0.14392668178382464,54.40428571428571
2024-03-07,Mouse,Accessories,East,1,357,79.86,3,2024,357.0,0.22369747899159664,79.86
2023-12-28,Tablet,Electronics,North,1,373,53.15,12,2023,373.0,0.14249329758713136,53.15
2023-03-24,Smartphone,Electronics,East,1,266,55.52,3,2023,266.0,0.2087218045112782,55.52
2024-10-07,Smartphone,Electronics,North,4,344,25.7,10,2024,86.0,0.07470930232558139,6.425
2024-06-17,Smartphone,Electronics,North,7,1806,308.92,6,2024,258.0,0.17105204872646734,44.13142857142857
2023-03-10,Printer,Office,North,9,7281,396.28,3,2023,809.0,0.054426589754154646,44.03111111111111
2024-06-28,Smartwatch,Electronics,West,7,3094,463.72,6,2024,442.0,0.14987718164188754,66.24571428571429
2024-06-02,Keyboard,Accessories,East,2,252,67.37,6,2024,126.0,0.2673412698412699,33.685
2022-04-27,Camera,Electronics,East,9,2691,761.16,4,2022,299.0,0.28285395763656634,84.57333333333332
2024-04-26,Printer,Office,West,6,990,102.83,4,2024,165.0,0.10386868686868686,17.138333333333332
2022-06-05,Smartwatch,Electronics,South,4,3236,655.18,6,2022,809.0,0.20246600741656365,163.795
2022-04-27,Laptop,Electronics,East,4,1076,124.56,4,2022,269.0,0.11576208178438661,31.14
2022-08-10,Tablet,Electronics,North,4,1428,160.54,8,2022,357.0,0.11242296918767507,40.135
2022-04-22,Keyboard,Accessories,East,5,1000,292.04,4,2022,200.0,0.29204,58.408
2022-06-10,Smartwatch,Electronics,South,9,3429,998.82,6,2022,381.0,0.29128608923884514,110.98
2023-10-17,Monitor,Accessories,West,5,4730,1416.1,10,2023,946.0,0.29938689217758985,283.21999999999997
2023-11-04,Monitor,Accessories,South,6,6630,512.6,11,2023,1105.0,0.07731523378582203,85.43333333333334
2024-10-22,Camera,Electronics,South,7,2296,138.93,10,2024,328.0,0.0605095818815331,19.84714285714286
2023-01-15,Monitor,Accessories,East,7,7420,1107.31,1,2023,1060.0,0.149233153638814,158.18714285714285
2022-04-23,Printer,Office,South,7,2338,531.5,4,2022,334.0,0.22733105218135158,75.92857142857143
2022-06-11,Keyboard,Accessories,South,7,4039,420.29,6,2022,577.0,0.10405793513245853,60.041428571428575
2023-05-19,Laptop,Electronics,East,2,990,76.87,5,2023,495.0,0.07764646464646466,38.435
2023-08-05,Laptop,Electronics,West,1,733,54.11,8,2023,733.0,0.07381991814461118,54.11
2024-01-24,Smartphone,Electronics,East,3,2421,334.61,1,2024,807.0,0.13821148285832302,111.53666666666668
2024-03-14,Keyboard,Accessories,East,8,832,214.81,3,2024,104.0,0.25818509615384616,26.85125
2022-05-13,Smartwatch,Electronics,East,1,483,98.15,5,2022,483.0,0.20320910973084888,98.15
2023-02-27,Keyboard,Accessories,North,6,2508,480.48,2,2023,418.0,0.19157894736842107,80.08
2023-10-01,Keyboard,Accessories,North,7,4032,426.13,10,2023,576.0,0.10568700396825396,60.87571428571429
2022-04-15,Keyboard,Accessories,East,8,3208,840.97,4,2022,401.0,0.2621477556109726,105.12125
2024-05-10,Smartwatch,Electronics,South,6,3402,857.61,5,2024,567.0,0.2520899470899471,142.935
2024-12-06,Headphones,Accessories,North,1,541,52.5,12,2024,541.0,0.09704251386321626,52.5
2022-02-08,Smartwatch,Electronics,West,7,1806,129.6,2,2022,258.0,0.07176079734219269,18.514285714285712
2024-08-03,Headphones,Accessories,South,3,2433,515.28,8,2024,811.0,0.21178791615289766,171.76
2023-11-10,Keyboard,Accessories,East,6,5880,454.19,11,2023,980.0,0.07724319727891156,75.69833333333334
2023-05-24,Mouse,Accessories,West,3,3375,451.5,5,2023,1125.0,0.13377777777777777,150.5
2024-05-30,Tablet,Electronics,North,8,6960,1913.58,5,2024,870.0,0.27493965517241375,239.1975
2024-08-06,Keyboard,Accessories,West,4,316,32.79,8,2024,79.0,0.10376582278481013,8.1975
2022-10-10,Tablet,Electronics,North,9,1404,89.43,10,2022,156.0,0.0636965811965812,9.936666666666667
2024-03-08,Keyboard,Accessories,North,9,5823,478.22,3,2024,647.0,0.08212605186330071,53.135555555555555
2024-05-16,Headphones,Accessories,South,6,2790,719.15,5,2024,465.0,0.25775985663082435,119.85833333333333
2024-05-31,Tablet,Electronics,West,7,1169,69.41,5,2024,167.0,0.05937553464499572,9.915714285714285
2023-10-26,Printer,Office,East,8,6016,406.13,10,2023,752.0,0.06750831117021276,50.76625
2022-10-15,Smartwatch,Electronics,North,7,7154,1177.51,10,2022,1022.0,0.16459463237349733,168.21571428571428
2024-01-29,Keyboard,Accessories,West,2,370,102.74,1,2024,185.0,0.27767567567567564,51.37
2024-03-16,Monitor,Accessories,West,1,430,113.57,3,2024,430.0,0.2641162790697674,113.57
2022-04-28,Smartwatch,Electronics,West,1,946,280.53,4,2022,946.0,0.29654334038054964,280.53
2024-05-20,Tablet,Electronics,South,8,984,73.84,5,2024,123.0,0.07504065040650407,9.23
2022-11-26,Keyboard,Accessories,East,9,1467,372.17,11,2022,163.0,0.253694614860259,41.352222222222224
2023-08-16,Smartphone,Electronics,South,4,2444,155.42,8,2023,611.0,0.0635924713584288,38.855
2023-11-02,Mouse,Accessories,North,9,8640,1254.3,11,2023,960.0,0.1451736111111111,139.36666666666667
2023-07-17,Smartwatch,Electronics,West,9,3861,536.04,7,2023,429.0,0.13883449883449883,59.559999999999995
2022-07-24,Keyboard,Accessories,North,1,868,60.12,7,2022,868.0,0.06926267281105991,60.12
2024-11-03,Laptop,Electronics,South,9,1746,260.5,11,2024,194.0,0.14919816723940435,28.944444444444443
2024-08-19,Printer,Office,South,1,915,129.08,8,2024,915.0,0.14107103825136613,129.08
2024-09-15,Smartwatch,Electronics,East,9,3591,423.0,9,2024,399.0,0.11779448621553884,47.0
2023-01-28,Camera,Electronics,East,6,2562,612.36,1,2023,427.0,0.23901639344262296,102.06
2022-11-28,Smartwatch,Electronics,West,9,5382,1037.04,11,2022,598.0,0.19268673355629876,115.22666666666666
2024-11-18,Smartwatch,Electronics,East,4,2792,170.96,11,2024,698.0,0.061232091690544416,42.74
2022-04-23,Headphones,Accessories,East,4,2160,631.9,4,2022,540.0,0.2925462962962963,157.975
2023-05-23,Monitor,Accessories,West,7,6377,1332.86,5,2023,911.0,0.20901050650776226,190.4085714285714
2024-05-17,Smartphone,Electronics,East,8,5264,1051.5,5,2024,658.0,0.19975303951367782,131.4375
2023-12-18,Laptop,Electronics,North,2,1346,196.5,12,2023,673.0,0.1459881129271917,98.25
2023-08-19,Camera,Electronics,South,7,7301,1311.65,8,2023,1043.0,0.1796534721271059,187.37857142857143
2023-04-20,Keyboard,Accessories,South,2,2016,198.26,4,2023,1008.0,0.09834325396825397,99.13
2022-06-30,Laptop,Electronics,North,6,1266,220.5,6,2022,211.0,0.17417061611374407,36.75
2023-04-11,Mouse,Accessories,West,2,140,35.18,4,2023,70.0,0.2512857142857143,17.59
2024-07-22,Camera,Electronics,East,8,6520,1073.62,7,2024,815.0,0.16466564417177912,134.2025
2022-02-19,Keyboard,Accessories,East,1,582,29.91,2,2022,582.0,0.05139175257731959,29.91
2024-03-10,Printer,Office,West,1,245,14.5,3,2024,245.0,0.05918367346938776,14.5
2024-04-27,Mouse,Accessories,South,1,504,143.12,4,2024,504.0,0.283968253968254,143.12
2022-10-06,Monitor,Accessories,South,6,6834,1211.75,10,2022,1139.0,0.177311969563945,201.95833333333334
2022-10-01,Headphones,Accessories,West,8,5712,1191.02,10,2022,714.0,0.20851190476190476,148.8775
2023-05-09,Laptop,Electronics,South,5,4485,347.99,5,2023,897.0,0.07758974358974359,69.598
2024-06-02,Headphones,Accessories,West,8,2304,291.46,6,2024,288.0,0.1265017361111111,36.4325
2024-06-23,Mouse,Accessories,North,6,6576,815.56,6,2024,1096.0,0.12402068126520681,135.92666666666665
2022-11-16,Keyboard,Accessories,South,9,10629,2843.54,11,2022,1181.0,0.2675265782293725,315.94888888888886
2022-03-12,Camera,Electronics,East,1,706,153.59,3,2022,706.0,0.21754957507082154,153.59
2022-04-16,Headphones,Accessories,South,1,977,103.82,4,2022,977.0,0.10626407369498464,103.82
2023-04-16,Smartwatch,Electronics,South,4,776,73.16,4,2023,194.0,0.09427835051546392,18.29
2022-10-12,Tablet,Electronics,West,4,3932,309.43,10,2022,983.0,0.07869532044760937,77.3575
2022-10-29,Keyboard,Accessories,East,3,1263,368.46,10,2022,421.0,0.29173396674584323,122.82
2022-08-01,Keyboard,Accessories,East,8,7064,745.24,8,2022,883.0,0.10549830124575311,93.155
2023-04-20,Keyboard,Accessories,West,4,4740,746.77,4,2023,1185.0,0.1575464135021097,186.6925
2024-03-25,Printer,Office,South,7,4522,1137.23,3,2024,646.0,0.25148827952233527,162.46142857142857
2023-12-28,Tablet,Electronics,South,7,2009,183.19,12,2023,287.0,0.09118466898954704,26.169999999999998
2024-04-18,Smartphone,Electronics,East,2,2110,548.12,4,2024,1055.0,0.2597725118483412,274.06
2024-09-26,Mouse,Accessories,West,1,95,6.97,9,2024,95.0,0.07336842105263158,6.97
2023-11-19,Smartwatch,Electronics,East,1,384,83.58,11,2023,384.0,0.21765625,83.58
2023-04-23,Tablet,Electronics,North,3,3471,200.08,4,2023,1157.0,0.05764333045231922,66.69333333333334
2023-06-20,Tablet,Electronics,West,4,2048,507.01,6,2023,512.0,0.2475634765625,126.7525
2022-08-05,Monitor,Accessories,South,8,9296,2581.06,8,2022,1162.0,0.2776527538726334,322.6325
2022-05-28,Laptop,Electronics,West,8,5272,1188.16,5,2022,659.0,0.22537177541729894,148.52
2024-01-18,Headphones,Accessories,East,1,619,127.58,1,2024,619.0,0.20610662358642973,127.58
2023-04-27,Laptop,Electronics,North,1,448,53.2,4,2023,448.0,0.11875000000000001,53.2
2022-06-10,Keyboard,Accessories,North,9,5004,1313.13,6,2022,556.0,0.262416067146283,145.90333333333334
2023-12-05,Keyboard,Accessories,North,4,4716,704.99,12,2023,1179.0,0.14948897370653097,176.2475
2022-05-11,Printer,Office,West,9,7506,827.17,5,2022,834.0,0.11020117239541699,91.90777777777777
2024-01-11,Keyboard,Accessories,North,7,4095,883.56,1,2024,585.0,0.21576556776556774,126.22285714285714
2024-07-31,Smartwatch,Electronics,North,7,4459,1037.27,7,2024,637.0,0.23262390670553937,148.18142857142857
2022-10-31,Tablet,Electronics,South,5,620,62.49,10,2022,124.0,0.10079032258064516,12.498000000000001
2022-08-17,Smartwatch,Electronics,West,2,2362,185.89,8,2022,1181.0,0.07870025402201523,92.945
2022-03-28,Printer,Office,North,2,606,154.99,3,2022,303.0,0.2557590759075908,77.495
2024-07-26,Camera,Electronics,East,4,1084,134.42,7,2024,271.0,0.12400369003690036,33.605
2022-02-04,Laptop,Electronics,North,8,2880,315.87,2,2022,360.0,0.10967708333333334,39.48375
2023-04-20,Laptop,Electronics,West,8,4544,727.05,4,2023,568.0,0.16000220070422536,90.88125
2024-09-08,Mouse,Accessories,West,4,556,85.63,9,2024,139.0,0.15401079136690646,21.4075
2023-11-30,Laptop,Electronics,North,5,505,71.97,11,2023,101.0,0.1425148514851485,14.394
2023-03-03,Tablet,Electronics,West,5,2595,774.2,3,2023,519.0,0.2983429672447014,154.84
2023-01-24,Headphones,Accessories,South,5,2820,737.68,1,2023,564.0,0.2615886524822695,147.536
2023-10-29,Keyboard,Accessories,East,2,1018,297.21,10,2023,509.0,0.29195481335952844,148.605
2023-03-04,Laptop,Electronics,East,4,944,176.56,3,2023,236.0,0.18703389830508474,44.14
2023-08-30,Tablet,Electronics,East,1,610,44.99,8,2023,610.0,0.07375409836065575,44.99
2024-05-25,Camera,Electronics,South,4,912,81.65,5,2024,228.0,0.08952850877192983,20.4125
2023-04-02,Monitor,Accessories,West,9,10413,1738.63,4,2023,1157.0,0.16696725247287045,193.18111111111114
2023-07-27,Printer,Office,West,8,2176,398.29,7,2023,272.0,0.18303768382352942,49.78625
2022-01-04,Printer,Office,East,6,6108,1488.4,1,2022,1018.0,0.24368041912246236,248.0666666666667
2024-02-14,Mouse,Accessories,West,2,1148,173.89,2,2024,574.0,0.15147212543554006,86.945
2024-05-01,Monitor,Accessories,East,8,8824,597.1,5,2024,1103.0,0.06766772438803265,74.6375
2022-06-17,Headphones,Accessories,North,5,2240,159.58,6,2022,448.0,0.07124107142857143,31.916000000000004
2022-02-17,Camera,Electronics,North,2,1312,386.79,2,2022,656.0,0.2948094512195122,193.395
2023-02-02,Laptop,Electronics,South,9,10620,2946.93,2,2023,1180.0,0.2774887005649717,327.43666666666667
2024-09-30,Tablet,Electronics,East,2,2178,574.4,9,2024,1089.0,0.26372819100091827,287.2
2024-05-12,Monitor,Accessories,East,3,1671,94.52,5,2024,557.0,0.05656493117893477,31.506666666666664
2024-07-28,Monitor,Accessories,East,3,2025,355.59,7,2024,675.0,0.17559999999999998,118.52999999999999
2024-11-01,Mouse,Accessories,East,6,2886,355.32,11,2024,481.0,0.12311850311850311,59.22
2024-07-27,Printer,Office,East,2,1868,307.32,7,2024,934.0,0.16451820128479658,153.66
2023-01-08,Headphones,Accessories,East,4,3280,826.94,1,2023,820.0,0.2521158536585366,206.735
2022-05-18,Tablet,Electronics,West,2,1768,375.86,5,2022,884.0,0.21259049773755656,187.93
2022-12-19,Camera,Electronics,West,7,6937,1753.02,12,2022,991.0,0.25270578059679977,250.43142857142857
2024-09-21,Smartwatch,Electronics,North,6,3012,307.47,9,2024,502.0,0.10208167330677292,51.245000000000005
2024-09-19,Headphones,Accessories,South,3,777,147.93,9,2024,259.0,0.1903861003861004,49.31
2024-02-16,Smartphone,Electronics,East,6,4056,452.14,2,2024,676.0,0.11147435897435896,75.35666666666667
2024-11-29,Printer,Office,South,4,3212,514.92,11,2024,803.0,0.1603113325031133,128.73
2024-08-03,Smartwatch,Electronics,West,1,952,179.4,8,2024,952.0,0.1884453781512605,179.4
2022-05-29,Smartphone,Electronics,North,3,1674,106.24,5,2022,558.0,0.0634647550776583,35.413333333333334
2024-02-13,Smartwatch,Electronics,East,5,4315,1019.91,2,2024,863.0,0.2363638470451912,203.982
2023-12-15,Mouse,Accessories,North,7,1722,162.39,12,2023,246.0,0.09430313588850174,23.198571428571427
2022-09-14,Keyboard,Accessories,South,5,2895,334.35,9,2022,579.0,0.11549222797927462,66.87
2023-07-28,Tablet,Electronics,North,2,1280,335.22,7,2023,640.0,0.26189062500000004,167.61
2022-04-10,Headphones,Accessories,East,5,4295,414.42,4,2022,859.0,0.09648894062863796,82.884
2022-08-07,Printer,Office,South,6,4434,306.63,8,2022,739.0,0.06915426251691476,51.105
2022-07-09,Keyboard,Accessories,North,6,3816,623.78,7,2022,636.0,0.1634643605870021,103.96333333333332
2024-04-09,Headphones,Accessories,East,7,6335,1137.08,4,2024,905.0,0.1794917127071823,162.44
2024-11-11,Mouse,Accessories,West,3,315,78.41,11,2024,105.0,0.2489206349206349,26.136666666666667
2024-11-27,Camera,Electronics,East,2,626,168.82,11,2024,313.0,0.2696805111821086,84.41
2024-05-23,Smartwatch,Electronics,South,1,1140,85.75,5,2024,1140.0,0.07521929824561403,85.75
2022-11-16,Smartphone,Electronics,North,5,590,52.55,11,2022,118.0,0.08906779661016949,10.51
2022-04-21,Tablet,Electronics,East,1,631,99.31,4,2022,631.0,0.1573851030110935,99.31
2024-09-04,Monitor,Accessories,South,8,1944,134.94,9,2024,243.0,0.06941358024691358,16.8675
2024-03-24,Smartphone,Electronics,North,6,5100,1461.79,3,2024,850.0,0.2866254901960784,243.63166666666666
2024-09-24,Keyboard,Accessories,South,6,1092,176.52,9,2024,182.0,0.16164835164835165,29.42
2023-08-12,Monitor,Accessories,West,7,4662,1007.43,8,2023,666.0,0.21609395109395108,143.91857142857143
2023-01-18,Headphones,Accessories,West,7,4312,1088.34,1,2023,616.0,0.25239795918367347,155.47714285714284
2022-10-20,Mouse,Accessories,North,6,4056,815.1,10,2022,676.0,0.20096153846153847,135.85
2023-11-23,Headphones,Accessories,North,3,534,120.53,11,2023,178.0,0.2257116104868914,40.17666666666667
2023-05-31,Printer,Office,South,5,3475,991.47,5,2023,695.0,0.2853151079136691,198.294
2023-07-11,Tablet,Electronics,South,5,4880,829.03,7,2023,976.0,0.16988319672131147,165.80599999999998
2024-10-25,Tablet,Electronics,West,8,8336,782.8,10,2024,1042.0,0.09390595009596929,97.85
2023-05-08,Mouse,Accessories,North,8,9232,490.66,5,2023,1154.0,0.05314774696707106,61.3325
2022-01-07,Smartphone,Electronics,South,3,2031,466.25,1,2022,677.0,0.2295667159034958,155.41666666666666
2022-01-10,Smartwatch,Electronics,North,3,2412,640.35,1,2022,804.0,0.26548507462686566,213.45000000000002
2023-12-03,Smartphone,Electronics,East,1,1039,137.24,12,2023,1039.0,0.13208854667949954,137.24
2023-01-03,Camera,Electronics,West,6,696,100.78,1,2023,116.0,0.14479885057471265,16.796666666666667
2024-06-26,Laptop,Electronics,North,8,6160,1617.32,6,2024,770.0,0.26255194805194804,202.165
2022-12-15,Camera,Electronics,East,3,447,58.4,12,2022,149.0,0.13064876957494406,19.466666666666665
2023-04-29,Keyboard,Accessories,West,6,6102,364.82,4,2023,1017.0,0.05978695509668961,60.803333333333335
2024-04-03,Camera,Electronics,South,9,5085,1372.83,4,2024,565.0,0.269976401179941,152.53666666666666
2024-08-16,Laptop,Electronics,North,7,3038,158.82,8,2024,434.0,0.05227781435154707,22.68857142857143
2024-03-11,Headphones,Accessories,West,1,882,215.24,3,2024,882.0,0.24403628117913834,215.24
2023-03-15,Monitor,Accessories,West,6,2490,720.06,3,2023,415.0,0.28918072289156627,120.00999999999999
2024-08-05,Camera,Electronics,North,1,635,101.09,8,2024,635.0,0.1591968503937008,101.09
2024-07-05,Laptop,Electronics,East,1,1083,152.5,7,2024,1083.0,0.14081255771006462,152.5
2023-08-10,Keyboard,Accessories,West,6,720,144.26,8,2023,120.0,0.2003611111111111,24.043333333333333
2022-09-17,Printer,Office,West,3,3111,382.52,9,2022,1037.0,0.12295724847315975,127.50666666666666
2022-04-09,Smartwatch,Electronics,North,6,1242,87.37,4,2022,207.0,0.0703462157809984,14.561666666666667
2023-08-02,Smartwatch,Electronics,West,5,5845,978.75,8,2023,1169.0,0.1674508126603935,195.75
2023-03-29,Smartwatch,Electronics,West,1,835,131.7,3,2023,835.0,0.15772455089820359,131.7
2022-05-16,Monitor,Accessories,South,2,2314,305.42,5,2022,1157.0,0.13198789974070874,152.71
2023-02-04,Smartwatch,Electronics,East,7,6041,776.09,2,2023,863.0,0.12847045191193512,110.87
2022-03-23,Mouse,Accessories,North,3,369,19.22,3,2022,123.0,0.05208672086720867,6.406666666666666
2022-08-12,Tablet,Electronics,West,5,1635,321.84,8,2022,327.0,0.1968440366972477,64.368
2022-04-07,Keyboard,Accessories,West,3,2067,465.39,4,2022,689.0,0.2251523947750363,155.13
2022-03-04,Smartphone,Electronics,West,6,7128,544.54,3,2022,1188.0,0.07639450056116723,90.75666666666666
2024-04-24,Printer,Office,North,2,944,94.4,4,2024,472.0,0.1,47.2
2022-06-10,Tablet,Electronics,East,5,5160,698.15,6,2022,1032.0,0.13530038759689922,139.63
2022-06-18,Smartphone,Electronics,West,8,8032,1987.82,6,2022,1004.0,0.2474875498007968,248.4775
2024-12-16,Camera,Electronics,South,2,376,99.16,12,2024,188.0,0.26372340425531915,49.58
2024-06-22,Smartphone,Electronics,South,7,4144,426.39,6,2024,592.0,0.10289333976833977,60.91285714285714
2024-11-04,Camera,Electronics,South,4,2228,293.25,11,2024,557.0,0.13162028725314184,73.3125
2022-11-15,Tablet,Electronics,West,1,1178,182.76,11,2022,1178.0,0.15514431239388793,182.76
2024-04-27,Mouse,Accessories,North,5,2505,303.61,4,2024,501.0,0.12120159680638723,60.722
2024-02-28,Smartwatch,Electronics,West,4,1872,418.05,2,2024,468.0,0.2233173076923077,104.5125
2023-12-29,Printer,Office,West,2,340,59.56,12,2023,170.0,0.1751764705882353,29.78
2023-03-08,Laptop,Electronics,West,1,589,158.85,3,2023,589.0,0.2696943972835314,158.85
2023-12-12,Laptop,Electronics,West,3,2598,560.82,12,2023,866.0,0.2158660508083141,186.94000000000003
2022-02-17,Tablet,Electronics,North,1,502,92.31,2,2022,502.0,0.18388446215139442,92.31
2024-01-24,Laptop,Electronics,South,3,3576,546.44,1,2024,1192.0,0.15280760626398213,182.14666666666668
2023-02-07,Keyboard,Accessories,East,3,2412,468.27,2,2023,804.0,0.1941417910447761,156.09
2024-07-31,Printer,Office,West,5,1145,244.72,7,2024,229.0,0.21372925764192138,48.944
2022-02-03,Keyboard,Accessories,West,2,2116,159.3,2,2022,1058.0,0.0752835538752363,79.65
2024-12-16,Laptop,Electronics,North,1,707,100.16,12,2024,707.0,0.14166902404526166,100.16
2022-11-11,Mouse,Accessories,South,9,657,109.39,11,2022,73.0,0.16649923896499239,12.154444444444444
2024-10-14,Laptop,Electronics,South,5,5345,1060.46,10,2024,1069.0,0.1984022450888681,212.092
2024-01-27,Tablet,Electronics,South,8,4032,251.05,1,2024,504.0,0.06226438492063492,31.38125
2022-08-30,Camera,Electronics,South,4,3840,552.57,8,2022,960.0,0.1438984375,138.1425
2023-01-23,Monitor,Accessories,East,5,575,47.35,1,2023,115.0,0.08234782608695652,9.47
2023-01-02,Laptop,Electronics,West,9,9315,1808.68,1,2023,1035.0,0.19416854535695116,200.96444444444444
2024-11-25,Mouse,Accessories,East,7,3423,435.06,11,2024,489.0,0.12709903593339175,62.151428571428575
2023-11-07,Monitor,Accessories,South,6,3942,748.74,11,2023,657.0,0.18993911719939116,124.79
2024-07-15,Laptop,Electronics,South,2,574,70.16,7,2024,287.0,0.12222996515679442,35.08
2024-06-04,Headphones,Accessories,North,6,3024,336.28,6,2024,504.0,0.1112037037037037,56.04666666666666
2022-03-02,Headphones,Accessories,North,7,952,215.51,3,2022,136.0,0.22637605042016806,30.787142857142857
2023-11-25,Smartphone,Electronics,West,9,9090,937.69,11,2023,1010.0,0.10315621562156216,104.18777777777778
2022-05-10,Tablet,Electronics,West,2,1166,170.11,5,2022,583.0,0.14589193825042882,85.055
2024-01-09,Keyboard,Accessories,South,3,2925,433.95,1,2024,975.0,0.14835897435897435,144.65
2023-12-25,Camera,Electronics,South,5,3455,867.55,12,2023,691.0,0.2510998552821997,173.51
2022-12-06,Smartphone,Electronics,North,2,1614,331.3,12,2022,807.0,0.2052664188351921,165.65
2024-08-07,Mouse,Accessories,West,7,1771,171.26,8,2024,253.0,0.09670242800677582,24.465714285714284
2023-01-06,Printer,Office,South,6,5658,1504.97,1,2023,943.0,0.26598974902792505,250.82833333333335
2024-09-25,Mouse,Accessories,East,9,8460,1515.06,9,2024,940.0,0.17908510638297873,168.34
2023-11-26,Printer,Office,West,5,1925,570.93,11,2023,385.0,0.29658701298701295,114.18599999999999
2024-02-02,Laptop,Electronics,North,6,2196,572.17,2,2024,366.0,0.2605510018214936,95.36166666666666
2024-07-05,Keyboard,Accessories,East,2,1696,500.56,7,2024,848.0,0.2951415094339623,250.28
2023-11-16,Printer,Office,South,9,6813,1966.66,11,2023,757.0,0.2886628504329958,218.51777777777778
2024-10-19,Keyboard,Accessories,North,5,3670,790.67,10,2024,734.0,0.21544141689373295,158.134
2024-10-10,Keyboard,Accessories,South,4,2936,204.55,10,2024,734.0,0.06966961852861035,51.1375
2024-01-29,Monitor,Accessories,West,5,5165,283.6,1,2024,1033.0,0.054908034849951604,56.720000000000006
2024-09-06,Camera,Electronics,East,5,5940,467.31,9,2024,1188.0,0.07867171717171717,93.462
2023-06-07,Smartwatch,Electronics,East,6,2664,520.3,6,2023,444.0,0.1953078078078078,86.71666666666665
2024-04-12,Headphones,Accessories,East,2,1198,134.39,4,2024,599.0,0.11217863105175291,67.195
2024-08-22,Headphones,Accessories,North,4,1340,309.8,8,2024,335.0,0.23119402985074627,77.45
2022-10-15,Monitor,Accessories,East,9,9657,1233.47,10,2022,1073.0,0.12772807290048668,137.0522222222222
2022-06-28,Camera,Electronics,North,8,2592,191.66,6,2022,324.0,0.0739429012345679,23.9575
2023-06-10,Camera,Electronics,West,4,1168,135.36,6,2023,292.0,0.11589041095890412,33.84
2023-03-23,Headphones,Accessories,South,8,5920,1241.27,3,2023,740.0,0.2096739864864865,155.15875
2022-02-17,Smartphone,Electronics,West,2,2260,268.47,2,2022,1130.0,0.1187920353982301,134.235
2023-09-19,Printer,Office,West,8,7016,1490.07,9,2023,877.0,0.2123816989737742,186.25875
2024-03-29,Headphones,Accessories,North,6,546,79.94,3,2024,91.0,0.1464102564102564,13.323333333333332
2024-12-02,Laptop,Electronics,East,1,839,228.72,12,2024,839.0,0.27261025029797376,228.72
2024-07-24,Tablet,Electronics,South,8,5176,619.45,7,2024,647.0,0.11967735703245751,77.43125
2023-04-02,Laptop,Electronics,West,4,280,24.9,4,2023,70.0,0.08892857142857143,6.225
2024-12-28,Monitor,Accessories,North,9,2097,210.59,12,2024,233.0,0.10042441583214115,23.39888888888889
2024-05-24,Mouse,Accessories,West,6,4632,799.16,5,2024,772.0,0.17253022452504316,133.19333333333333
2023-02-09,Keyboard,Accessories,North,4,1088,283.61,2,2023,272.0,0.26067095588235295,70.9025
2023-09-17,Camera,Electronics,North,2,1314,391.55,9,2023,657.0,0.2979832572298326,195.775
2023-05-07,Mouse,Accessories,North,8,7960,804.11,5,2023,995.0,0.10101884422110553,100.51375
2023-11-22,Printer,Office,North,8,2856,350.32,11,2023,357.0,0.12266106442577031,43.79
2022-06-16,Smartwatch,Electronics,West,4,1680,385.92,6,2022,420.0,0.22971428571428573,96.48
2024-11-20,Monitor,Accessories,North,4,4464,1069.63,11,2024,1116.0,0.23961245519713265,267.4075
2023-06-08,Smartphone,Electronics,East,6,2940,184.97,6,2023,490.0,0.06291496598639455,30.828333333333333
2022-06-12,Monitor,Accessories,West,8,1272,344.45,6,2022,159.0,0.2707940251572327,43.05625
2024-11-21,Printer,Office,East,6,1728,247.86,11,2024,288.0,0.1434375,41.31
2022-09-06,Monitor,Accessories,North,3,3153,563.56,9,2022,1051.0,0.17873771011734854,187.85333333333332
2024-03-23,Smartphone,Electronics,West,4,2536,285.72,3,2024,634.0,0.11266561514195585,71.43
2022-03-16,Tablet,Electronics,South,3,2508,431.53,3,2022,836.0,0.17206140350877192,143.84333333333333
2024-10-18,Tablet,Electronics,East,1,123,12.36,10,2024,123.0,0.10048780487804877,12.36
2023-07-30,Smartphone,Electronics,South,3,2379,148.68,7,2023,793.0,0.06249684741488021,49.56
2023-01-04,Printer,Office,West,6,6924,1693.77,1,2023,1154.0,0.24462305025996534,282.295
2023-05-31,Smartwatch,Electronics,West,9,9054,644.36,5,2023,1006.0,0.07116854428981666,71.59555555555556
2023-12-08,Camera,Electronics,South,9,9936,2797.45,12,2023,1104.0,0.28154690016103057,310.8277777777778
2022-12-21,Smartphone,Electronics,East,1,393,41.05,12,2022,393.0,0.10445292620865139,41.05
2024-08-19,Printer,Office,East,2,308,35.32,8,2024,154.0,0.11467532467532468,17.66
2024-10-26,Tablet,Electronics,South,5,4900,347.25,10,2024,980.0,0.07086734693877551,69.45
2024-08-24,Laptop,Electronics,South,1,927,103.95,8,2024,927.0,0.11213592233009709,103.95
2023-11-23,Keyboard,Accessories,East,1,266,22.42,11,2023,266.0,0.0842857142857143,22.42
2022-11-04,Printer,Office,South,5,4750,1179.56,11,2022,950.0,0.24832842105263156,235.91199999999998
2024-07-20,Smartwatch,Electronics,East,8,3272,460.82,7,2024,409.0,0.14083740831295843,57.6025
2022-12-10,Mouse,Accessories,East,5,4350,688.77,12,2022,870.0,0.15833793103448277,137.754
2024-07-27,Keyboard,Accessories,East,1,706,63.82,7,2024,706.0,0.09039660056657224,63.82
2024-05-24,Laptop,Electronics,North,3,213,30.68,5,2024,71.0,0.14403755868544602,10.226666666666667
2023-10-25,Smartphone,Electronics,East,2,1614,376.31,10,2023,807.0,0.23315365551425032,188.155
2023-02-09,Mouse,Accessories,West,8,6232,499.63,2,2023,779.0,0.0801716944801027,62.45375
2023-02-03,Printer,Office,North,4,3864,717.45,2,2023,966.0,0.18567546583850933,179.3625
2024-12-08,Headphones,Accessories,South,3,2601,363.64,12,2024,867.0,0.1398077662437524,121.21333333333332
2023-02-01,Mouse,Accessories,East,6,4944,758.46,2,2023,824.0,0.1534101941747573,126.41000000000001
2023-11-16,Printer,Office,South,4,4680,301.91,11,2023,1170.0,0.06451068376068377,75.4775
2022-01-29,Mouse,Accessories,South,8,2112,418.58,1,2022,264.0,0.19819128787878787,52.3225
2022-04-24,Monitor,Accessories,East,6,7140,869.93,4,2022,1190.0,0.12183893557422969,144.98833333333332
2022-10-19,Keyboard,Accessories,East,1,750,37.97,10,2022,750.0,0.05062666666666667,37.97
2022-08-12,Mouse,Accessories,East,4,392,39.23,8,2022,98.0,0.10007653061224489,9.8075
2024-10-02,Laptop,Electronics,South,4,2408,721.8,10,2024,602.0,0.299750830564784,180.45
2023-09-13,Monitor,Accessories,East,2,2016,151.4,9,2023,1008.0,0.07509920634920635,75.7
2022-07-25,Monitor,Accessories,South,4,464,47.93,7,2022,116.0,0.10329741379310345,11.9825
2023-12-09,Headphones,Accessories,East,1,832,227.11,12,2023,832.0,0.27296875000000004,227.11
2024-03-31,Headphones,Accessories,East,8,1296,374.8,3,2024,162.0,0.2891975308641975,46.85
2022-04-23,Smartphone,Electronics,East,1,300,45.81,4,2022,300.0,0.1527,45.81
2024-07-06,Monitor,Accessories,North,6,2856,226.53,7,2024,476.0,0.0793172268907563,37.755
2022-12-10,Tablet,Electronics,West,5,3380,287.05,12,2022,676.0,0.08492603550295859,57.410000000000004
2022-01-27,Tablet,Electronics,North,5,400,86.52,1,2022,80.0,0.2163,17.304
2022-10-14,Camera,Electronics,North,1,722,49.7,10,2022,722.0,0.0688365650969529,49.7
2024-11-23,Laptop,Electronics,South,4,4596,947.45,11,2024,1149.0,0.2061466492602263,236.8625
2023-04-08,Keyboard,Accessories,West,8,1176,313.58,4,2023,147.0,0.26664965986394557,39.1975
2022-07-21,Camera,Electronics,North,2,644,45.72,7,2022,322.0,0.07099378881987578,22.86
2022-11-07,Smartphone,Electronics,West,8,544,40.78,11,2022,68.0,0.07496323529411765,5.0975
2023-05-30,Monitor,Accessories,East,2,586,101.64,5,2023,293.0,0.17344709897610922,50.82
2022-04-30,Keyboard,Accessories,North,5,3835,229.11,4,2022,767.0,0.05974185136897002,45.822
2023-12-13,Printer,Office,South,5,1415,358.39,12,2023,283.0,0.2532791519434629,71.678
2023-05-11,Keyboard,Accessories,South,9,1125,138.49,5,2023,125.0,0.12310222222222222,15.387777777777778
2023-09-11,Camera,Electronics,South,3,3399,489.36,9,2023,1133.0,0.14397175639894086,163.12
2022-03-03,Monitor,Accessories,East,6,5370,1501.06,3,2022,895.0,0.27952700186219737,250.17666666666665
2024-03-30,Keyboard,Accessories,West,3,2331,419.26,3,2024,777.0,0.17986271986271987,139.75333333333333
2022-06-27,Laptop,Electronics,East,9,10728,1967.84,6,2022,1192.0,0.1834302759134974,218.64888888888888
2023-03-02,Monitor,Accessories,West,8,9056,1860.37,3,2023,1132.0,0.20542954946996464,232.54625
2024-11-04,Monitor,Accessories,West,9,4581,250.06,11,2024,509.0,0.05458633486138398,27.784444444444446
2024-10-01,Camera,Electronics,North,3,1074,240.44,10,2024,358.0,0.22387337057728118,80.14666666666666
2023-06-17,Tablet,Electronics,West,4,4572,1199.49,6,2023,1143.0,0.26235564304461945,299.8725
2023-11-20,Laptop,Electronics,South,7,8141,651.16,11,2023,1163.0,0.07998525979609385,93.02285714285713
2023-11-24,Printer,Office,West,4,604,180.93,11,2023,151.0,0.29955298013245035,45.2325
2024-05-04,Mouse,Accessories,South,2,906,59.06,5,2024,453.0,0.06518763796909492,29.53
2023-04-22,Headphones,Accessories,South,7,1582,278.14,4,2023,226.0,0.17581542351453855,39.73428571428571
2024-01-31,Mouse,Accessories,West,6,3306,216.91,1,2024,551.0,0.06561101028433151,36.151666666666664
2023-12-24,Headphones,Accessories,West,1,847,237.41,12,2023,847.0,0.28029515938606847,237.41
2022-11-09,Printer,Office,East,6,3222,846.27,11,2022,537.0,0.2626536312849162,141.045
2024-11-03,Keyboard,Accessories,East,3,189,33.94,11,2024,63.0,0.17957671957671956,11.313333333333333
2023-08-12,Laptop,Electronics,South,4,1224,348.91,8,2023,306.0,0.28505718954248366,87.2275
2023-02-08,Camera,Electronics,South,7,5621,1390.73,2,2023,803.0,0.24741682974559687,198.6757142857143
2024-01-16,Tablet,Electronics,West,6,966,246.21,1,2024,161.0,0.2548757763975155,41.035000000000004
2023-08-02,Tablet,Electronics,West,9,1728,179.64,8,2023,192.0,0.10395833333333332,19.959999999999997
2024-01-13,Mouse,Accessories,West,9,6138,1478.57,1,2024,682.0,0.24088791137178234,164.28555555555556
2024-11-20,Monitor,Accessories,South,4,964,184.03,11,2024,241.0,0.190902489626556,46.0075
2023-10-13,Smartphone,Electronics,South,7,4697,976.26,10,2023,671.0,0.20784756227379178,139.46571428571428
2022-05-09,Smartphone,Electronics,West,2,1232,155.52,5,2022,616.0,0.12623376623376625,77.76
2022-12-21,Monitor,Accessories,West,7,6384,734.79,12,2022,912.0,0.11509868421052631,104.97
2024-11-22,Mouse,Accessories,West,4,780,162.72,11,2024,195.0,0.20861538461538462,40.68
2023-01-27,Printer,Office,West,4,1256,362.22,1,2023,314.0,0.28839171974522293,90.555
2022-05-08,Mouse,Accessories,South,1,1162,220.93,5,2022,1162.0,0.1901290877796902,220.93
2023-02-10,Mouse,Accessories,South,8,7520,995.03,2,2023,940.0,0.13231781914893617,124.37875
2024-03-26,Headphones,Accessories,South,7,2387,463.92,3,2024,341.0,0.1943527440301634,66.27428571428571
2023-10-20,Keyboard,Accessories,East,8,2256,316.77,10,2023,282.0,0.14041223404255318,39.59625
2024-06-06,Monitor,Accessories,North,8,7792,913.12,6,2024,974.0,0.11718685831622176,114.14
2023-05-24,Laptop,Electronics,East,8,3944,296.35,5,2023,493.0,0.0751394523326572,37.04375
2023-12-17,Smartphone,Electronics,South,2,822,183.45,12,2023,411.0,0.2231751824817518,91.725
2024-06-20,Headphones,Accessories,North,3,1962,469.94,6,2024,654.0,0.2395208970438328,156.64666666666668
2022-12-21,Printer,Office,North,4,1016,269.88,12,2022,254.0,0.2656299212598425,67.47
2023-06-20,Tablet,Electronics,North,2,1980,125.99,6,2023,990.0,0.06363131313131312,62.995
2024-12-08,Headphones,Accessories,West,4,3996,965.26,12,2024,999.0,0.24155655655655656,241.315
2022-07-18,Smartwatch,Electronics,North,1,663,183.82,7,2022,663.0,0.2772549019607843,183.82
2023-10-05,Laptop,Electronics,South,1,575,104.31,10,2023,575.0,0.1814086956521739,104.31
2023-09-04,Tablet,Electronics,South,1,187,33.76,9,2023,187.0,0.18053475935828875,33.76
2023-08-01,Tablet,Electronics,East,7,6216,378.24,8,2023,888.0,0.06084942084942085,54.034285714285716
2022-03-05,Camera,Electronics,South,1,189,19.02,3,2022,189.0,0.10063492063492063,19.02
2022-08-13,Tablet,Electronics,South,2,358,41.46,8,2022,179.0,0.11581005586592179,20.73
2022-04-17,Keyboard,Accessories,North,6,6192,316.23,4,2022,1032.0,0.05107073643410853,52.705000000000005
2023-05-25,Tablet,Electronics,East,7,4382,592.46,5,2023,626.0,0.1352031036056595,84.63714285714286
2024-10-20,Keyboard,Accessories,East,2,1122,100.78,10,2024,561.0,0.08982174688057042,50.39
2022-06-21,Laptop,Electronics,North,8,8192,2081.72,6,2022,1024.0,0.2541162109375,260.215
2022-08-22,Laptop,Electronics,South,6,2658,200.79,8,2022,443.0,0.07554176072234763,33.464999999999996
2023-03-17,Tablet,Electronics,West,6,606,127.68,3,2023,101.0,0.2106930693069307,21.28
2024-11-02,Monitor,Accessories,South,8,448,45.43,11,2024,56.0,0.10140625,5.67875
2023-01-17,Printer,Office,North,3,1674,435.95,1,2023,558.0,0.2604241338112306,145.31666666666666
2022-02-13,Tablet,Electronics,South,6,1944,366.18,2,2022,324.0,0.1883641975308642,61.03
2022-02-07,Monitor,Accessories,South,6,1716,302.09,2,2022,286.0,0.17604312354312354,50.34833333333333
2022-05-05,Camera,Electronics,South,6,2982,445.01,5,2022,497.0,0.14923205902079142,74.16833333333334
2022-08-14,Laptop,Electronics,North,9,7497,2241.59,8,2022,833.0,0.2989982659730559,249.06555555555556
2024-01-26,Headphones,Accessories,South,3,1026,142.71,1,2024,342.0,0.139093567251462,47.57
2024-12-11,Laptop,Electronics,South,7,7392,2063.23,12,2024,1056.0,0.2791166125541126,294.7471428571429
2024-06-23,Printer,Office,North,4,2604,271.22,6,2024,651.0,0.10415514592933948,67.805
2023-11-23,Smartwatch,Electronics,North,6,1746,289.2,11,2023,291.0,0.16563573883161511,48.199999999999996
2024-02-23,Headphones,Accessories,West,6,5682,1365.87,2,2024,947.0,0.24038542766631465,227.64499999999998
2024-06-24,Mouse,Accessories,North,8,8664,2131.16,6,2024,1083.0,0.24597876269621421,266.395
2023-07-08,Tablet,Electronics,West,3,1887,363.42,7,2023,629.0,0.19259141494435614,121.14
2024-10-29,Smartphone,Electronics,East,7,6013,1544.51,10,2024,859.0,0.25686179943455845,220.6442857142857
2024-01-05,Smartwatch,Electronics,North,2,1578,463.58,1,2024,789.0,0.29377693282636247,231.79
2022-08-19,Camera,Electronics,South,3,285,38.37,8,2022,95.0,0.1346315789473684,12.79
2023-01-27,Laptop,Electronics,West,6,5448,963.82,1,2023,908.0,0.17691262848751838,160.63666666666668
2024-08-09,Printer,Office,East,2,1710,468.76,8,2024,855.0,0.2741286549707602,234.38
2022-11-03,Keyboard,Accessories,West,9,2817,432.67,11,2022,313.0,0.15359247426340078,48.074444444444445
2022-04-09,Smartphone,Electronics,East,9,9117,1780.52,4,2022,1013.0,0.19529669847537567,197.83555555555554
2023-08-09,Smartwatch,Electronics,South,2,274,42.37,8,2023,137.0,0.15463503649635035,21.185
2023-09-25,Keyboard,Accessories,South,6,6408,885.71,9,2023,1068.0,0.13821941323345818,147.61833333333334
2022-05-16,Keyboard,Accessories,West,5,5755,1441.84,5,2022,1151.0,0.2505369244135534,288.368
2024-12-10,Tablet,Electronics,West,3,2262,245.66,12,2024,754.0,0.10860300618921308,81.88666666666667
2024-05-30,Headphones,Accessories,East,7,1785,233.77,5,2024,255.0,0.13096358543417366,33.395714285714284
2023-06-06,Printer,Office,North,8,5128,657.87,6,2023,641.0,0.12828978159126364,82.23375
2024-01-04,Camera,Electronics,South,8,5176,1400.82,1,2024,647.0,0.27063755795981453,175.1025
2023-09-16,Keyboard,Accessories,North,5,1510,331.76,9,2023,302.0,0.21970860927152316,66.352
2023-03-17,Keyboard,Accessories,North,1,947,77.21,3,2023,947.0,0.08153115100316789,77.21
2023-12-31,Smartphone,Electronics,North,9,5427,731.33,12,2023,603.0,0.1347576930163995,81.25888888888889
2022-04-09,Smartwatch,Electronics,South,4,4560,507.87,4,2022,1140.0,0.111375,126.9675
2023-05-03,Tablet,Electronics,South,6,2100,268.4,5,2023,350.0,0.1278095238095238,44.73333333333333
2024-05-10,Laptop,Electronics,North,1,1054,288.15,5,2024,1054.0,0.27338709677419354,288.15
2022-08-18,Smartwatch,Electronics,West,6,7026,1814.21,8,2022,1171.0,0.25821377739823514,302.36833333333334
2022-07-14,Camera,Electronics,North,9,513,151.87,7,2022,57.0,0.29604288499025344,16.874444444444446
2024-04-29,Headphones,Accessories,South,2,2244,353.83,4,2024,1122.0,0.1576782531194296,176.915
2024-02-22,Smartphone,Electronics,North,5,1785,134.95,2,2024,357.0,0.07560224089635853,26.99
2023-06-24,Keyboard,Accessories,South,5,725,77.91,6,2023,145.0,0.10746206896551724,15.581999999999999
2024-11-13,Smartphone,Electronics,North,4,2516,689.29,11,2024,629.0,0.2739626391096979,172.3225
2023-05-29,Monitor,Accessories,East,8,6256,1152.99,5,2023,782.0,0.1843014705882353,144.12375
2023-06-11,Camera,Electronics,North,2,452,74.34,6,2023,226.0,0.16446902654867257,37.17
2022-03-05,Laptop,Electronics,South,7,5285,1338.58,3,2022,755.0,0.25327909176915797,191.22571428571428
2023-03-19,Smartphone,Electronics,North,6,4872,786.79,3,2023,812.0,0.16149220032840722,131.13166666666666
2023-08-22,Keyboard,Accessories,East,5,2495,164.56,8,2023,499.0,0.0659559118236473,32.912
2022-02-19,Monitor,Accessories,West,1,442,82.73,2,2022,442.0,0.18717194570135748,82.73
2024-09-17,Printer,Office,East,9,8595,1312.19,9,2024,955.0,0.15266899360093078,145.79888888888888
2022-04-08,Keyboard,Accessories,East,4,3528,411.5,4,2022,882.0,0.11663832199546485,102.875
2024-06-10,Laptop,Electronics,North,7,7777,746.84,6,2024,1111.0,0.09603188890317603,106.69142857142857
2022-11-05,Smartwatch,Electronics,South,4,2008,451.68,11,2022,502.0,0.2249402390438247,112.92
2022-05-03,Mouse,Accessories,North,2,596,41.37,5,2022,298.0,0.06941275167785234,20.685
2024-12-25,Smartwatch,Electronics,East,9,4950,1402.67,12,2024,550.0,0.28336767676767677,155.85222222222222
2024-06-16,Keyboard,Accessories,South,2,630,86.07,6,2024,315.0,0.1366190476190476,43.035
2024-07-05,Camera,Electronics,North,6,6144,754.18,7,2024,1024.0,0.12275065104166666,125.69666666666666
2023-12-03,Monitor,Accessories,North,1,140,24.21,12,2023,140.0,0.17292857142857143,24.21
2024-01-30,Headphones,Accessories,East,2,2014,215.06,1,2024,1007.0,0.10678252234359484,107.53
2024-08-06,Mouse,Accessories,West,2,384,99.02,8,2024,192.0,0.25786458333333334,49.51
2022-01-18,Printer,Office,East,7,3780,351.51,1,2022,540.0,0.09299206349206349,50.215714285714284
2023-02-28,Monitor,Accessories,West,7,5047,915.75,2,2023,721.0,0.18144442242916584,130.82142857142858
2022-08-27,Headphones,Accessories,South,3,2658,175.89,8,2022,886.0,0.06617381489841986,58.629999999999995
2023-10-14,Mouse,Accessories,West,8,528,53.91,10,2023,66.0,0.10210227272727272,6.73875
2022-06-23,Keyboard,Accessories,East,9,6507,1045.14,6,2022,723.0,0.160617796219456,116.12666666666668
2023-06-02,Camera,Electronics,South,7,5887,1035.5,6,2023,841.0,0.1758960421267199,147.92857142857142
2023-08-13,Headphones,Accessories,East,8,8224,1679.16,8,2023,1028.0,0.20417801556420234,209.895
2022-03-12,Laptop,Electronics,South,3,723,115.25,3,2022,241.0,0.1594052558782849,38.416666666666664
2023-06-03,Mouse,Accessories,North,2,2272,504.72,6,2023,1136.0,0.22214788732394367,252.36
2022-07-03,Keyboard,Accessories,East,9,8640,1963.34,7,2022,960.0,0.2272384259259259,218.14888888888888
2023-09-14,Camera,Electronics,North,8,2984,631.81,9,2023,373.0,0.21173257372654153,78.97625
2022-04-28,Smartphone,Electronics,East,2,606,150.95,4,2022,303.0,0.24909240924092407,75.475
2022-04-08,Monitor,Accessories,West,2,170,48.69,4,2022,85.0,0.28641176470588237,24.345
2022-03-21,Headphones,Accessories,East,9,5283,1550.3,3,2022,587.0,0.2934506908953246,172.25555555555556
2023-02-27,Smartwatch,Electronics,West,6,1350,356.88,2,2023,225.0,0.26435555555555557,59.48
2022-11-28,Headphones,Accessories,South,4,2500,467.34,11,2022,625.0,0.186936,116.835
2022-02-11,Camera,Electronics,North,4,4648,689.85,2,2022,1162.0,0.1484186746987952,172.4625
2023-05-21,Printer,Office,North,5,650,93.41,5,2023,130.0,0.14370769230769231,18.682
2022-09-14,Monitor,Accessories,North,2,1538,97.15,9,2022,769.0,0.0631664499349805,48.575
2024-06-15,Smartwatch,Electronics,East,4,3928,325.32,6,2024,982.0,0.08282077393075356,81.33
2022-03-23,Headphones,Accessories,North,2,2258,175.86,3,2022,1129.0,0.07788308237378211,87.93
2022-06-09,Monitor,Accessories,West,9,2988,447.93,6,2022,332.0,0.14990963855421688,49.77
2023-04-07,Headphones,Accessories,South,8,4136,810.82,4,2023,517.0,0.1960396518375242,101.3525
2023-10-22,Mouse,Accessories,South,7,3605,387.82,10,2023,515.0,0.10757836338418862,55.402857142857144
2023-08-10,Smartwatch,Electronics,West,3,1656,469.28,8,2023,552.0,0.28338164251207726,156.42666666666665
2022-12-24,Printer,Office,West,8,7072,2113.06,12,2022,884.0,0.29879242081447965,264.1325
2024-09-04,Keyboard,Accessories,South,8,5368,542.52,9,2024,671.0,0.1010655737704918,67.815
2024-01-22,Laptop,Electronics,East,4,1356,374.79,1,2024,339.0,0.2763938053097345,93.6975
2024-06-26,Printer,Office,South,6,1326,338.66,6,2024,221.0,0.25539969834087484,56.443333333333335
2024-10-26,Printer,Office,East,1,730,55.72,10,2024,730.0,0.07632876712328766,55.72
2024-05-10,Headphones,Accessories,South,4,4664,294.05,5,2024,1166.0,0.0630467409948542,73.5125
2023-12-04,Laptop,Electronics,North,8,3528,593.11,12,2023,441.0,0.16811507936507936,74.13875
2023-03-19,Mouse,Accessories,West,3,1497,190.59,3,2023,499.0,0.12731462925851703,63.53
2023-04-21,Tablet,Electronics,North,3,2628,781.94,4,2023,876.0,0.29754185692541857,260.6466666666667
2022-11-12,Laptop,Electronics,West,4,4196,655.29,11,2022,1049.0,0.1561701620591039,163.8225
2022-08-02,Monitor,Accessories,South,7,1204,317.12,8,2022,172.0,0.2633887043189369,45.30285714285714
2023-08-23,Printer,Office,West,7,7119,1555.05,8,2023,1017.0,0.21843657817109144,222.15
2024-05-12,Tablet,Electronics,West,8,1848,351.02,5,2024,231.0,0.18994588744588745,43.8775
2024-05-24,Tablet,Electronics,South,4,2232,531.12,5,2024,558.0,0.23795698924731182,132.78
2024-12-19,Mouse,Accessories,West,6,5190,898.86,12,2024,865.0,0.17319075144508672,149.81
2022-01-28,Smartphone,Electronics,West,3,1830,403.42,1,2022,610.0,0.220448087431694,134.47333333333333
2022-01-29,Mouse,Accessories,West,1,1033,302.68,1,2022,1033.0,0.2930106485963214,302.68
2022-11-01,Smartwatch,Electronics,South,7,2324,611.7,11,2022,332.0,0.26320998278829605,87.38571428571429
2023-06-04,Keyboard,Accessories,North,2,1942,235.42,6,2023,971.0,0.12122554067971163,117.71
2022-03-27,Printer,Office,South,7,5740,1615.9,3,2022,820.0,0.2815156794425087,230.84285714285716
2022-10-22,Smartwatch,Electronics,South,9,6435,1096.88,10,2022,715.0,0.17045532245532247,121.87555555555556
2022-03-29,Mouse,Accessories,North,2,1168,172.18,3,2022,584.0,0.14741438356164385,86.09
2022-08-26,Tablet,Electronics,South,9,7362,441.36,8,2022,818.0,0.05995110024449878,49.04
2023-10-17,Smartwatch,Electronics,West,2,862,105.97,10,2023,431.0,0.12293503480278423,52.985
2023-10-25,Mouse,Accessories,West,1,956,167.16,10,2023,956.0,0.17485355648535564,167.16
2022-06-07,Smartphone,Electronics,West,7,4438,770.3,6,2022,634.0,0.17356917530419105,110.04285714285713
2023-10-10,Keyboard,Accessories,East,9,972,100.0,10,2023,108.0,0.102880658436214,11.11111111111111
2022-09-02,Keyboard,Accessories,West,2,1816,129.24,9,2022,908.0,0.07116740088105727,64.62
2023-04-25,Monitor,Accessories,East,4,596,105.89,4,2023,149.0,0.17766778523489932,26.4725
2024-03-24,Mouse,Accessories,East,9,1233,346.9,3,2024,137.0,0.2813463098134631,38.544444444444444
2023-01-09,Headphones,Accessories,West,1,1055,88.61,1,2023,1055.0,0.08399052132701422,88.61
2022-11-13,Tablet,Electronics,East,2,952,112.39,11,2022,476.0,0.11805672268907563,56.195
2023-03-04,Mouse,Accessories,West,1,312,40.47,3,2023,312.0,0.12971153846153846,40.47
2022-02-12,Tablet,Electronics,South,2,294,35.05,2,2022,147.0,0.11921768707482992,17.525
2022-03-28,Smartwatch,Electronics,North,2,474,120.91,3,2022,237.0,0.255084388185654,60.455
2023-06-02,Camera,Electronics,East,2,788,195.15,6,2023,394.0,0.2476522842639594,97.575
2022-05-15,Mouse,Accessories,North,8,2760,156.53,5,2022,345.0,0.05671376811594203,19.56625
2023-10-14,Laptop,Electronics,North,4,908,219.79,10,2023,227.0,0.24205947136563877,54.9475
2022-10-17,Smartphone,Electronics,East,1,593,133.01,10,2022,593.0,0.22430016863406407,133.01
2023-07-16,Headphones,Accessories,South,6,1698,193.42,7,2023,283.0,0.11391048292108362,32.236666666666665
2024-09-23,Printer,Office,East,1,546,124.1,9,2024,546.0,0.2272893772893773,124.1
2022-08-11,Laptop,Electronics,West,5,4380,275.84,8,2022,876.0,0.06297716894977168,55.16799999999999
2023-06-11,Camera,Electronics,West,4,2472,594.62,6,2023,618.0,0.240542071197411,148.655
2024-04-01,Smartphone,Electronics,East,4,1996,396.63,4,2024,499.0,0.1987124248496994,99.1575
2024-12-25,Camera,Electronics,West,5,2525,699.74,12,2024,505.0,0.27712475247524754,139.948
2022-07-05,Headphones,Accessories,West,9,4041,517.23,7,2022,449.0,0.1279955456570156,57.47
2024-07-16,Keyboard,Accessories,South,3,858,246.86,7,2024,286.0,0.2877156177156177,82.28666666666668
2022-12-14,Keyboard,Accessories,North,9,4221,1238.6,12,2022,469.0,0.2934375740345889,137.6222222222222
2023-02-16,Tablet,Electronics,East,2,858,73.49,2,2023,429.0,0.08565268065268064,36.745
2024-12-05,Keyboard,Accessories,North,1,776,172.19,12,2024,776.0,0.22189432989690722,172.19
2023-08-23,Laptop,Electronics,North,7,3654,871.81,8,2023,522.0,0.23859058565955116,124.5442857142857
2024-02-14,Headphones,Accessories,East,3,384,45.99,2,2024,128.0,0.119765625,15.33
2023-09-16,Printer,Office,West,5,535,43.47,9,2023,107.0,0.08125233644859813,8.693999999999999
2022-11-26,Headphones,Accessories,North,9,7992,1979.53,11,2022,888.0,0.24768893893893892,219.9477777777778
2024-07-04,Mouse,Accessories,North,7,3892,350.57,7,2024,556.0,0.09007451181911613,50.08142857142857
2024-02-26,Tablet,Electronics,East,3,2637,468.6,2,2024,879.0,0.1777019340159272,156.20000000000002
2024-02-12,Mouse,Accessories,South,8,8664,2349.68,2,2024,1083.0,0.27120036934441366,293.71
2023-10-03,Smartwatch,Electronics,South,6,918,116.87,10,2023,153.0,0.12730936819172115,19.478333333333335
2024-01-17,Monitor,Accessories,West,5,5625,1006.95,1,2024,1125.0,0.17901333333333333,201.39000000000001
2023-06-02,Tablet,Electronics,West,6,6030,511.7,6,2023,1005.0,0.08485903814262023,85.28333333333333
2022-04-22,Printer,Office,West,8,432,98.44,4,2022,54.0,0.22787037037037036,12.305
2024-02-21,Laptop,Electronics,South,6,1884,190.58,2,2024,314.0,0.10115711252653928,31.763333333333335
2023-02-21,Laptop,Electronics,East,9,9225,2526.27,2,2023,1025.0,0.27385040650406506,280.69666666666666
2022-08-04,Printer,Office,North,2,954,71.0,8,2022,477.0,0.07442348008385745,35.5
2023-02-07,Smartwatch,Electronics,West,8,7072,1983.42,2,2023,884.0,0.2804609728506787,247.9275
2024-08-07,Smartphone,Electronics,North,3,342,89.67,8,2024,114.0,0.26219298245614037,29.89
2023-02-05,Printer,Office,South,4,2440,410.86,2,2023,610.0,0.16838524590163936,102.715
2024-01-22,Mouse,Accessories,South,5,510,82.47,1,2024,102.0,0.16170588235294117,16.494
2023-10-12,Smartphone,Electronics,South,1,192,16.47,10,2023,192.0,0.08578124999999999,16.47
2023-09-26,Mouse,Accessories,East,5,3600,712.3,9,2023,720.0,0.1978611111111111,142.45999999999998
2024-06-01,Camera,Electronics,West,7,2597,766.32,6,2024,371.0,0.2950789372352715,109.47428571428573
2023-08-12,Camera,Electronics,East,4,772,215.62,8,2023,193.0,0.279300518134715,53.905
2023-08-06,Mouse,Accessories,West,2,646,180.5,8,2023,323.0,0.27941176470588236,90.25
2024-03-29,Smartphone,Electronics,East,7,2947,809.46,3,2024,421.0,0.2746725483542586,115.63714285714286
2023-02-21,Laptop,Electronics,South,5,880,255.9,2,2023,176.0,0.2907954545454546,51.18
2022-02-11,Camera,Electronics,West,3,1038,219.69,2,2022,346.0,0.21164739884393063,73.23
2024-08-05,Printer,Office,West,1,714,209.69,8,2024,714.0,0.29368347338935574,209.69
2023-08-04,Laptop,Electronics,South,4,1792,506.56,8,2023,448.0,0.28267857142857145,126.64
2022-08-21,Headphones,Accessories,East,6,5874,1386.51,8,2022,979.0,0.23604187946884575,231.085
2023-08-13,Smartwatch,Electronics,East,6,2496,332.08,8,2023,416.0,0.1330448717948718,55.346666666666664
2023-12-13,Smartwatch,Electronics,West,3,795,60.34,12,2023,265.0,0.07589937106918239,20.113333333333333
2023-01-26,Smartphone,Electronics,East,7,7238,1597.03,1,2023,1034.0,0.22064520585797182,228.14714285714285
2023-08-27,Tablet,Electronics,South,1,430,83.33,8,2023,430.0,0.1937906976744186,83.33
2022-01-10,Headphones,Accessories,West,4,1728,239.64,1,2022,432.0,0.13868055555555556,59.91
2022-04-07,Monitor,Accessories,South,3,1833,314.79,4,2022,611.0,0.17173486088379705,104.93
2023-10-23,Monitor,Accessories,North,7,7280,1682.79,10,2023,1040.0,0.23115247252747254,240.39857142857142
2024-03-01,Smartwatch,Electronics,South,1,814,197.91,3,2024,814.0,0.24313267813267814,197.91
2023-03-06,Printer,Office,South,8,4696,410.03,3,2023,587.0,0.08731473594548551,51.25375
2023-07-27,Mouse,Accessories,South,5,1190,235.64,7,2023,238.0,0.19801680672268906,47.128
2024-01-16,Printer,Office,East,1,591,39.06,1,2024,591.0,0.06609137055837563,39.06
2023-11-29,Mouse,Accessories,North,9,8100,2203.56,11,2023,900.0,0.2720444444444444,244.84
2024-04-06,Laptop,Electronics,South,6,1500,183.31,4,2024,250.0,0.12220666666666667,30.551666666666666
2024-07-26,Smartwatch,Electronics,North,2,300,48.69,7,2024,150.0,0.1623,24.345
2023-05-31,Smartwatch,Electronics,North,9,1098,106.97,5,2023,122.0,0.09742258652094718,11.885555555555555
2024-05-28,Monitor,Accessories,West,4,2336,509.49,5,2024,584.0,0.21810359589041095,127.3725
2022-10-05,Camera,Electronics,North,5,410,40.96,10,2022,82.0,0.09990243902439025,8.192
2023-10-09,Mouse,Accessories,South,9,594,51.49,10,2023,66.0,0.08668350168350168,5.721111111111111
2023-09-20,Smartwatch,Electronics,East,2,218,38.93,9,2023,109.0,0.17857798165137614,19.465
2023-03-25,Tablet,Electronics,South,2,1298,123.9,3,2023,649.0,0.09545454545454546,61.95
2024-03-28,Tablet,Electronics,North,5,895,180.64,3,2024,179.0,0.20183240223463686,36.128
2023-07-31,Keyboard,Accessories,West,4,2828,539.43,7,2023,707.0,0.19074611032531824,134.8575
2023-11-15,Tablet,Electronics,West,3,813,188.94,11,2023,271.0,0.23239852398523986,62.98
2024-06-19,Monitor,Accessories,West,4,1800,170.19,6,2024,450.0,0.09455,42.5475
2024-07-24,Tablet,Electronics,West,1,99,12.79,7,2024,99.0,0.1291919191919192,12.79
2022-09-15,Headphones,Accessories,West,8,7576,1703.42,9,2022,947.0,0.22484424498416053,212.9275
2024-01-24,Smartwatch,Electronics,East,3,1317,71.02,1,2024,439.0,0.05392558845861807,23.673333333333332
2024-03-21,Smartwatch,Electronics,West,3,957,120.27,3,2024,319.0,0.12567398119122256,40.089999999999996
2022-01-17,Mouse,Accessories,South,4,1316,244.13,1,2022,329.0,0.18550911854103344,61.0325
2024-12-20,Headphones,Accessories,South,6,5346,351.93,12,2024,891.0,0.06583052749719416,58.655
2023-03-07,Smartphone,Electronics,East,1,464,66.26,3,2023,464.0,0.14280172413793105,66.26
2022-09-28,Keyboard,Accessories,North,7,3752,835.34,9,2022,536.0,0.22263859275053305,119.33428571428571
2024-07-01,Keyboard,Accessories,West,6,1962,301.57,7,2024,327.0,0.1537054026503568,50.26166666666666
2024-11-27,Smartphone,Electronics,South,6,2310,202.98,11,2024,385.0,0.08787012987012986,33.83
2023-03-01,Tablet,Electronics,East,4,3028,685.23,3,2023,757.0,0.2262978863936592,171.3075
2023-07-22,Monitor,Accessories,North,3,2994,877.92,7,2023,998.0,0.2932264529058116,292.64
2024-06-18,Tablet,Electronics,South,3,3393,313.45,6,2024,1131.0,0.09238137341585617,104.48333333333333
2024-11-08,Camera,Electronics,North,3,1209,320.61,11,2024,403.0,0.2651861042183623,106.87
2022-11-18,Keyboard,Accessories,East,8,5784,1276.57,11,2022,723.0,0.22070712309820192,159.57125
2022-03-10,Laptop,Electronics,West,9,3078,285.05,3,2022,342.0,0.09260883690708252,31.672222222222224
2024-01-18,Printer,Office,South,4,2464,602.3,1,2024,616.0,0.24443993506493505,150.575
2024-12-14,Camera,Electronics,West,5,2445,146.6,12,2024,489.0,0.059959100204498975,29.32
2023-02-24,Keyboard,Accessories,North,8,5312,841.13,2,2023,664.0,0.15834525602409638,105.14125
2022-03-31,Keyboard,Accessories,South,1,657,101.85,3,2022,657.0,0.1550228310502283,101.85
2024-05-17,Keyboard,Accessories,South,3,2580,173.89,5,2024,860.0,0.06739922480620154,57.96333333333333
2022-10-05,Laptop,Electronics,East,8,4624,893.74,10,2022,578.0,0.19328287197231833,111.7175
2023-11-22,Smartwatch,Electronics,North,2,1258,146.7,11,2023,629.0,0.11661367249602543,73.35
2024-07-28,Camera,Electronics,East,7,6468,398.23,7,2024,924.0,0.06156926406926407,56.89
2023-05-24,Monitor,Accessories,West,3,1359,152.85,5,2023,453.0,0.11247240618101545,50.949999999999996
2024-11-28,Laptop,Electronics,North,1,104,18.67,11,2024,104.0,0.1795192307692308,18.67
2023-03-01,Headphones,Accessories,South,3,1785,93.17,3,2023,595.0,0.05219607843137255,31.05666666666667
2022-06-04,Monitor,Accessories,North,8,7728,1748.26,6,2022,966.0,0.22622412008281573,218.5325
2023-05-27,Smartphone,Electronics,West,6,4188,1231.16,5,2023,698.0,0.29397325692454634,205.19333333333336
2022-06-25,Smartwatch,Electronics,South,8,3520,359.84,6,2022,440.0,0.10222727272727272,44.98
2023-08-12,Camera,Electronics,East,3,2280,365.17,8,2023,760.0,0.1601622807017544,121.72333333333334
2024-07-09,Printer,Office,North,9,2484,655.54,7,2024,276.0,0.26390499194847017,72.83777777777777
2024-04-17,Tablet,Electronics,West,3,1248,348.19,4,2024,416.0,0.27899839743589744,116.06333333333333
2023-12-12,Smartwatch,Electronics,West,2,850,59.92,12,2023,425.0,0.07049411764705883,29.96
2022-01-07,Printer,Office,East,4,1412,150.13,1,2022,353.0,0.10632436260623229,37.5325
2022-05-30,Headphones,Accessories,North,1,465,26.5,5,2022,465.0,0.05698924731182796,26.5
2024-05-28,Printer,Office,West,1,293,29.58,5,2024,293.0,0.1009556313993174,29.58
2022-01-01,Tablet,Electronics,North,9,9234,2523.67,1,2022,1026.0,0.2733019276586528,280.40777777777777
2022-12-01,Tablet,Electronics,North,2,1298,239.45,12,2022,649.0,0.18447611710323575,119.725
2024-08-07,Printer,Office,East,9,9477,2443.62,8,2024,1053.0,0.2578474200696423,271.5133333333333
2024-05-29,Printer,Office,South,7,6713,457.99,5,2024,959.0,0.068224340831223,65.42714285714285
2022-04-25,Laptop,Electronics,South,5,5700,999.26,4,2022,1140.0,0.17530877192982455,199.852
2024-07-29,Camera,Electronics,West,6,4146,700.46,7,2024,691.0,0.16894838398456344,116.74333333333334
2023-10-11,Tablet,Electronics,North,8,6968,704.55,10,2023,871.0,0.10111222732491389,88.06875
2024-09-09,Camera,Electronics,East,2,1054,243.5,9,2024,527.0,0.2310246679316888,121.75
2022-03-15,Keyboard,Accessories,West,3,1983,453.09,3,2022,661.0,0.22848714069591528,151.03
2023-10-26,Keyboard,Accessories,South,5,875,70.72,10,2023,175.0,0.08082285714285714,14.144
2023-09-25,Printer,Office,North,2,268,63.01,9,2023,134.0,0.23511194029850746,31.505
2024-07-17,Headphones,Accessories,West,6,5370,1045.1,7,2024,895.0,0.19461824953445064,174.1833333333333
2024-01-10,Monitor,Accessories,West,8,3624,1071.43,1,2024,453.0,0.2956484547461369,133.92875
2024-09-22,Smartwatch,Electronics,West,4,1932,301.16,9,2024,483.0,0.15587991718426503,75.29
2022-09-05,Smartphone,Electronics,North,7,6020,384.74,9,2022,860.0,0.06391029900332226,54.962857142857146
2024-05-02,Headphones,Accessories,East,5,1775,234.67,5,2024,355.0,0.13220845070422535,46.934
2023-03-09,Smartwatch,Electronics,West,3,1488,382.09,3,2023,496.0,0.2567809139784946,127.36333333333333
2024-09-21,Keyboard,Accessories,East,6,6720,1113.56,9,2024,1120.0,0.16570833333333332,185.59333333333333
2022-04-06,Mouse,Accessories,East,7,5047,1356.23,4,2022,721.0,0.2687200317020012,193.74714285714285
2022-03-07,Tablet,Electronics,East,5,3735,957.13,3,2022,747.0,0.25625970548862115,191.426
2024-02-26,Keyboard,Accessories,East,5,1250,120.74,2,2024,250.0,0.096592,24.148
2022-01-11,Tablet,Electronics,North,7,2751,548.05,1,2022,393.0,0.19921846601235912,78.29285714285713
2023-07-14,Laptop,Electronics,East,9,468,58.98,7,2023,52.0,0.126025641025641,6.553333333333333
2023-07-06,Printer,Office,North,4,632,114.82,7,2023,158.0,0.1816772151898734,28.705
2022-09-15,Keyboard,Accessories,South,7,798,219.2,9,2022,114.0,0.2746867167919799,31.314285714285713
2022-01-28,Smartwatch,Electronics,South,5,1295,104.26,1,2022,259.0,0.08050965250965252,20.852
2024-12-10,Camera,Electronics,West,4,3360,540.38,12,2024,840.0,0.16082738095238094,135.095
2023-06-11,Camera,Electronics,North,5,995,206.95,6,2023,199.0,0.2079899497487437,41.39
2024-12-20,Smartwatch,Electronics,East,5,550,28.72,12,2024,110.0,0.052218181818181816,5.744
2023-02-27,Monitor,Accessories,West,8,5384,724.8,2,2023,673.0,0.13462109955423476,90.6
2023-11-19,Printer,Office,East,3,3534,489.06,11,2023,1178.0,0.13838709677419356,163.02
2024-02-20,Smartphone,Electronics,West,9,6813,890.05,2,2024,757.0,0.1306399530309702,98.89444444444445
2023-11-27,Smartwatch,Electronics,East,6,5508,1632.37,11,2023,918.0,0.2963634713144517,272.06166666666667
2022-01-27,Headphones,Accessories,East,1,966,202.53,1,2022,966.0,0.2096583850931677,202.53
2024-07-04,Mouse,Accessories,South,4,460,92.24,7,2024,115.0,0.20052173913043478,23.06
2023-06-26,Smartphone,Electronics,North,6,7026,459.4,6,2023,1171.0,0.06538571021918588,76.56666666666666
2024-05-24,Smartphone,Electronics,South,5,910,116.47,5,2024,182.0,0.127989010989011,23.294
2022-08-22,Monitor,Accessories,West,9,5796,1729.18,8,2022,644.0,0.2983402346445825,192.13111111111112
2022-09-28,Monitor,Accessories,North,3,1050,292.64,9,2022,350.0,0.2787047619047619,97.54666666666667
2024-05-28,Mouse,Accessories,West,1,1043,151.13,5,2024,1043.0,0.1448993288590604,151.13
2022-10-08,Printer,Office,South,3,3330,503.85,10,2022,1110.0,0.15130630630630632,167.95000000000002
2022-01-19,Mouse,Accessories,East,8,1896,448.53,1,2022,237.0,0.23656645569620252,56.06625
2023-04-29,Camera,Electronics,West,5,5170,1248.66,4,2023,1034.0,0.2415203094777563,249.73200000000003
2023-04-24,Printer,Office,North,2,466,25.04,4,2023,233.0,0.05373390557939914,12.52
2023-06-15,Mouse,Accessories,North,8,6032,1636.61,6,2023,754.0,0.27132128647214854,204.57625
2023-03-22,Camera,Electronics,South,1,1084,103.06,3,2023,1084.0,0.09507380073800738,103.06
2023-09-20,Keyboard,Accessories,North,2,490,45.34,9,2023,245.0,0.09253061224489796,22.67
2022-06-30,Monitor,Accessories,North,6,558,57.01,6,2022,93.0,0.102168458781362,9.501666666666667
2024-02-18,Monitor,Accessories,East,4,4024,787.06,2,2024,1006.0,0.1955914512922465,196.765
2023-02-02,Mouse,Accessories,East,4,1560,461.15,2,2023,390.0,0.2956089743589743,115.2875
2024-03-08,Laptop,Electronics,North,1,126,26.62,3,2024,126.0,0.21126984126984127,26.62
2023-10-08,Mouse,Accessories,South,7,4921,827.87,10,2023,703.0,0.1682320666531193,118.26714285714286
2023-10-10,Headphones,Accessories,West,5,2665,532.76,10,2023,533.0,0.19990994371482176,106.55199999999999
2023-04-05,Headphones,Accessories,South,4,200,58.42,4,2023,50.0,0.2921,14.605
2024-08-01,Smartwatch,Electronics,East,2,186,32.48,8,2024,93.0,0.17462365591397846,16.24
2024-10-12,Monitor,Accessories,South,8,5456,898.06,10,2024,682.0,0.16460043988269793,112.2575
2022-07-29,Smartwatch,Electronics,West,9,3321,540.67,7,2022,369.0,0.1628033724781692,60.07444444444444
2024-02-13,Headphones,Accessories,North,7,3766,914.49,2,2024,538.0,0.24282793414763676,130.64142857142858
2022-05-07,Keyboard,Accessories,West,6,3150,498.63,5,2022,525.0,0.1582952380952381,83.105
2022-05-19,Laptop,Electronics,East,2,646,110.13,5,2022,323.0,0.1704798761609907,55.065
2022-08-12,Smartphone,Electronics,South,5,2665,369.73,8,2022,533.0,0.13873545966228892,73.946
2023-10-13,Smartwatch,Electronics,North,9,1467,384.22,10,2023,163.0,0.2619086571233811,42.69111111111111
2024-07-05,Tablet,Electronics,North,7,4620,990.79,7,2024,660.0,0.21445670995670996,141.54142857142855
2023-03-17,Tablet,Electronics,West,8,1184,148.69,3,2023,148.0,0.12558277027027026,18.58625
2023-11-01,Camera,Electronics,East,1,113,20.07,11,2023,113.0,0.17761061946902656,20.07
2024-10-02,Printer,Office,East,8,3336,492.76,10,2024,417.0,0.14770983213429256,61.595
2023-04-09,Smartphone,Electronics,South,4,4224,477.33,4,2023,1056.0,0.11300426136363637,119.3325
2022-07-09,Headphones,Accessories,North,3,1098,144.24,7,2022,366.0,0.13136612021857924,48.080000000000005
2024-03-10,Camera,Electronics,South,8,4400,351.82,3,2024,550.0,0.07995909090909091,43.9775
2022-05-08,Printer,Office,North,8,5616,723.42,5,2022,702.0,0.12881410256410256,90.4275
2024-03-02,Printer,Office,North,7,4676,520.38,3,2024,668.0,0.1112874251497006,74.34
2022-07-19,Smartwatch,Electronics,North,2,2370,641.23,7,2022,1185.0,0.2705611814345992,320.615
2023-01-24,Mouse,Accessories,West,7,4487,688.76,1,2023,641.0,0.15350122576331623,98.39428571428572
2024-10-01,Camera,Electronics,North,6,6384,1754.15,10,2024,1064.0,0.27477286967418546,292.35833333333335
2023-03-30,Keyboard,Accessories,South,8,2960,878.11,3,2023,370.0,0.2966587837837838,109.76375
2022-03-24,Smartwatch,Electronics,East,1,897,250.78,3,2022,897.0,0.27957636566332217,250.78
2023-03-25,Smartphone,Electronics,East,2,1178,120.51,3,2023,589.0,0.10230050933786078,60.255
2023-01-20,Smartwatch,Electronics,East,2,1026,64.51,1,2023,513.0,0.06287524366471735,32.255
2022-05-22,Printer,Office,South,1,1148,89.04,5,2022,1148.0,0.0775609756097561,89.04
2023-02-15,Printer,Office,West,7,3185,765.41,2,2023,455.0,0.2403171114599686,109.3442857142857
2022-03-03,Smartphone,Electronics,East,7,5180,463.35,3,2022,740.0,0.08944980694980695,66.19285714285715
2022-11-02,Headphones,Accessories,South,5,2025,295.13,11,2022,405.0,0.1457432098765432,59.025999999999996
2024-12-24,Tablet,Electronics,North,9,1359,187.72,12,2024,151.0,0.13813097866077997,20.857777777777777
2023-03-30,Camera,Electronics,South,4,1836,462.52,3,2023,459.0,0.25191721132897604,115.63
2022-12-03,Tablet,Electronics,West,2,702,112.04,12,2022,351.0,0.1596011396011396,56.02
2024-12-07,Smartphone,Electronics,West,8,6576,1337.38,12,2024,822.0,0.20337287104622873,167.1725
2024-03-07,Smartwatch,Electronics,West,2,1428,398.24,3,2024,714.0,0.2788795518207283,199.12
2023-01-08,Camera,Electronics,North,7,6853,1259.03,1,2023,979.0,0.1837195388880782,179.86142857142858
2022-05-16,Camera,Electronics,West,2,1492,276.56,5,2022,746.0,0.18536193029490616,138.28
2024-04-29,Printer,Office,North,6,1938,146.73,4,2024,323.0,0.07571207430340557,24.455
2023-01-08,Camera,Electronics,South,5,905,70.91,1,2023,181.0,0.07835359116022099,14.181999999999999
2022-02-25,Printer,Office,North,3,2571,510.01,2,2022,857.0,0.1983702839362116,170.00333333333333
2024-04-08,Tablet,Electronics,West,4,1500,127.81,4,2024,375.0,0.08520666666666667,31.9525
2023-03-17,Smartwatch,Electronics,South,9,8712,1034.27,3,2023,968.0,0.11871786042240587,114.91888888888889
2024-07-23,Monitor,Accessories,East,4,1308,368.28,7,2024,327.0,0.2815596330275229,92.07
2024-03-06,Smartphone,Electronics,South,4,2648,707.32,3,2024,662.0,0.26711480362537765,176.83
2022-03-18,Camera,Electronics,South,9,9810,1666.96,3,2022,1090.0,0.16992456676860346,185.21777777777777
2024-05-03,Headphones,Accessories,North,3,3291,274.1,5,2024,1097.0,0.0832877544819204,91.36666666666667
2022-09-22,Smartwatch,Electronics,North,1,758,96.44,9,2022,758.0,0.12722955145118733,96.44
2022-09-29,Keyboard,Accessories,East,7,2436,715.14,9,2022,348.0,0.29357142857142854,102.16285714285713
2024-06-01,Smartwatch,Electronics,North,7,560,163.16,6,2024,80.0,0.29135714285714287,23.30857142857143
2022-10-20,Smartphone,Electronics,West,8,4240,519.72,10,2022,530.0,0.12257547169811321,64.965
2024-09-05,Monitor,Accessories,East,8,5416,403.52,9,2024,677.0,0.07450516986706056,50.44
2023-07-16,Smartphone,Electronics,East,8,1728,477.7,7,2023,216.0,0.27644675925925927,59.7125
2023-07-15,Keyboard,Accessories,West,9,6309,801.15,7,2023,701.0,0.1269852591535901,89.01666666666667
2023-08-08,Keyboard,Accessories,North,8,3400,758.57,8,2023,425.0,0.22310882352941178,94.82125
2022-04-29,Laptop,Electronics,East,1,403,72.45,4,2022,403.0,0.17977667493796526,72.45
2022-12-17,Keyboard,Accessories,South,4,2108,375.62,12,2022,527.0,0.17818785578747628,93.905
2022-09-30,Headphones,Accessories,West,2,1090,296.12,9,2022,545.0,0.2716697247706422,148.06
2022-11-06,Keyboard,Accessories,North,7,1274,317.92,11,2022,182.0,0.24954474097331242,45.417142857142856
2024-04-11,Mouse,Accessories,South,3,1056,70.54,4,2024,352.0,0.06679924242424243,23.513333333333335
2023-06-01,Mouse,Accessories,North,9,5247,921.09,6,2023,583.0,0.17554602630074329,102.34333333333333
2023-11-06,Mouse,Accessories,West,7,6006,1595.22,11,2023,858.0,0.2656043956043956,227.88857142857142
2024-01-18,Monitor,Accessories,West,5,5415,1261.65,1,2024,1083.0,0.23299168975069254,252.33
2022-02-24,Smartphone,Electronics,West,1,632,81.54,2,2022,632.0,0.12901898734177217,81.54
2024-01-31,Printer,Office,West,8,6160,947.96,1,2024,770.0,0.15388961038961038,118.495
2023-05-26,Printer,Office,South,1,857,172.91,5,2023,857.0,0.2017619603267211,172.91
2023-01-28,Tablet,Electronics,East,1,169,22.99,1,2023,169.0,0.13603550295857988,22.99
2023-10-01,Tablet,Electronics,West,7,1463,175.13,10,2023,209.0,0.11970608339029391,25.018571428571427
2022-12-18,Camera,Electronics,East,8,7528,1283.07,12,2022,941.0,0.17043969181721572,160.38375
2022-12-24,Smartwatch,Electronics,West,2,1158,227.61,12,2022,579.0,0.19655440414507774,113.805
2022-06-17,Monitor,Accessories,West,4,200,20.25,6,2022,50.0,0.10125,5.0625
2023-01-01,Smartphone,Electronics,West,2,1514,180.67,1,2023,757.0,0.11933289299867898,90.335
2024-07-07,Smartwatch,Electronics,South,7,2632,738.93,7,2024,376.0,0.28074848024316107,105.56142857142856
2022-07-31,Keyboard,Accessories,North,1,358,77.84,7,2022,358.0,0.21743016759776537,77.84
2023-06-04,Camera,Electronics,East,8,2360,653.3,6,2023,295.0,0.27682203389830506,81.6625
2023-08-29,Keyboard,Accessories,South,5,5275,594.29,8,2023,1055.0,0.11266161137440757,118.85799999999999
2023-04-06,Monitor,Accessories,East,9,1719,251.85,4,2023,191.0,0.14650959860383944,27.983333333333334
2023-02-04,Smartphone,Electronics,West,6,1956,434.03,2,2023,326.0,0.2218967280163599,72.33833333333332
2022-08-27,Keyboard,Accessories,West,3,1875,152.07,8,2022,625.0,0.081104,50.69
2022-06-13,Monitor,Accessories,South,4,984,157.72,6,2022,246.0,0.16028455284552845,39.43
2023-08-20,Camera,Electronics,South,4,3616,789.63,8,2023,904.0,0.21837112831858407,197.4075
2024-10-18,Tablet,Electronics,West,5,4560,1180.8,10,2024,912.0,0.25894736842105265,236.16
2024-09-14,Smartphone,Electronics,West,8,7496,2019.32,9,2024,937.0,0.2693863393810032,252.415
2022-08-17,Camera,Electronics,North,5,5070,889.97,8,2022,1014.0,0.17553648915187378,177.994
2022-04-21,Smartwatch,Electronics,North,5,4505,1351.28,4,2022,901.0,0.2999511653718091,270.256
2022-01-13,Tablet,Electronics,South,2,1916,503.83,1,2022,958.0,0.26295929018789144,251.915
2024-08-28,Camera,Electronics,West,7,8113,1103.57,8,2024,1159.0,0.13602489831135214,157.65285714285713
2022-08-13,Laptop,Electronics,North,9,1809,392.44,8,2022,201.0,0.21693753454947484,43.60444444444445
2023-09-01,Laptop,Electronics,South,3,1227,229.75,9,2023,409.0,0.18724531377343112,76.58333333333333
2023-07-20,Laptop,Electronics,South,6,2040,124.65,7,2023,340.0,0.06110294117647059,20.775000000000002
2022-12-22,Tablet,Electronics,West,6,6324,629.2,12,2022,1054.0,0.09949399114484504,104.86666666666667
2023-03-25,Printer,Office,North,3,2724,521.24,3,2023,908.0,0.19135095447870779,173.74666666666667
2023-05-14,Laptop,Electronics,South,1,1188,110.32,5,2023,1188.0,0.09286195286195285,110.32
2024-01-23,Keyboard,Accessories,East,8,8776,1561.07,1,2024,1097.0,0.17787944393801275,195.13375
2023-03-25,Laptop,Electronics,South,9,5553,1432.76,3,2023,617.0,0.25801548712407707,159.19555555555556
2022-08-27,Smartphone,Electronics,South,2,970,262.19,8,2022,485.0,0.27029896907216494,131.095
2022-07-15,Keyboard,Accessories,South,5,940,56.7,7,2022,188.0,0.060319148936170214,11.34
2024-07-08,Printer,Office,East,1,1175,171.51,7,2024,1175.0,0.14596595744680851,171.51
2022-11-07,Laptop,Electronics,East,9,4860,1425.54,11,2022,540.0,0.29332098765432096,158.39333333333332
2022-10-18,Headphones,Accessories,North,1,987,207.69,10,2022,987.0,0.2104255319148936,207.69
2024-05-17,Camera,Electronics,East,7,2968,485.13,5,2024,424.0,0.1634535040431267,69.30428571428571
2022-03-09,Mouse,Accessories,East,3,2172,364.77,3,2022,724.0,0.16794198895027623,121.58999999999999
2022-01-01,Headphones,Accessories,South,7,3941,628.96,1,2022,563.0,0.15959401167216444,89.85142857142857
2022-06-22,Headphones,Accessories,North,7,2261,566.36,6,2022,323.0,0.2504909332153914,80.90857142857143
2022-07-15,Smartwatch,Electronics,West,9,8802,2519.93,7,2022,978.0,0.28629061576914333,279.9922222222222
2023-03-15,Printer,Office,South,5,3025,172.43,3,2023,605.0,0.05700165289256198,34.486000000000004
2022-01-16,Printer,Office,North,4,4428,600.55,1,2022,1107.0,0.1356255645889792,150.1375
2024-10-28,Mouse,Accessories,West,9,7344,1417.84,10,2024,816.0,0.19306100217864922,157.53777777777776
2024-08-23,Keyboard,Accessories,East,4,2236,167.78,8,2024,559.0,0.07503577817531305,41.945
2024-11-24,Smartphone,Electronics,South,8,536,57.08,11,2024,67.0,0.10649253731343283,7.135
2024-10-20,Monitor,Accessories,North,5,1980,249.22,10,2024,396.0,0.12586868686868688,49.844
2022-01-26,Printer,Office,East,6,2100,202.86,1,2022,350.0,0.0966,33.81
2023-04-16,Smartwatch,Electronics,West,3,1497,122.76,4,2023,499.0,0.08200400801603207,40.92
2024-07-18,Laptop,Electronics,North,6,4200,1013.7,7,2024,700.0,0.24135714285714288,168.95000000000002
2022-11-21,Headphones,Accessories,South,2,1242,191.82,11,2022,621.0,0.15444444444444444,95.91
2022-11-29,Smartwatch,Electronics,South,5,1570,312.81,11,2022,314.0,0.1992420382165605,62.562
2023-07-01,Monitor,Accessories,East,4,428,86.62,7,2023,107.0,0.20238317757009347,21.655
2023-02-02,Printer,Office,South,1,914,270.74,2,2023,914.0,0.29621444201312913,270.74
2024-12-13,Tablet,Electronics,North,3,465,98.93,12,2024,155.0,0.21275268817204301,32.97666666666667
2022-08-27,Smartwatch,Electronics,North,2,1062,83.49,8,2022,531.0,0.07861581920903954,41.745
2022-05-26,Camera,Electronics,South,8,8720,1984.11,5,2022,1090.0,0.2275355504587156,248.01375
2024-02-04,Mouse,Accessories,South,6,1308,343.61,2,2024,218.0,0.2626987767584098,57.26833333333334
2024-12-12,Headphones,Accessories,South,9,8514,1291.97,12,2024,946.0,0.15174653511862815,143.5522222222222
2023-02-07,Tablet,Electronics,North,2,1212,151.07,2,2023,606.0,0.12464521452145214,75.535
2023-04-24,Headphones,Accessories,West,4,2576,503.57,4,2023,644.0,0.19548524844720497,125.8925
2023-09-26,Keyboard,Accessories,East,8,4800,606.19,9,2023,600.0,0.12628958333333334,75.77375
2022-10-02,Smartwatch,Electronics,East,5,1440,274.54,10,2022,288.0,0.19065277777777778,54.908
2022-09-12,Smartwatch,Electronics,North,9,10251,737.45,9,2022,1139.0,0.07193932299287875,81.9388888888889
2023-01-18,Smartphone,Electronics,North,7,3038,570.98,1,2023,434.0,0.18794601711652403,81.56857142857143
2022-11-24,Monitor,Accessories,West,9,6993,1945.56,11,2022,777.0,0.2782153582153582,216.17333333333332
2024-03-07,Monitor,Accessories,East,4,1632,247.88,3,2024,408.0,0.15188725490196078,61.97
2024-10-07,Keyboard,Accessories,East,9,5706,1704.8,10,2024,634.0,0.2987732211706975,189.42222222222222
2022-08-29,Camera,Electronics,North,9,9657,1187.22,8,2022,1073.0,0.12293880086983536,131.91333333333333
2022-01-31,Smartwatch,Electronics,East,5,4405,450.83,1,2022,881.0,0.10234506242905789,90.166
2023-12-14,Keyboard,Accessories,East,4,1720,360.78,12,2023,430.0,0.20975581395348836,90.195
2023-08-13,Camera,Electronics,South,7,4557,234.62,8,2023,651.0,0.05148562650866798,33.51714285714286
2024-12-12,Headphones,Accessories,West,7,2380,431.43,12,2024,340.0,0.1812731092436975,61.63285714285714
2022-02-11,Headphones,Accessories,North,8,456,74.99,2,2022,57.0,0.1644517543859649,9.37375
2023-11-16,Camera,Electronics,East,6,6534,355.03,11,2023,1089.0,0.05433578206305478,59.17166666666666
2022-03-04,Smartphone,Electronics,North,6,3456,307.46,3,2022,576.0,0.08896412037037037,51.24333333333333
2022-06-29,Keyboard,Accessories,West,9,8163,2352.46,6,2022,907.0,0.28818571603577114,261.38444444444445
2023-08-28,Headphones,Accessories,North,6,4656,601.71,8,2023,776.0,0.12923324742268041,100.28500000000001
2022-09-16,Smartphone,Electronics,West,2,966,241.54,9,2022,483.0,0.2500414078674948,120.77
2022-12-02,Mouse,Accessories,East,4,2580,669.67,12,2022,645.0,0.259562015503876,167.4175
2022-10-02,Camera,Electronics,South,9,8127,1906.5,10,2022,903.0,0.23458840900701367,211.83333333333334
2022-05-19,Smartwatch,Electronics,South,4,2128,614.05,5,2022,532.0,0.28855733082706764,153.5125
2022-06-05,Smartphone,Electronics,South,9,6417,1100.52,6,2022,713.0,0.1715007012622721,122.28
2022-06-11,Keyboard,Accessories,East,7,3997,494.78,6,2022,571.0,0.12378784088066049,70.68285714285715
2023-03-14,Laptop,Electronics,West,1,879,149.52,3,2023,879.0,0.1701023890784983,149.52
2023-11-17,Laptop,Electronics,North,3,2415,538.39,11,2023,805.0,0.22293581780538302,179.46333333333334
2024-09-27,Camera,Electronics,West,4,1064,314.84,9,2024,266.0,0.2959022556390977,78.71
2022-02-17,Mouse,Accessories,South,4,1156,326.92,2,2022,289.0,0.28280276816608996,81.73
2022-05-12,Smartphone,Electronics,North,1,1184,218.27,5,2022,1184.0,0.18434966216216217,218.27
2022-02-05,Keyboard,Accessories,South,3,1950,211.16,2,2022,650.0,0.10828717948717949,70.38666666666667
2022-08-29,Laptop,Electronics,South,4,1088,295.09,8,2022,272.0,0.2712224264705882,73.7725
2023-12-04,Printer,Office,South,6,4380,522.3,12,2023,730.0,0.11924657534246574,87.05
2024-04-20,Camera,Electronics,South,1,998,196.17,4,2024,998.0,0.196563126252505,196.17
2024-05-25,Smartphone,Electronics,East,6,5766,675.17,5,2024,961.0,0.1170950398890045,112.52833333333332
2024-10-09,Tablet,Electronics,West,6,3120,274.65,10,2024,520.0,0.08802884615384615,45.775
2022-03-07,Printer,Office,East,7,637,68.11,3,2022,91.0,0.10692307692307693,9.73
2023-10-26,Laptop,Electronics,West,6,3306,697.74,10,2023,551.0,0.21105263157894738,116.29
2022-05-31,Monitor,Accessories,South,6,7020,726.72,5,2022,1170.0,0.10352136752136752,121.12
2022-09-16,Camera,Electronics,South,7,5971,502.14,9,2022,853.0,0.08409646625355886,71.73428571428572
2023-11-22,Laptop,Electronics,North,2,750,77.68,11,2023,375.0,0.10357333333333334,38.84
2024-04-26,Tablet,Electronics,North,3,2379,523.0,4,2024,793.0,0.2198402690205969,174.33333333333334
2022-08-21,Camera,Electronics,North,1,699,108.94,8,2022,699.0,0.15585121602288984,108.94
2023-01-16,Camera,Electronics,West,9,6876,1895.24,1,2023,764.0,0.275631180919139,210.5822222222222
2022-02-02,Monitor,Accessories,North,8,1800,494.02,2,2022,225.0,0.27445555555555556,61.7525
2024-07-11,Tablet,Electronics,South,5,1255,236.25,7,2024,251.0,0.18824701195219123,47.25
2022-06-04,Smartwatch,Electronics,East,9,1998,343.58,6,2022,222.0,0.17196196196196195,38.175555555555555
2022-11-26,Headphones,Accessories,East,1,307,80.19,11,2022,307.0,0.26120521172638433,80.19
2024-06-25,Printer,Office,West,1,235,54.87,6,2024,235.0,0.23348936170212764,54.87
2023-11-01,Monitor,Accessories,South,6,1506,407.73,11,2023,251.0,0.2707370517928287,67.955
2024-10-26,Tablet,Electronics,North,8,2464,216.51,10,2024,308.0,0.08786931818181817,27.06375
2023-05-12,Smartwatch,Electronics,South,2,322,42.03,5,2023,161.0,0.130527950310559,21.015
2023-03-04,Printer,Office,West,4,1100,100.02,3,2023,275.0,0.09092727272727272,25.005
2022-03-08,Keyboard,Accessories,South,4,2188,265.54,3,2022,547.0,0.1213619744058501,66.385
2023-12-22,Printer,Office,West,9,2934,473.34,12,2023,326.0,0.16132924335378324,52.593333333333334
2022-11-04,Headphones,Accessories,South,8,9224,514.06,11,2022,1153.0,0.05573070251517779,64.2575
2022-12-15,Monitor,Accessories,East,4,2436,142.81,12,2022,609.0,0.058624794745484404,35.7025
2022-09-23,Smartwatch,Electronics,West,4,972,97.55,9,2022,243.0,0.10036008230452674,24.3875
2024-10-03,Laptop,Electronics,South,6,5484,540.4,10,2024,914.0,0.09854121079504011,90.06666666666666
2024-10-17,Camera,Electronics,West,8,3152,337.36,10,2024,394.0,0.10703045685279189,42.17
2024-03-22,Keyboard,Accessories,East,8,6032,870.17,3,2024,754.0,0.14425895225464191,108.77125
2023-04-10,Camera,Electronics,West,7,6384,1324.49,4,2023,912.0,0.2074702380952381,189.21285714285713
2023-07-10,Printer,Office,East,5,3705,707.08,7,2023,741.0,0.19084480431848855,141.416
2022-11-04,Smartwatch,Electronics,South,6,5580,394.03,11,2022,930.0,0.07061469534050178,65.67166666666667
2022-04-16,Camera,Electronics,East,2,1236,120.74,4,2022,618.0,0.09768608414239482,60.37
2023-04-02,Camera,Electronics,North,8,7040,1969.93,4,2023,880.0,0.2798196022727273,246.24125
2024-06-11,Camera,Electronics,East,9,909,138.04,6,2024,101.0,0.15185918591859185,15.337777777777777
2024-12-26,Mouse,Accessories,South,1,106,7.24,12,2024,106.0,0.06830188679245283,7.24
2024-11-12,Smartwatch,Electronics,South,1,281,67.85,11,2024,281.0,0.24145907473309605,67.85
2022-09-25,Camera,Electronics,East,6,6768,1851.01,9,2022,1128.0,0.2734943853427896,308.50166666666667
2023-03-07,Laptop,Electronics,West,6,4302,276.35,3,2023,717.0,0.0642375639237564,46.05833333333334
2022-11-19,Smartphone,Electronics,North,9,7146,2125.44,11,2022,794.0,0.2974307304785894,236.16
2023-02-16,Smartphone,Electronics,South,3,582,48.08,2,2023,194.0,0.08261168384879725,16.026666666666667
2024-08-01,Headphones,Accessories,North,6,576,162.75,8,2024,96.0,0.2825520833333333,27.125
2023-09-24,Keyboard,Accessories,South,5,4265,796.12,9,2023,853.0,0.18666354044548653,159.224
2023-06-24,Smartwatch,Electronics,East,8,5368,333.53,6,2023,671.0,0.06213301043219076,41.69125
2023-12-04,Headphones,Accessories,South,1,314,66.23,12,2023,314.0,0.2109235668789809,66.23
2024-12-24,Tablet,Electronics,West,6,2676,646.7,12,2024,446.0,0.2416666666666667,107.78333333333335
2022-02-13,Laptop,Electronics,North,4,3384,947.52,2,2022,846.0,0.27999999999999997,236.88
2023-07-20,Mouse,Accessories,West,6,3186,794.94,7,2023,531.0,0.2495103578154426,132.49
2024-12-20,Smartwatch,Electronics,South,4,1832,528.69,12,2024,458.0,0.28858624454148474,132.1725
2024-11-02,Printer,Office,South,8,4784,769.91,11,2024,598.0,0.16093436454849497,96.23875
2024-02-16,Tablet,Electronics,West,1,381,63.18,2,2024,381.0,0.16582677165354331,63.18
2022-11-29,Smartphone,Electronics,South,9,4527,677.34,11,2022,503.0,0.14962226640159046,75.26
2022-05-25,Printer,Office,South,4,1612,240.42,5,2022,403.0,0.1491439205955335,60.105
2023-10-04,Printer,Office,East,2,1918,435.56,10,2023,959.0,0.22709071949947862,217.78
2024-01-04,Camera,Electronics,East,1,179,42.37,1,2024,179.0,0.23670391061452511,42.37
2024-05-31,Smartwatch,Electronics,West,3,3153,224.29,5,2024,1051.0,0.07113542657786236,74.76333333333334
2023-04-18,Tablet,Electronics,East,8,3864,855.75,4,2023,483.0,0.22146739130434784,106.96875
2023-05-13,Printer,Office,South,5,2440,570.78,5,2023,488.0,0.23392622950819672,114.15599999999999
2023-03-31,Camera,Electronics,South,6,3660,675.38,3,2023,610.0,0.18453005464480873,112.56333333333333
2024-08-03,Smartwatch,Electronics,East,3,318,49.93,8,2024,106.0,0.1570125786163522,16.643333333333334
2023-12-16,Mouse,Accessories,South,3,483,63.27,12,2023,161.0,0.13099378881987578,21.09
2024-08-21,Headphones,Accessories,North,6,6774,960.41,8,2024,1129.0,0.1417788603483909,160.06833333333333
2024-01-02,Monitor,Accessories,West,5,5310,806.12,1,2024,1062.0,0.15181167608286253,161.224
2024-03-06,Keyboard,Accessories,West,6,5154,779.43,3,2024,859.0,0.15122817229336435,129.905
2023-09-19,Keyboard,Accessories,East,9,6741,823.17,9,2023,749.0,0.12211392968402314,91.46333333333332
2022-05-13,Camera,Electronics,North,2,520,61.33,5,2022,260.0,0.1179423076923077,30.665
2024-06-19,Tablet,Electronics,East,7,1120,111.79,6,2024,160.0,0.09981250000000001,15.97
2022-07-12,Keyboard,Accessories,East,1,911,155.3,7,2022,911.0,0.17047200878155874,155.3
2022-03-21,Monitor,Accessories,South,8,1064,190.73,3,2022,133.0,0.17925751879699248,23.84125
2024-04-28,Laptop,Electronics,North,7,1981,404.3,4,2024,283.0,0.20408884401817265,57.75714285714286
2022-04-20,Camera,Electronics,South,5,4280,540.47,4,2022,856.0,0.12627803738317758,108.09400000000001
2024-06-25,Smartwatch,Electronics,South,5,5125,268.39,6,2024,1025.0,0.05236878048780488,53.678
2024-12-26,Monitor,Accessories,West,7,1575,313.96,12,2024,225.0,0.19933968253968254,44.85142857142857
2024-04-28,Tablet,Electronics,East,9,9972,1868.64,4,2024,1108.0,0.1873886883273165,207.62666666666667
2022-10-01,Smartphone,Electronics,East,8,4576,900.04,10,2022,572.0,0.19668706293706292,112.505
2024-06-01,Monitor,Accessories,South,7,6559,1141.32,6,2024,937.0,0.1740082329623418,163.04571428571427
2023-07-20,Tablet,Electronics,South,1,619,35.36,7,2023,619.0,0.05712439418416801,35.36
2024-06-09,Headphones,Accessories,West,8,2488,151.95,6,2024,311.0,0.061073151125401924,18.99375
2022-10-29,Mouse,Accessories,West,4,2536,148.85,10,2022,634.0,0.05869479495268139,37.2125
2022-02-03,Tablet,Electronics,West,8,5416,297.5,2,2022,677.0,0.05492983751846381,37.1875
2023-02-13,Smartwatch,Electronics,East,2,2334,158.07,2,2023,1167.0,0.06772493573264782,79.035
2022-07-28,Camera,Electronics,East,9,1080,183.42,7,2022,120.0,0.1698333333333333,20.38
2024-05-08,Tablet,Electronics,South,4,1324,127.07,5,2024,331.0,0.09597432024169184,31.7675
2023-07-16,Camera,Electronics,West,2,2304,444.08,7,2023,1152.0,0.19274305555555554,222.04
2024-02-21,Smartphone,Electronics,East,4,4736,1026.24,2,2024,1184.0,0.2166891891891892,256.56
2023-08-14,Mouse,Accessories,West,9,2925,457.49,8,2023,325.0,0.1564068376068376,50.83222222222222
2023-01-27,Laptop,Electronics,East,9,6345,1627.26,1,2023,705.0,0.25646335697399525,180.80666666666667
2022-06-13,Headphones,Accessories,East,9,4221,912.84,6,2022,469.0,0.21626154939587777,101.42666666666668
2022-12-06,Headphones,Accessories,South,7,462,56.89,12,2022,66.0,0.12313852813852814,8.127142857142857
2022-05-13,Monitor,Accessories,North,7,7588,1625.55,5,2022,1084.0,0.21422641012124408,232.22142857142856
2022-12-12,Keyboard,Accessories,North,6,5232,1270.64,12,2022,872.0,0.24285932721712541,211.77333333333334
2024-08-01,Camera,Electronics,East,8,1440,402.06,8,2024,180.0,0.27920833333333334,50.2575
2023-03-31,Monitor,Accessories,North,2,1026,226.4,3,2023,513.0,0.2206627680311891,113.2
2024-09-21,Camera,Electronics,North,7,7455,1008.42,9,2024,1065.0,0.1352676056338028,144.06
2023-11-29,Printer,Office,East,8,2456,404.35,11,2023,307.0,0.16463762214983715,50.54375
2022-11-01,Camera,Electronics,North,3,2859,404.56,11,2022,953.0,0.14150402238544946,134.85333333333332
2024-01-08,Keyboard,Accessories,East,1,311,50.66,1,2024,311.0,0.16289389067524115,50.66
2022-10-28,Printer,Office,East,9,1260,246.6,10,2022,140.0,0.1957142857142857,27.4
2022-01-18,Keyboard,Accessories,South,1,466,102.48,1,2022,466.0,0.21991416309012876,102.48
2023-02-22,Laptop,Electronics,West,3,867,58.2,2,2023,289.0,0.0671280276816609,19.400000000000002
2023-02-24,Monitor,Accessories,South,6,3888,275.72,2,2023,648.0,0.07091563786008231,45.95333333333334
2024-04-12,Tablet,Electronics,North,4,3032,347.2,4,2024,758.0,0.11451187335092348,86.8
2023-12-22,Tablet,Electronics,North,7,4704,978.81,12,2023,672.0,0.20808035714285714,139.82999999999998
2022-10-27,Printer,Office,West,3,3186,527.75,10,2022,1062.0,0.165646578782172,175.91666666666666
2024-08-18,Printer,Office,North,9,6183,359.54,8,2024,687.0,0.05814976548601003,39.94888888888889
2022-10-14,Smartwatch,Electronics,West,1,243,21.75,10,2022,243.0,0.08950617283950617,21.75
2023-06-20,Smartphone,Electronics,North,3,897,235.67,6,2023,299.0,0.2627313266443701,78.55666666666666
2023-12-19,Headphones,Accessories,West,9,4563,675.62,12,2023,507.0,0.14806486960333115,75.06888888888889
2022-09-18,Laptop,Electronics,South,4,628,156.98,9,2022,157.0,0.24996815286624202,39.245
2024-12-21,Monitor,Accessories,East,6,1050,172.83,12,2024,175.0,0.16460000000000002,28.805000000000003
2022-05-16,Monitor,Accessories,North,8,3032,278.85,5,2022,379.0,0.09196899736147758,34.85625
2023-09-27,Keyboard,Accessories,West,1,920,118.24,9,2023,920.0,0.12852173913043477,118.24
2024-03-02,Laptop,Electronics,South,2,668,90.67,3,2024,334.0,0.13573353293413173,45.335
2024-05-31,Mouse,Accessories,East,5,5990,1403.53,5,2024,1198.0,0.23431218697829717,280.706
2024-03-04,Tablet,Electronics,South,9,9324,1223.9,3,2024,1036.0,0.13126340626340627,135.9888888888889
2023-04-11,Keyboard,Accessories,East,8,5768,368.49,4,2023,721.0,0.06388522884882109,46.06125
2024-05-01,Laptop,Electronics,North,1,1123,318.09,5,2024,1123.0,0.2832502226179875,318.09
2024-12-20,Keyboard,Accessories,West,4,2336,453.04,12,2024,584.0,0.19393835616438357,113.26
2023-11-22,Laptop,Electronics,West,6,438,26.03,11,2023,73.0,0.05942922374429224,4.338333333333334
2022-12-23,Tablet,Electronics,North,6,5940,318.72,12,2022,990.0,0.05365656565656566,53.120000000000005
2022-06-22,Camera,Electronics,West,3,1848,549.34,6,2022,616.0,0.2972619047619048,183.11333333333334
2023-03-17,Keyboard,Accessories,North,3,2118,321.05,3,2023,706.0,0.15158168083097262,107.01666666666667
2022-01-16,Smartphone,Electronics,North,3,231,36.73,1,2022,77.0,0.15900432900432898,12.243333333333332
2024-01-12,Headphones,Accessories,South,6,978,182.46,1,2024,163.0,0.1865644171779141,30.41
2023-05-22,Monitor,Accessories,North,5,4960,420.98,5,2023,992.0,0.084875,84.196
2022-03-09,Camera,Electronics,South,3,1377,330.44,3,2022,459.0,0.23997095134350035,110.14666666666666
2023-02-09,Camera,Electronics,West,2,1958,227.77,2,2023,979.0,0.11632788559754853,113.885
2023-06-12,Mouse,Accessories,West,7,5607,1288.04,6,2023,801.0,0.22971999286606026,184.00571428571428
2022-11-24,Smartwatch,Electronics,South,6,3504,980.7,11,2022,584.0,0.2798801369863014,163.45000000000002
2024-11-21,Mouse,Accessories,North,4,796,75.15,11,2024,199.0,0.09440954773869348,18.7875
2024-08-14,Monitor,Accessories,North,1,342,37.64,8,2024,342.0,0.11005847953216374,37.64
2024-08-14,Monitor,Accessories,South,7,6769,1549.67,8,2024,967.0,0.22893632737479688,221.3814285714286
2023-08-29,Headphones,Accessories,South,9,10080,1794.73,8,2023,1120.0,0.17804861111111112,199.41444444444446
2024-01-11,Smartwatch,Electronics,East,7,3948,758.36,1,2024,564.0,0.1920871327254306,108.33714285714287
2023-06-27,Headphones,Accessories,South,4,1488,74.52,6,2023,372.0,0.05008064516129032,18.63
2024-01-17,Mouse,Accessories,South,5,1200,201.8,1,2024,240.0,0.1681666666666667,40.36
2023-01-10,Smartwatch,Electronics,North,4,4476,977.6,1,2023,1119.0,0.21840929401251116,244.4
2023-08-01,Monitor,Accessories,West,1,1178,292.15,8,2023,1178.0,0.2480050933786078,292.15
2024-12-26,Smartwatch,Electronics,South,8,2888,149.92,12,2024,361.0,0.051911357340720214,18.74
2024-12-13,Smartphone,Electronics,South,6,1704,193.18,12,2024,284.0,0.11336854460093897,32.196666666666665
2022-10-17,Printer,Office,West,8,4200,1017.94,10,2022,525.0,0.24236666666666667,127.2425
2024-03-12,Keyboard,Accessories,East,7,4417,562.79,3,2024,631.0,0.12741453475209416,80.39857142857143
2024-05-20,Camera,Electronics,West,4,764,178.83,5,2024,191.0,0.23407068062827227,44.7075
2024-06-28,Headphones,Accessories,South,4,4000,964.43,6,2024,1000.0,0.24110749999999997,241.1075
2024-10-21,Monitor,Accessories,East,9,2331,558.0,10,2024,259.0,0.23938223938223938,62.0
2023-01-31,Mouse,Accessories,West,9,8172,1296.29,1,2023,908.0,0.15862579539892316,144.03222222222223
2024-12-20,Laptop,Electronics,North,1,761,61.15,12,2024,761.0,0.08035479632063075,61.15
2023-11-25,Camera,Electronics,East,2,494,56.41,11,2023,247.0,0.11419028340080971,28.205
2023-09-05,Headphones,Accessories,East,2,194,52.16,9,2023,97.0,0.2688659793814433,26.08
2024-03-20,Tablet,Electronics,West,6,5820,1423.67,3,2024,970.0,0.24461683848797253,237.27833333333334
2022-04-11,Camera,Electronics,North,5,410,121.77,4,2022,82.0,0.297,24.354
2024-12-06,Smartphone,Electronics,East,6,1254,360.87,12,2024,209.0,0.2877751196172249,60.145
2022-06-04,Tablet,Electronics,East,6,3432,452.4,6,2022,572.0,0.1318181818181818,75.39999999999999
2024-03-22,Camera,Electronics,North,4,3792,997.99,3,2024,948.0,0.2631830168776371,249.4975
2024-11-19,Tablet,Electronics,West,7,546,117.9,11,2024,78.0,0.21593406593406594,16.842857142857145
2022-02-24,Smartwatch,Electronics,East,3,1452,217.06,2,2022,484.0,0.14949035812672176,72.35333333333334
2022-11-14,Keyboard,Accessories,West,8,9296,1556.05,11,2022,1162.0,0.1673891996557659,194.50625
2023-12-01,Mouse,Accessories,North,1,1160,149.81,12,2023,1160.0,0.12914655172413794,149.81
2024-01-14,Laptop,Electronics,West,6,4728,682.01,1,2024,788.0,0.14424915397631133,113.66833333333334
2023-02-12,Camera,Electronics,North,6,1836,508.81,2,2023,306.0,0.2771296296296296,84.80166666666666
2023-09-13,Smartwatch,Electronics,South,7,6237,1784.89,9,2023,891.0,0.28617764951098285,254.98428571428573
2024-09-01,Laptop,Electronics,West,5,5845,941.79,9,2024,1169.0,0.1611274593669803,188.358
2023-12-27,Monitor,Accessories,South,9,6138,851.14,12,2023,682.0,0.1386673183447377,94.57111111111111
2022-03-23,Camera,Electronics,West,2,1416,136.75,3,2022,708.0,0.09657485875706215,68.375
2024-12-27,Keyboard,Accessories,West,3,1851,348.9,12,2024,617.0,0.1884927066450567,116.3
2022-11-10,Printer,Office,South,9,7452,1259.82,11,2022,828.0,0.16905797101449274,139.98
2023-11-29,Tablet,Electronics,North,5,1630,190.38,11,2023,326.0,0.11679754601226994,38.076
2022-08-16,Camera,Electronics,West,6,4800,930.44,8,2022,800.0,0.1938416666666667,155.07333333333335
2023-11-23,Smartwatch,Electronics,South,1,61,16.11,11,2023,61.0,0.2640983606557377,16.11
2023-09-21,Monitor,Accessories,East,6,942,80.27,9,2023,157.0,0.08521231422505307,13.378333333333332
2023-07-30,Smartphone,Electronics,South,8,7640,1663.63,7,2023,955.0,0.21775261780104713,207.95375
2022-05-12,Camera,Electronics,South,5,4540,939.71,5,2022,908.0,0.20698458149779736,187.942
2022-11-27,Headphones,Accessories,North,1,1030,190.47,11,2022,1030.0,0.1849223300970874,190.47
2023-09-20,Printer,Office,North,2,384,30.84,9,2023,192.0,0.0803125,15.42
2024-11-24,Smartwatch,Electronics,West,8,8560,991.94,11,2024,1070.0,0.11588084112149534,123.9925
2022-08-23,Camera,Electronics,West,9,1557,117.36,8,2022,173.0,0.0753757225433526,13.04
2023-05-04,Tablet,Electronics,East,7,707,124.59,5,2023,101.0,0.17622347949080622,17.798571428571428
2022-08-05,Mouse,Accessories,West,5,3405,476.39,8,2022,681.0,0.13990895741556533,95.27799999999999
2024-11-15,Tablet,Electronics,West,6,4722,522.16,11,2024,787.0,0.11058026260059296,87.02666666666666
2022-01-04,Headphones,Accessories,North,2,2150,625.93,1,2022,1075.0,0.2911302325581395,312.965
2022-11-04,Monitor,Accessories,West,7,3619,827.39,11,2022,517.0,0.22862392926222713,118.19857142857143
2023-08-09,Smartwatch,Electronics,South,4,3892,909.22,8,2023,973.0,0.2336125385405961,227.305
2022-08-02,Camera,Electronics,South,1,54,13.29,8,2022,54.0,0.24611111111111109,13.29
2023-12-04,Keyboard,Accessories,South,1,612,136.25,12,2023,612.0,0.22263071895424835,136.25
2022-09-03,Monitor,Accessories,East,5,3850,419.55,9,2022,770.0,0.10897402597402597,83.91
2024-04-20,Camera,Electronics,East,5,3005,389.93,4,2024,601.0,0.1297603993344426,77.986
2024-07-15,Headphones,Accessories,North,9,5256,1296.65,7,2024,584.0,0.24669901065449013,144.07222222222222
2023-03-13,Printer,Office,East,6,3576,1033.3,3,2023,596.0,0.28895413870246084,172.21666666666667
2022-11-08,Tablet,Electronics,West,5,3415,496.48,11,2022,683.0,0.14538213762811128,99.296
2023-01-13,Camera,Electronics,West,3,1722,203.04,1,2023,574.0,0.11790940766550523,67.67999999999999
2022-04-14,Mouse,Accessories,East,8,4088,853.36,4,2022,511.0,0.20874755381604698,106.67
2024-02-09,Headphones,Accessories,West,5,5320,882.84,2,2024,1064.0,0.16594736842105265,176.568
2022-11-27,Mouse,Accessories,West,6,3660,1079.0,11,2022,610.0,0.2948087431693989,179.83333333333334
2024-05-13,Camera,Electronics,West,6,5250,1228.49,5,2024,875.0,0.23399809523809523,204.74833333333333
2022-04-17,Laptop,Electronics,North,4,328,90.89,4,2022,82.0,0.27710365853658536,22.7225
2023-09-29,Smartphone,Electronics,West,7,1596,359.71,9,2023,228.0,0.22538220551378446,51.387142857142855
2023-02-11,Printer,Office,South,7,2443,661.21,2,2023,349.0,0.2706549324600901,94.45857142857143
2023-07-23,Smartwatch,Electronics,East,7,5432,870.08,7,2023,776.0,0.16017673048600883,124.29714285714286
2022-04-04,Printer,Office,North,3,1254,221.19,4,2022,418.0,0.17638755980861243,73.73
2022-02-19,Tablet,Electronics,East,5,5495,1276.27,2,2022,1099.0,0.23226023657870792,255.254
2023-12-07,Headphones,Accessories,North,4,596,72.65,12,2023,149.0,0.12189597315436243,18.1625
2024-10-18,Printer,Office,South,6,3696,597.66,10,2024,616.0,0.16170454545454543,99.61
2022-04-18,Mouse,Accessories,North,6,4488,939.05,4,2022,748.0,0.20923573975044563,156.50833333333333
2023-10-18,Camera,Electronics,West,6,6846,932.21,10,2023,1141.0,0.1361685655857435,155.36833333333334
2023-12-29,Mouse,Accessories,West,8,2960,607.64,12,2023,370.0,0.20528378378378379,75.955
2023-07-31,Smartphone,Electronics,South,1,419,99.5,7,2023,419.0,0.23747016706443913,99.5
2024-09-03,Laptop,Electronics,West,6,6246,327.14,9,2024,1041.0,0.052375920589177075,54.52333333333333
2022-09-12,Tablet,Electronics,South,4,1900,372.18,9,2022,475.0,0.1958842105263158,93.045
2023-06-08,Monitor,Accessories,North,7,3451,397.29,6,2023,493.0,0.1151231527093596,56.75571428571429
2024-11-24,Smartphone,Electronics,West,2,1612,344.37,11,2024,806.0,0.2136290322580645,172.185
2022-08-13,Laptop,Electronics,South,5,4445,642.83,8,2022,889.0,0.14461867266591677,128.566
2024-08-06,Smartwatch,Electronics,North,5,720,63.84,8,2024,144.0,0.08866666666666667,12.768
2024-04-16,Mouse,Accessories,East,2,1428,234.49,4,2024,714.0,0.16420868347338935,117.245
2024-12-27,Tablet,Electronics,East,4,3532,665.2,12,2024,883.0,0.1883352208380521,166.3
2024-09-08,Camera,Electronics,North,6,6528,549.62,9,2024,1088.0,0.08419424019607843,91.60333333333334
2023-09-04,Monitor,Accessories,East,1,743,216.5,9,2023,743.0,0.2913862718707941,216.5
2023-10-13,Smartwatch,Electronics,East,6,1758,287.36,10,2023,293.0,0.1634584755403868,47.89333333333334
2023-11-29,Headphones,Accessories,South,8,1008,100.61,11,2023,126.0,0.09981150793650793,12.57625
2024-10-21,Smartphone,Electronics,East,1,995,149.86,10,2024,995.0,0.15061306532663318,149.86
2024-10-05,Keyboard,Accessories,West,9,4032,876.91,10,2024,448.0,0.2174875992063492,97.43444444444444
2022-10-29,Smartphone,Electronics,East,6,480,131.08,10,2022,80.0,0.27308333333333334,21.846666666666668
2024-10-25,Laptop,Electronics,East,1,989,149.99,10,2024,989.0,0.1516582406471183,149.99
2022-01-24,Smartphone,Electronics,North,9,6606,759.55,1,2022,734.0,0.11497880714501967,84.39444444444445
2024-02-06,Smartwatch,Electronics,East,6,912,256.58,2,2024,152.0,0.2813377192982456,42.76333333333333
2022-07-21,Mouse,Accessories,South,4,2912,331.11,7,2022,728.0,0.11370535714285715,82.7775
2023-02-03,Camera,Electronics,West,5,845,69.35,2,2023,169.0,0.08207100591715975,13.87
2023-08-10,Monitor,Accessories,South,4,2804,382.82,8,2023,701.0,0.13652639087018545,95.705
2024-12-28,Laptop,Electronics,East,2,208,11.53,12,2024,104.0,0.05543269230769231,5.765
2022-11-19,Smartwatch,Electronics,East,1,379,42.24,11,2022,379.0,0.11145118733509235,42.24
2024-05-18,Mouse,Accessories,West,3,1227,113.38,5,2024,409.0,0.0924042379788101,37.79333333333333
2023-08-03,Headphones,Accessories,East,7,5551,392.37,8,2023,793.0,0.07068456134029905,56.05285714285714
2022-08-06,Headphones,Accessories,West,1,423,115.44,8,2022,423.0,0.27290780141843973,115.44
2022-01-26,Headphones,Accessories,West,6,5982,944.81,1,2022,997.0,0.15794215981277163,157.46833333333333
2022-12-07,Smartphone,Electronics,West,4,3732,468.6,12,2022,933.0,0.12556270096463024,117.15
2023-03-02,Printer,Office,North,9,5904,1152.23,3,2023,656.0,0.19516090785907858,128.02555555555557
2024-02-01,Headphones,Accessories,East,5,1810,171.47,2,2024,362.0,0.09473480662983426,34.294
2023-01-30,Smartphone,Electronics,South,6,5604,615.07,1,2023,934.0,0.10975553176302642,102.51166666666667
2022-04-28,Laptop,Electronics,West,2,432,81.31,4,2022,216.0,0.1882175925925926,40.655
2024-11-27,Keyboard,Accessories,East,2,416,68.58,11,2024,208.0,0.16485576923076922,34.29
2022-09-07,Monitor,Accessories,North,8,1224,281.43,9,2022,153.0,0.2299264705882353,35.17875
2022-03-12,Printer,Office,West,8,5168,672.6,3,2022,646.0,0.13014705882352942,84.075
2022-11-10,Monitor,Accessories,East,6,6522,502.98,11,2022,1087.0,0.07712051517939282,83.83
2022-09-03,Keyboard,Accessories,South,5,1090,140.7,9,2022,218.0,0.12908256880733943,28.139999999999997
2024-09-30,Laptop,Electronics,South,3,1737,353.17,9,2024,579.0,0.203321819228555,117.72333333333334
2024-03-08,Printer,Office,West,9,7281,1358.17,3,2024,809.0,0.18653619008377972,150.9077777777778
2024-03-19,Smartwatch,Electronics,South,9,5832,1007.54,3,2024,648.0,0.17276063100137173,111.94888888888889
2024-07-21,Printer,Office,East,9,7020,623.97,7,2024,780.0,0.0888846153846154,69.33
2023-06-07,Mouse,Accessories,South,3,2001,420.08,6,2023,667.0,0.2099350324837581,140.02666666666667
2024-08-13,Monitor,Accessories,West,2,1832,489.21,8,2024,916.0,0.26703602620087336,244.605
2024-05-05,Smartwatch,Electronics,East,6,3372,934.42,5,2024,562.0,0.2771115065243179,155.73666666666665
2024-12-20,Tablet,Electronics,West,6,3384,503.86,12,2024,564.0,0.14889479905437353,83.97666666666667
2024-11-30,Monitor,Accessories,East,1,351,31.95,11,2024,351.0,0.09102564102564102,31.95
2024-12-16,Camera,Electronics,South,2,2092,549.42,12,2024,1046.0,0.2626290630975143,274.71
2023-03-19,Monitor,Accessories,South,7,1309,138.46,3,2023,187.0,0.10577540106951873,19.78
2024-04-28,Keyboard,Accessories,North,9,6696,407.36,4,2024,744.0,0.0608363201911589,45.26222222222222
2022-09-29,Keyboard,Accessories,East,5,1020,162.36,9,2022,204.0,0.1591764705882353,32.472
2022-05-30,Keyboard,Accessories,East,8,8240,2006.72,5,2022,1030.0,0.24353398058252426,250.84
2022-10-07,Headphones,Accessories,South,9,9810,1008.6,10,2022,1090.0,0.10281345565749235,112.06666666666666
2023-01-13,Tablet,Electronics,West,1,853,97.5,1,2023,853.0,0.11430246189917936,97.5
2023-01-06,Camera,Electronics,East,4,4416,1081.53,1,2023,1104.0,0.2449116847826087,270.3825
2023-01-11,Headphones,Accessories,North,8,3832,741.44,1,2023,479.0,0.1934864300626305,92.68
2024-12-16,Monitor,Accessories,South,4,1876,221.18,12,2024,469.0,0.1178997867803838,55.295
2024-03-14,Laptop,Electronics,South,3,2634,392.21,3,2024,878.0,0.14890280941533787,130.73666666666665
2023-08-26,Laptop,Electronics,North,1,1027,259.92,8,2023,1027.0,0.25308666017526776,259.92
2023-07-10,Printer,Office,West,5,3100,911.86,7,2023,620.0,0.2941483870967742,182.372
2022-03-18,Mouse,Accessories,West,1,104,29.67,3,2022,104.0,0.28528846153846155,29.67
2024-06-18,Mouse,Accessories,East,2,1590,147.2,6,2024,795.0,0.09257861635220126,73.6
2024-08-20,Camera,Electronics,South,4,1104,63.57,8,2024,276.0,0.057581521739130434,15.8925
2024-09-18,Smartphone,Electronics,South,3,1851,198.71,9,2024,617.0,0.10735278227984874,66.23666666666666
2024-11-06,Smartphone,Electronics,South,2,1408,193.09,11,2024,704.0,0.1371377840909091,96.545
2022-05-24,Laptop,Electronics,South,7,4641,1341.98,5,2022,663.0,0.28915750915750915,191.71142857142857
2022-10-01,Tablet,Electronics,West,7,2611,539.37,10,2022,373.0,0.20657602451168136,77.05285714285715
2023-12-05,Laptop,Electronics,North,4,3824,711.92,12,2023,956.0,0.1861715481171548,177.98
2023-03-08,Smartphone,Electronics,East,2,2042,501.34,3,2023,1021.0,0.24551420176297747,250.67
2023-07-30,Tablet,Electronics,North,6,6378,1408.28,7,2023,1063.0,0.2208027594857322,234.71333333333334
2023-03-14,Camera,Electronics,East,4,4692,409.07,3,2023,1173.0,0.0871845694799659,102.2675
2024-06-30,Laptop,Electronics,West,6,6234,1829.07,6,2024,1039.0,0.29340230991337823,304.84499999999997
2024-09-25,Smartphone,Electronics,West,4,1852,535.07,9,2024,463.0,0.288914686825054,133.7675
2022-02-05,Monitor,Accessories,South,3,3075,804.06,2,2022,1025.0,0.26148292682926827,268.02
2023-10-24,Printer,Office,North,5,370,92.45,10,2023,74.0,0.24986486486486487,18.490000000000002
2024-12-11,Keyboard,Accessories,North,6,624,66.99,12,2024,104.0,0.10735576923076923,11.165
2023-07-13,Smartwatch,Electronics,South,2,1734,310.76,7,2023,867.0,0.1792156862745098,155.38
2023-05-05,Printer,Office,West,9,2268,361.62,5,2023,252.0,0.15944444444444444,40.18
2022-08-31,Camera,Electronics,East,5,3670,924.95,8,2022,734.0,0.2520299727520436,184.99
2024-08-16,Smartwatch,Electronics,North,7,4634,1358.44,8,2024,662.0,0.29314630988347,194.06285714285715
2024-01-20,Headphones,Accessories,North,9,1440,94.41,1,2024,160.0,0.0655625,10.49
2023-04-11,Laptop,Electronics,West,6,5136,1225.4,4,2023,856.0,0.23859034267912774,204.23333333333335
2024-09-20,Smartphone,Electronics,East,1,166,31.72,9,2024,166.0,0.1910843373493976,31.72
2022-02-03,Keyboard,Accessories,East,3,1422,328.98,2,2022,474.0,0.23135021097046415,109.66000000000001
2023-09-11,Headphones,Accessories,East,8,1832,532.97,9,2023,229.0,0.29092248908296947,66.62125
2022-10-29,Printer,Office,South,1,668,94.08,10,2022,668.0,0.1408383233532934,94.08
2024-12-22,Camera,Electronics,West,6,1272,336.3,12,2024,212.0,0.2643867924528302,56.050000000000004
2023-06-26,Keyboard,Accessories,North,8,984,72.54,6,2023,123.0,0.07371951219512196,9.0675
2024-07-25,Printer,Office,South,7,7896,484.76,7,2024,1128.0,0.061393110435663624,69.25142857142858
2022-11-12,Smartphone,Electronics,North,1,636,42.4,11,2022,636.0,0.06666666666666667,42.4
2023-08-05,Laptop,Electronics,North,3,2031,450.23,8,2023,677.0,0.22167897587395372,150.07666666666668
2022-02-23,Mouse,Accessories,West,9,3186,483.22,2,2022,354.0,0.15166980539861896,53.69111111111111
2022-05-06,Headphones,Accessories,South,1,134,33.12,5,2022,134.0,0.2471641791044776,33.12
2024-04-27,Tablet,Electronics,South,5,1765,347.42,4,2024,353.0,0.19683852691218132,69.48400000000001
2023-07-28,Keyboard,Accessories,East,4,3628,717.81,7,2023,907.0,0.19785281146637265,179.4525
2024-12-06,Monitor,Accessories,West,4,1000,198.92,12,2024,250.0,0.19891999999999999,49.73
2023-03-08,Camera,Electronics,North,2,2134,119.89,3,2023,1067.0,0.05618088097469541,59.945
2023-05-25,Smartwatch,Electronics,North,7,6706,1687.22,5,2023,958.0,0.2515985684461676,241.03142857142856
2024-11-03,Laptop,Electronics,East,3,321,72.13,11,2024,107.0,0.22470404984423675,24.043333333333333
2023-02-19,Camera,Electronics,South,3,3126,710.14,2,2023,1042.0,0.22717210492642353,236.71333333333334
2023-11-05,Monitor,Accessories,South,7,5446,697.21,11,2023,778.0,0.12802240176276167,99.60142857142857
2023-05-02,Tablet,Electronics,East,1,1131,140.55,5,2023,1131.0,0.12427055702917773,140.55
2023-07-24,Printer,Office,East,2,1946,141.75,7,2023,973.0,0.07284172661870504,70.875
2023-09-16,Laptop,Electronics,North,7,6818,1348.26,9,2023,974.0,0.19775007333528893,192.60857142857142
2023-03-29,Smartphone,Electronics,East,7,2317,677.61,3,2023,331.0,0.29245144583513166,96.80142857142857
2023-01-27,Smartwatch,Electronics,East,6,396,89.51,1,2023,66.0,0.22603535353535356,14.918333333333335
2023-11-16,Smartphone,Electronics,South,1,558,49.81,11,2023,558.0,0.0892652329749104,49.81
2023-03-21,Smartphone,Electronics,East,9,2034,593.13,3,2023,226.0,0.2916076696165192,65.90333333333334
2022-06-01,Mouse,Accessories,West,8,6080,1171.93,6,2022,760.0,0.19275164473684211,146.49125
2023-02-04,Smartwatch,Electronics,East,2,1378,183.1,2,2023,689.0,0.13287373004354136,91.55
2024-03-04,Monitor,Accessories,East,3,483,120.11,3,2024,161.0,0.24867494824016564,40.03666666666667
2022-10-19,Keyboard,Accessories,South,8,7864,1615.58,10,2022,983.0,0.20543997965412003,201.9475
2022-01-27,Printer,Office,North,2,1268,141.76,1,2022,634.0,0.1117981072555205,70.88
2022-10-06,Printer,Office,West,6,3774,606.94,10,2022,629.0,0.16082140964493907,101.15666666666668
2023-09-16,Smartwatch,Electronics,East,9,9090,727.64,9,2023,1010.0,0.08004840484048405,80.8488888888889
2024-01-10,Camera,Electronics,North,5,3720,1077.21,1,2024,744.0,0.2895725806451613,215.442
2022-07-02,Smartphone,Electronics,East,8,8896,1825.26,7,2022,1112.0,0.20517760791366907,228.1575
2024-10-01,Mouse,Accessories,South,4,3264,639.8,10,2024,816.0,0.1960171568627451,159.95
2023-03-04,Printer,Office,West,2,146,15.48,3,2023,73.0,0.10602739726027398,7.74
2024-05-26,Headphones,Accessories,East,3,1683,129.64,5,2024,561.0,0.07702911467617349,43.21333333333333
2022-01-10,Camera,Electronics,West,7,6076,788.14,1,2022,868.0,0.12971362738643843,112.59142857142857
2023-07-19,Smartwatch,Electronics,West,2,2388,492.54,7,2023,1194.0,0.2062562814070352,246.27
2023-07-11,Smartphone,Electronics,East,6,882,180.63,7,2023,147.0,0.20479591836734692,30.105
2022-06-05,Laptop,Electronics,West,3,3561,206.87,6,2022,1187.0,0.05809323223813535,68.95666666666666
2024-10-20,Tablet,Electronics,East,7,3395,350.26,10,2024,485.0,0.10316936671575846,50.037142857142854
2022-01-31,Smartphone,Electronics,South,6,3366,460.75,1,2022,561.0,0.136883541295306,76.79166666666667
2022-11-30,Mouse,Accessories,East,2,630,144.14,11,2022,315.0,0.22879365079365077,72.07
2023-07-14,Camera,Electronics,South,1,440,34.74,7,2023,440.0,0.07895454545454546,34.74
2024-09-22,Smartwatch,Electronics,East,6,6462,1466.15,9,2024,1077.0,0.22688796038378212,244.35833333333335
2024-12-29,Monitor,Accessories,South,6,5004,1197.36,12,2024,834.0,0.23928057553956833,199.55999999999997
2022-02-16,Laptop,Electronics,South,8,1840,461.21,2,2022,230.0,0.2506576086956522,57.65125
2022-11-06,Tablet,Electronics,South,7,4466,763.14,11,2022,638.0,0.17087774294670846,109.02
2022-12-27,Tablet,Electronics,South,6,3048,823.36,12,2022,508.0,0.27013123359580055,137.22666666666666
2024-06-03,Mouse,Accessories,South,7,4977,516.7,6,2024,711.0,0.10381756077958611,73.81428571428572
2022-07-01,Keyboard,Accessories,South,3,2010,387.31,7,2022,670.0,0.19269154228855723,129.10333333333332
2022-01-30,Camera,Electronics,South,8,5352,1133.57,1,2022,669.0,0.21180306427503737,141.69625
2024-01-07,Camera,Electronics,North,4,4136,294.21,1,2024,1034.0,0.07113394584139264,73.5525
2022-04-30,Camera,Electronics,West,8,6336,439.42,4,2022,792.0,0.06935290404040405,54.9275
2023-11-28,Laptop,Electronics,East,9,5481,1540.75,11,2023,609.0,0.2811074621419449,171.19444444444446
2024-10-15,Camera,Electronics,West,6,6366,318.97,10,2024,1061.0,0.05010524662268301,53.16166666666667
2023-09-20,Printer,Office,West,1,623,81.24,9,2023,623.0,0.13040128410914928,81.24
2024-12-20,Mouse,Accessories,South,3,237,49.94,12,2024,79.0,0.21071729957805907,16.646666666666665
2022-03-18,Keyboard,Accessories,North,9,8370,1525.8,3,2022,930.0,0.18229390681003585,169.53333333333333
2023-04-11,Headphones,Accessories,South,5,4965,774.74,4,2023,993.0,0.15604028197381672,154.948
2024-08-04,Camera,Electronics,South,7,7791,1844.69,8,2024,1113.0,0.2367719163136953,263.52714285714285
2024-09-29,Smartphone,Electronics,West,1,158,32.89,9,2024,158.0,0.20816455696202532,32.89
2023-03-11,Keyboard,Accessories,West,7,4347,712.79,3,2023,621.0,0.16397285484242005,101.82714285714285
2022-09-13,Smartphone,Electronics,East,4,3364,527.28,9,2022,841.0,0.15674197384066588,131.82
2023-07-29,Camera,Electronics,South,3,1098,77.81,7,2023,366.0,0.07086520947176685,25.936666666666667
2022-05-14,Headphones,Accessories,West,3,1083,257.44,5,2022,361.0,0.2377100646352724,85.81333333333333
2022-09-09,Laptop,Electronics,East,4,1628,314.96,9,2022,407.0,0.19346437346437345,78.74
2024-11-19,Keyboard,Accessories,South,4,1472,387.27,11,2024,368.0,0.26309103260869565,96.8175
2024-09-19,Printer,Office,West,9,3753,1114.87,9,2024,417.0,0.29706101785238476,123.87444444444444
2023-07-03,Monitor,Accessories,South,6,6402,1602.79,7,2023,1067.0,0.2503577007185255,267.13166666666666
2024-04-17,Monitor,Accessories,West,3,2565,510.73,4,2024,855.0,0.1991150097465887,170.24333333333334
2024-10-18,Mouse,Accessories,South,3,2214,127.34,10,2024,738.0,0.05751580849141825,42.446666666666665
2024-06-16,Monitor,Accessories,West,3,975,291.81,6,2024,325.0,0.2992923076923077,97.27
2023-10-14,Printer,Office,East,8,3312,854.12,10,2023,414.0,0.2578864734299517,106.765
2023-10-12,Printer,Office,East,1,267,41.85,10,2023,267.0,0.15674157303370786,41.85
2022-04-11,Smartphone,Electronics,East,9,8145,2384.42,4,2022,905.0,0.29274647022713324,264.93555555555554
2022-01-06,Printer,Office,North,1,232,34.26,1,2022,232.0,0.14767241379310345,34.26
2024-10-06,Smartphone,Electronics,North,3,300,38.44,10,2024,100.0,0.12813333333333332,12.813333333333333
2024-02-27,Monitor,Accessories,East,2,2248,473.21,2,2024,1124.0,0.2105026690391459,236.605
2023-10-10,Monitor,Accessories,North,6,1614,166.62,10,2023,269.0,0.10323420074349443,27.77
2022-05-03,Monitor,Accessories,West,2,1476,195.74,5,2022,738.0,0.13261517615176152,97.87
2024-11-05,Printer,Office,South,5,4375,347.43,11,2024,875.0,0.07941257142857143,69.486
2024-09-03,Smartwatch,Electronics,North,4,1064,263.48,9,2024,266.0,0.24763157894736842,65.87
2022-10-04,Headphones,Accessories,North,6,1068,190.77,10,2022,178.0,0.178623595505618,31.795
2023-12-17,Keyboard,Accessories,East,1,190,27.43,12,2023,190.0,0.1443684210526316,27.43
2022-06-27,Printer,Office,South,7,7868,862.38,6,2022,1124.0,0.10960599898322318,123.19714285714285
2024-12-03,Keyboard,Accessories,North,3,1239,143.35,12,2024,413.0,0.11569814366424536,47.78333333333333
2023-09-10,Monitor,Accessories,East,2,1394,408.32,9,2023,697.0,0.2929124820659971,204.16
2024-02-07,Smartphone,Electronics,North,5,2060,403.19,2,2024,412.0,0.1957233009708738,80.638
2023-06-09,Laptop,Electronics,East,1,1060,57.26,6,2023,1060.0,0.0540188679245283,57.26
2022-12-16,Monitor,Accessories,North,7,7812,1478.43,12,2022,1116.0,0.18925115207373272,211.20428571428573
2024-06-17,Camera,Electronics,North,7,7077,804.15,6,2024,1011.0,0.11362865621025858,114.87857142857142
2023-06-10,Smartphone,Electronics,West,7,5712,929.42,6,2023,816.0,0.16271358543417366,132.7742857142857
2023-01-22,Printer,Office,North,6,4146,966.79,1,2023,691.0,0.23318620356970574,161.13166666666666
2024-06-18,Tablet,Electronics,West,2,992,238.18,6,2024,496.0,0.2401008064516129,119.09
2022-04-13,Smartwatch,Electronics,North,2,1756,165.6,4,2022,878.0,0.09430523917995444,82.8
2023-04-09,Monitor,Accessories,West,4,3632,566.81,4,2023,908.0,0.1560600220264317,141.7025
2024-03-17,Headphones,Accessories,East,4,3912,550.09,3,2024,978.0,0.14061605316973416,137.5225
2023-05-19,Printer,Office,North,9,3123,741.23,5,2023,347.0,0.23734550112071726,82.35888888888888
2022-09-20,Printer,Office,West,4,700,120.19,9,2022,175.0,0.1717,30.0475
2022-11-02,Tablet,Electronics,South,8,408,83.16,11,2022,51.0,0.2038235294117647,10.395
2022-12-18,Smartphone,Electronics,South,4,4056,768.81,12,2022,1014.0,0.1895488165680473,192.2025
2024-05-07,Laptop,Electronics,West,1,770,121.75,5,2024,770.0,0.15811688311688313,121.75
2022-02-07,Smartwatch,Electronics,North,3,531,73.35,2,2022,177.0,0.13813559322033897,24.45
2023-06-03,Monitor,Accessories,South,5,280,79.77,6,2023,56.0,0.2848928571428571,15.953999999999999
2024-04-01,Laptop,Electronics,East,7,4550,892.73,4,2024,650.0,0.19620439560439562,127.53285714285714
2023-04-07,Smartwatch,Electronics,West,5,2480,601.66,4,2023,496.0,0.24260483870967742,120.332
2022-05-18,Printer,Office,West,6,2604,305.73,5,2022,434.0,0.1174078341013825,50.955000000000005
2022-02-25,Keyboard,Accessories,West,7,1351,310.03,2,2022,193.0,0.22948186528497408,44.29
2023-09-03,Monitor,Accessories,South,5,4615,251.0,9,2023,923.0,0.05438786565547129,50.2
2024-03-22,Mouse,Accessories,West,1,829,165.05,3,2024,829.0,0.19909529553679134,165.05
2024-03-15,Camera,Electronics,West,3,177,43.41,3,2024,59.0,0.24525423728813558,14.469999999999999
2022-12-23,Headphones,Accessories,West,1,1086,161.05,12,2022,1086.0,0.14829650092081031,161.05
2023-04-26,Laptop,Electronics,South,5,275,64.9,4,2023,55.0,0.23600000000000002,12.98
2022-12-15,Mouse,Accessories,North,1,564,164.5,12,2022,564.0,0.2916666666666667,164.5
2024-08-13,Keyboard,Accessories,South,2,684,71.39,8,2024,342.0,0.10437134502923977,35.695
2023-10-20,Laptop,Electronics,South,4,2656,687.63,10,2023,664.0,0.2588968373493976,171.9075
2024-07-12,Laptop,Electronics,West,5,1190,346.79,7,2024,238.0,0.2914201680672269,69.358
2024-12-01,Printer,Office,South,6,4854,510.88,12,2024,809.0,0.10524927894519984,85.14666666666666
2024-02-14,Printer,Office,West,5,1060,217.96,2,2024,212.0,0.20562264150943396,43.592
2024-08-31,Laptop,Electronics,South,3,1527,364.05,8,2024,509.0,0.23840864440078585,121.35000000000001
2023-10-19,Mouse,Accessories,East,4,1168,177.54,10,2023,292.0,0.15200342465753425,44.385
2023-04-16,Tablet,Electronics,South,8,6328,1257.81,4,2023,791.0,0.1987689633375474,157.22625
2024-06-17,Smartphone,Electronics,North,3,2193,477.95,6,2024,731.0,0.2179434564523484,159.31666666666666
2023-04-28,Smartwatch,Electronics,East,8,7600,1099.88,4,2023,950.0,0.14472105263157897,137.485
2023-03-15,Printer,Office,West,9,1764,322.11,3,2023,196.0,0.18260204081632653,35.79
2022-05-20,Keyboard,Accessories,East,2,1270,84.29,5,2022,635.0,0.06637007874015749,42.145
2023-01-21,Tablet,Electronics,North,1,607,33.77,1,2023,607.0,0.0556342668863262,33.77
2023-03-23,Mouse,Accessories,South,2,1672,469.64,3,2023,836.0,0.28088516746411485,234.82
2023-06-28,Keyboard,Accessories,South,6,5718,1358.26,6,2023,953.0,0.23754109828611403,226.37666666666667
2022-04-30,Headphones,Accessories,South,8,584,107.27,4,2022,73.0,0.18368150684931506,13.40875
2023-03-24,Camera,Electronics,West,7,7455,966.64,3,2023,1065.0,0.129663313212609,138.09142857142857
2022-03-25,Keyboard,Accessories,North,7,7679,2270.08,3,2022,1097.0,0.29562182575856233,324.29714285714283
2022-06-02,Tablet,Electronics,West,7,847,154.05,6,2022,121.0,0.18187721369539553,22.00714285714286
2022-07-31,Mouse,Accessories,West,3,1278,178.78,7,2022,426.0,0.1398904538341158,59.593333333333334
2024-01-21,Keyboard,Accessories,East,8,6592,1024.82,1,2024,824.0,0.1554641990291262,128.1025
2023-09-13,Monitor,Accessories,East,8,3544,454.14,9,2023,443.0,0.1281433408577878,56.7675
2023-12-19,Camera,Electronics,West,3,1959,274.27,12,2023,653.0,0.14000510464522714,91.42333333333333
2022-08-02,Mouse,Accessories,South,6,3384,924.03,8,2022,564.0,0.2730585106382979,154.005
2023-11-25,Smartphone,Electronics,North,1,307,50.2,11,2023,307.0,0.16351791530944626,50.2
2022-07-29,Camera,Electronics,West,9,10017,1468.72,7,2022,1113.0,0.14662274133972247,163.19111111111113
2024-11-04,Tablet,Electronics,South,7,7931,504.39,11,2024,1133.0,0.06359727650989787,72.05571428571429
2024-10-20,Laptop,Electronics,North,2,1168,198.4,10,2024,584.0,0.16986301369863013,99.2
2024-03-19,Smartphone,Electronics,South,9,9765,909.99,3,2024,1085.0,0.0931889400921659,101.11
2023-09-21,Tablet,Electronics,South,8,1456,271.26,9,2023,182.0,0.18630494505494505,33.9075
2022-12-11,Smartphone,Electronics,South,5,950,61.9,12,2022,190.0,0.06515789473684211,12.379999999999999
2022-06-24,Smartwatch,Electronics,West,2,2314,600.76,6,2022,1157.0,0.25961970613656005,300.38
2023-10-06,Smartwatch,Electronics,North,1,915,264.3,10,2023,915.0,0.28885245901639345,264.3
2022-12-06,Laptop,Electronics,North,1,290,61.14,12,2022,290.0,0.21082758620689657,61.14
2022-01-15,Tablet,Electronics,North,7,3584,940.88,1,2022,512.0,0.2625223214285714,134.41142857142856
2024-03-04,Mouse,Accessories,West,6,1254,205.57,3,2024,209.0,0.16393141945773523,34.26166666666666
2023-01-24,Laptop,Electronics,North,5,2410,636.83,1,2023,482.0,0.2642448132780083,127.36600000000001
2023-10-01,Printer,Office,North,2,800,118.68,10,2023,400.0,0.14835,59.34
2022-06-28,Smartwatch,Electronics,West,5,990,87.61,6,2022,198.0,0.08849494949494949,17.522
2023-05-14,Laptop,Electronics,West,9,9702,2771.49,5,2023,1078.0,0.28566171923314776,307.9433333333333
2023-09-04,Keyboard,Accessories,East,8,5888,354.27,9,2023,736.0,0.06016813858695652,44.28375
2023-09-20,Tablet,Electronics,East,4,1768,345.33,9,2023,442.0,0.19532239819004524,86.3325
2022-06-01,Headphones,Accessories,North,2,1022,76.04,6,2022,511.0,0.07440313111545989,38.02
2023-12-03,Tablet,Electronics,North,3,2883,671.91,12,2023,961.0,0.2330593132154006,223.97
2023-02-15,Monitor,Accessories,North,4,4064,771.16,2,2023,1016.0,0.18975393700787402,192.79
2022-09-18,Monitor,Accessories,East,1,1117,119.89,9,2022,1117.0,0.10733213965980304,119.89
2022-04-12,Laptop,Electronics,South,4,260,66.02,4,2022,65.0,0.2539230769230769,16.505
2022-01-18,Printer,Office,South,3,222,50.28,1,2022,74.0,0.2264864864864865,16.76
2024-11-01,Smartwatch,Electronics,East,9,10530,1777.32,11,2024,1170.0,0.16878632478632477,197.48
